[{"user_id":1,"username":"s29hygXtKr8Hm\/h8+PNSEwvMPsQGr303+fNkLGLU4cr4bvssUheNlBEk2bY4G0W80kBJjZWKuRBm8VmKl95r7w==","phone_number":"DZFiQMcM84fhS1sFDsVqpMb3OFnKKgnMwfsLcqr1LqqFuZ9wAnNElvRFSplxWEtIkDsb0DJH3TCyfXIQWGhDDw==","last_amount":"","last_used":"","promotion":"","status":"","comment":""},{"user_id":2,"username":"PW88RKsamW05aIDx\/MJNd\/Gu70Ac\/3tIAwjC5xrfVvMPq81jo+1hKuAaKLUltBLqKNQwl5Zeow45L+Yx3083frSNhLqGCuS8kZdqPNwyj1w=","phone_number":"ELhRrNwlENW2UY5OumB2j9oCoVMWjcnIa42atTC83yFsJYT2qQg6FP9mX3Qh0++WNkd\/v0mwj7eqP4VlVjL1UQ==","last_amount":"","last_used":"","promotion":"","status":"","comment":""},{"user_id":3,"username":"R6fWyaESYyolYiXxV5izvXXlaJtYl\/GTePRBuZXXuFx1iBkFIYfwqXbthFmqo0vyreFX+V2qZIvOJ8ZSn2qH\/w==","phone_number":"xDdQe6fQkotFH52hj9eOt8sT8TZlVFEhfxmxntcTkR4aaJKFChCGcYsSMVIQcxTiAvSU698\/3Oxn+\/pppvezbQ==","last_amount":"","last_used":"","promotion":"","status":"","comment":""},{"user_id":4,"username":"kDOyNgFQmoaqGQeQsX3ZpGTKs19qhOhZBWWiWzIUSlF+Wum+VFg4Yhg7CDH2ao9l0wvdc61jlZDJkqHk9aHfMg==","phone_number":"Uh2mV6SWRZY9X8801bg1UYe9oomLPbQAhoA9UfY7dghq2fhS2A9WklOdAywnzmtr4KRCotn1sNvFrCXadpt2jw==","last_amount":"","last_used":"","promotion":"","status":"","comment":""},{"user_id":5,"username":"zfAbv\/2OALGbmBQqWMwBuwvNb9YaqCx2dyyPdr96OVgBP7QKCom1VomEIIEsBjxR5wbvj3FfzsNEzHnhJRVO5g==","phone_number":"2\/4xD1zkuJkHsFcAIXpTnwgHwAbXQgAWZ1f4+QEcKW++xqFqQt+iHGF7DIwcfKWsJmD2yyiPvb1JAs+oo7pWeg==","last_amount":"","last_used":"","promotion":"","status":"","comment":""},{"user_id":6,"username":"mTKiVGd9CPk99kzdIwK8Lnrts6IIhh2PBH4Hs2PoWiAwXTg899lHMz4nDmDN4pmUrc0ihyjyN5kJIPD8W+flLlIAnlItpA+dKr+zTKd0xjw=","phone_number":"zFw4odbQBgJFc4vfuKENuvQ1rDi98waUoWpppfmcmvwjhzcgxq2rTmPQU8RAMJAoakSruqUBRou5YfeiKvdIDw==","last_amount":"","last_used":"","promotion":"","status":"","comment":""},{"user_id":7,"username":"uMP6Ry8GR67+S0RgVT5\/IF9CCXGAfcL74CWtV\/\/anO5izH3xLGFgVo71gd7QaPNVMDn1tnMKWunJfE+2kggpww==","phone_number":"poWzvXrxddLz9utGzmIyeqpRKddstc59zfpLTSmsYDTP0NPcIGhqvEkRI0xVKfYp2PBmCU7xkkJ+kwRa63Nz+g==","last_amount":"","last_used":"","promotion":"","status":"","comment":""},{"user_id":8,"username":"UCqmbaP3U+58FNPabeJaT0ZP2SSs7OGlpAgsXI7C9EPgv2Y\/aoeRgPi3KA+qIBpKpzX8t5jCFvaGs96K1uZjeQ==","phone_number":"kqB9ByeqA32qn7mtnGpwehAVNCMFQyHJ+npOzHm\/VEmJBx+XCxfs4Y7aQcEoXSjNKzoGBoFI9Q7GkbTVenFfLA==","last_amount":"","last_used":"","promotion":"","status":"","comment":""},{"user_id":9,"username":"ymMdqvmUo4SAhlav9Yi3Xdrc2r4wMWvUSGL\/xe63qIrcv\/8U1tA358RfFOnPbd+lyeZo8gQTINkM4AFX2n9z0g==","phone_number":"l5B3zH1eAibQW4ofkUtDmcodgdPv86x2zyGJwi\/+YawHyqezv6NrwvGpOQjcW4CF3+U5tBWBjLsVzFumJBnoXA==","last_amount":"","last_used":"","promotion":"","status":"","comment":""},{"user_id":10,"username":"HM1V+y0\/tTGFtfYIEhD1PISHLy2BPwX15fzJ5XkDTbQL6jsM4QZA00HiTjXhn9JTlisdB8tXKN38HLOAZP1neA==","phone_number":"j2fBHl40mCoMl9FtySry4LFn2mQjUQlbwEzeTMMlYbjZGYLkw0BdZgfUR8zEjOyUZ139km5agQRd93dt9EEzWw==","last_amount":"","last_used":"","promotion":"","status":"","comment":""},{"user_id":11,"username":"cUO2KF\/Iry\/sLYbtR4TymNRdG8I3\/EmsbrEK+ReDwwonoM8W+n3uSQj\/gB\/KAF1KrK1sGkSj7\/JSqK95\/A+I2Q==","phone_number":"fB6+\/FVc6e8EW1cYnOAnT2poXzduwAtERjDWXZ6WRbQC98Pz08EEmyLroBX7axbvJQFOAtsj8vqzG+RvbfthOA==","last_amount":"","last_used":"","promotion":"","status":"","comment":""},{"user_id":12,"username":"vFvEZi+OFyKydMqIMYlDY9lor5ZlOSaIbgD\/d5+cftiCRsuoWR+xP0oAz5ZjunZ3IBPzwH8uzd9XrHYzaRlnnQ==","phone_number":"eXstwhBRThG1OnVN\/JS\/P25Kg+kY374Bov8tqjv6VF343LTNevADelcVvJ2fi5jp26aQRBl+ZQkh2B7HbjcS7w==","last_amount":"","last_used":"","promotion":"","status":"","comment":""},{"user_id":13,"username":"vweQfUTZZax4ygnRQZrbeBqBlrBZa6IHE0BBnXYDmKHqRXqUmAwGQWvTtuU+vDHN+IkRdsl1rbIeir3\/XbPI7A==","phone_number":"kyZpLgLvBBhVvzWM3xwaepjUb3puIbGpse7Gg\/Bb4LOjhqHG3ZT2q1VpL0JKu0jvufOz53Aa25Azluw5jampFA==","last_amount":"","last_used":"","promotion":"","status":"","comment":""},{"user_id":14,"username":"Wyy2CaO52URfvNHp1JxuZQ+3jO2HhExIfQDDHtfRZ8QlGhn2h1MpBNyFJNQhTAxAoDynmxJkWfhuO1l4vN57Vg==","phone_number":"DWGTBUE1mBdGGoQjThwmMOuFeLZQjnMf8RBhqnKduKQIGKMvj+rYeMXPyFCCN7pXZfqcfX+g03sxGpyhE9mtRQ==","last_amount":"","last_used":"","promotion":"","status":"","comment":""},{"user_id":15,"username":"RusntEGDuO\/1wefGz9yM8GXsUQByzLobq8aoVvyUu\/cfoZplD7qbwKcdc6dfupMPuSAt8qe6q8LCCuJj8RrQyQ==","phone_number":"UpIgtEbNl5LMx0iA3uMRw+vetA34LHTDGnai2jFzCSKYdI8r1NpkJ6RiDE2uThyIHBJ\/puRmJH9VoQwcggYQGQ==","last_amount":"","last_used":"","promotion":"","status":"","comment":""},{"user_id":16,"username":"xpXEt4aq3D58BoqP62NhQRgUVIlWPBtsJI6pkhnwdegg4ZrASrQJPx3CN+hkAcF9lAkIoznWZxuMmF7ZudyTyQ==","phone_number":"ublOMnobftyHmWXfrPfCPzztOHKBYvsrrnF0lgWkkMlicePE9WrapKzopD0hg+v6ruTCXW1o8NEEj4m4tAlKUQ==","last_amount":"","last_used":"","promotion":"","status":"","comment":""},{"user_id":17,"username":"H8I5yl6w9XD5sThKCkcjHFV+jX\/ViV5dU0MOBtsuO4gWRIfVvL\/g4RzYzfjscTEw+ImLl8U9o2mWRmYOe28t7w==","phone_number":"bNOBsO3e6J6tZVF2hzaZkfOKXFNZyfPbUjuYZxPs1GhNldfU0RAMHVrHrDust0szXnWCHGLIl83KgHSGlb1pfg==","last_amount":"","last_used":"","promotion":"","status":"","comment":""},{"user_id":18,"username":"2\/s5f4IO30m9Exz3ELDiOvRE7aNkMyMD1Q6SI0cq8Qu7WBONKf7ZM21zBB+fHhY2ohwoxxvTGX2Bbxs8355dUA==","phone_number":"9r\/TKrP19XesiI4Ut+bK2RYs0DPbR8MlLNPGT8PEq4gyYLxTsoKZCvZw+Loaz2GXbfMTZgj0YWd9R5Ngqx+6cA==","last_amount":"","last_used":"","promotion":"","status":"","comment":""},{"user_id":19,"username":"O89M\/EgYJOsFnBxZB6w12ztCePIM\/5pV\/Wjf5mqLwwUc4iRNA6P9GMzW4CPjJPEoYpOcvnis4A\/i8dUfyuFdJw==","phone_number":"HOjnw1t9iRFIYmjLNJzrYbTL6OEORskX+Wq1XKhhK6Cgpd6WPX9IEPpVG13TPgcC09pk589naGXXVAGJPORWTw==","last_amount":"","last_used":"","promotion":"","status":"","comment":""},{"user_id":20,"username":"NoRvIl8A0Gtpiv5LtbH8+\/KbcI+dGuAAZZyD0\/Iq9mHTfll6Nh17OenKnDCthf7A998i75yP+TgpObB8FdYo9Q==","phone_number":"giF0Sl\/rOK8SqLKDe86CD6RV9Uj2wC6RNh13iAUjF\/0asxCvfzTYN299FntnO753g33yYIewc32p8FILVUg3lg==","last_amount":"","last_used":"","promotion":"","status":"","comment":""},{"user_id":21,"username":"mKbOcW8D7aTjuKjD\/ZfdXYsrb2kEmwHoLEcZ4hk2ZK1ffCR0YDNCwEMDhqmqQwSZte\/eE58R+TX5kaa33LATgA==","phone_number":"doDG1x49XsiLn33WgOLeSh1fA9onzaGVWt87T288dvg5hIiHjUKsnEEYQCNPJrK3H7LBpINtk+m9vnHZXVEtVA==","last_amount":"","last_used":"","promotion":"","status":"","comment":""},{"user_id":22,"username":"dsG5Gh7XG26pfu8oCGpLCqedvLuCjLC+Qt0CRpqqZU+sTTVNMFinJ03abGUW4WnpC5MHUsO9d2HFpMP8O6dDZg==","phone_number":"lgRL4qRSLfXXLO88biqNyk+oGTi\/lfJsGyrhkJ8rjrTNA6iMMg3U4vEef3j3vkWNjB7TI0C7ZVyslhvASDm5zw==","last_amount":"","last_used":"","promotion":"","status":"","comment":""},{"user_id":23,"username":"O46ifuuU62fpU7VIje+BpRQXYwoKwr6yLZMYf6lu25EG2th7HJrWoDxBiCOjxSYAuzpl0+twkqS45cH+Sf5c0Q==","phone_number":"ZIWh2bWk2hlOtba9d3lrafckYHXynKCEomhSdmFVYYyvr3VotMjmhoP0g2wDzOMykLwl53SbaFSRZVI23zX6qA==","last_amount":"","last_used":"","promotion":"","status":"","comment":""},{"user_id":24,"username":"iNgpfxPJ\/D5ZbIoYIomvbnA\/Qis\/W6RcF\/jVavz79qOSvn4JFk\/KKEJb0qFto23OeNvNW3TLEws\/hJU\/DSan0Q==","phone_number":"mnvI4k6CrUdqTD9F2\/0OSE0Zk0S4MaJYqeT1WjyYcspJ503rKIJTAOMjcpvb+TVdhs2xpGQZmLBHETjPu3lRjQ==","last_amount":"","last_used":"","promotion":"","status":"","comment":""},{"user_id":25,"username":"+ZxwdcXTThbFJaqXYfjdh3sIbnPH5gtVqFw+NK9KfO6p9jQN3\/dvc8Hm\/xocEAHu2sDYwCPkcQ+X4Z87fZhK5w==","phone_number":"SCJpDE+BG8Gk1ooIt29ogTl3LmOnLpu+biDA4HViIkq\/CH0fgB\/lXcUu9PukWBfab4RFSvXuqL0CEUHIKieXWw==","last_amount":"","last_used":"","promotion":"","status":"","comment":""},{"user_id":26,"username":"\/iXUNVHIYwnO2qCoLdJvdcm8qwngPSbkS41+lVLH+NSq2REhckvEpALE0PVIQGAK9KsK42qGJ+F6P7D+B\/EYTA==","phone_number":"bfwaEYrzbjr2sIol2dCxc\/hxQ19rJ10B4O3BfDKhGLv2VTviLW8owXRsFKkJfWAWNKaPoY3iIRlhID\/8wqz2kQ==","last_amount":"","last_used":"","promotion":"","status":"","comment":""},{"user_id":27,"username":"F6xFPV+CVPijtodeif49\/ar+WMnsvXyaIWYjgMDEoOjdyXNMOy1ZZhYvliJ1kvmGejiY7s4Cuxj58vj7tVgdcQ==","phone_number":"NsxGwlfNmLPy\/gOlwjgA0VniAMmca0TLk3NteElM0g4wRrOyPSP\/ScNaVcp6MDcd7wGofanKsn4HD7DKyMnX6Q==","last_amount":"","last_used":"","promotion":"","status":"","comment":""},{"user_id":28,"username":"IcNAhqKe9o4393A5qtR16zaCZ7PJsNIkPRT4ulCf5VIzU7smkkZHfpBK\/pSKPBOx4Em9q2frlm7odZG2HtTmww==","phone_number":"G9xJnzNoo0Mojj+151\/kjOmdYMyiV5RN\/05iYyiNBgvUaW8ysLM6StVTJjUbVJTfhgDVawkZImrbuK60rQlmcw==","last_amount":"","last_used":"","promotion":"","status":"","comment":""},{"user_id":29,"username":"cKQKYqKQCj\/OKJT6VGMshj9pmk5OE8bsE2OstHmuQ8eskBK5peSXUG9TSynndL\/ZAfIAnC77e2TUAtFT0wOYHQ==","phone_number":"GvvehdLgcHEWur3b17X6YpqHjlulQJDZF5T\/v9G4f0QX3F2jIr3pxRL9Ki5bZkcWlR39XfVst91lyl67k7kv2Q==","last_amount":"","last_used":"","promotion":"","status":"","comment":""},{"user_id":30,"username":"cKRaWAE4DWudX10uK66gZ\/3csclFCpauAwzb4UEBLf6D+1oSUNi3EC4qvhjqYwGl7pgyQX7AAXhTCkb+wjyatA==","phone_number":"c1j5YsoEdK70kzYI6Y6w8EUIJPLQcMgb599a615lX7Gl\/S+IESCE1XUC2Bi+8ILdsaML2twyOE93Typ0NnFUsw==","last_amount":"","last_used":"","promotion":"","status":"","comment":""},{"user_id":31,"username":"5vFARI5VnY3NurAYVB4C0N+x80mK2E3j6M8GrOdj6fwqEqHK6HN7UJjmkjhm7jTrD3sxgOYMQTG4DGyiwnxv9g==","phone_number":"lwdlt1gy+Bz7ThSmQHd4srukRPcmpAZastaZAIeg2tRyIU\/8JbE1ezrm2BE9ZvvaA8XzGl0mm\/qUfcVN866CqA==","last_amount":"","last_used":"","promotion":"","status":"","comment":""},{"user_id":32,"username":"3OtGDketUvXtKiDkUfOH9zGcmM1wNbFKI4e9PATDMYpe8+nGQC62f\/Ppl1W6298TJ2Dc9vC9A5pJdIDNMFChtw==","phone_number":"dHMUbejQ\/LB\/8o5pSYApqijC82BD8RqRH0VvcXv3lmxvGEQ8ZTBj34uR5ykDwpzb99y1zNtgaa3biqmq0G7wxw==","last_amount":"","last_used":"","promotion":"","status":"","comment":""},{"user_id":33,"username":"ngK2q1cI1Bgwx7T4U3pgWp8orWHI4CiG22RQhEXoSGoptwnpylDC5Fs6AGlANHUuH\/O\/UZ4BY+6kqLSelfW3Mw==","phone_number":"juNaHhmuPKMuqTJPrbgEY7CgNWSXVLyjrodaeJBg\/PYVYMlVZ+BFvzsImGF86rzYLgoo2RNyvN78ZoDhHGQJGg==","last_amount":"","last_used":"","promotion":"","status":"","comment":""},{"user_id":34,"username":"MR2mdumOUcDx+aFGvlpgRbA\/845YVr8Z\/PJzrgiLeFE5ewhdC3Y6xMabsqmfAOiIaXu2A6l0BZGIAwGK2yIhkA==","phone_number":"HgRkKhqVjvA3OtPYI4xJao+XtV6IQ2v0LWxETwSXFUSxc5KZL7joDdTgl0cz20JszkF5T0bAT9x+aJMdirzNPA==","last_amount":"","last_used":"","promotion":"","status":"","comment":""},{"user_id":35,"username":"pf1mC3Y9PVV36CGGICkBl41UiDiK53Aikc4seWY4FsqW5yuTuGIcNywY4n89tfXIN4F6hwwcEttcUIJuHNx\/gA==","phone_number":"fyDVuzhDz49UOAqtDoptYboKCZohMj61wbNhFbjepLV479XNNRIVzLzKSq\/0Sbg4sfj0f8H2X1isA5e61AmcOA==","last_amount":"","last_used":"","promotion":"","status":"","comment":""},{"user_id":36,"username":"ctGvMlejoZolyRpKY6aRaUQdlYy4qL5WpeiDqn0oLW3VA1sLu85HMkjcaWwL4kyW\/IucBhofXoIcb05eInlirg==","phone_number":"5Gi8iEDamR7IKst8lHJcsz7tXP7V99K1vrvcq6UCHmbqfCdZqPjoX1ZBXgcK8QTZ5fE7Rv+6b78LrUtpVpSiOw==","last_amount":"","last_used":"","promotion":"","status":"","comment":""},{"user_id":37,"username":"R6I2qddFL2mvimxbsfjmB\/2SDP7q6G+5HZdvEw7\/6df\/9fF6GtpzLD+z+O3Os2xEDueoku9tgaNJU8f\/C4UN7A==","phone_number":"3akOcJnJmNcVyLSLHJFIP2r+\/Rg6BP8DbacNVp6fjUW6DogtI6zvAR+l1FgdUJ9XH8+a7zmLQHABsdDdbNKjNA==","last_amount":"","last_used":"","promotion":"","status":"","comment":""},{"user_id":38,"username":"Idv+PnAD5MxRrWxZG3JwXS98H5PKo\/PuX37NhsvHsvoGapBoAaOohSU+3ZLJgtnEVO8gCWjPWjJsxrCqcqo7Dg==","phone_number":"XDXLBMOx4v4xQSOwLBNpMUARX02ItUu3HbyNhgiQwyGWws9+qpbbLp\/QnOLKFmXv29PgAfK1bthKw48z1erQrg==","last_amount":"","last_used":"","promotion":"","status":"","comment":""},{"user_id":39,"username":"bi5x528si4hu3PLx6vj8Oyvd7VwZX9OdicWx64Dt1vrikQxUGkzsSo1aMLyFSUQMtBIkFmaxhTlcRgm59Ssq8A==","phone_number":"zAOgAHYCDBxhhKD\/QPY21\/GGSCSdrVPX9E9H7UAmjzC8o1\/AJI2aCUqmOBXr\/zh5bD8mRO9cjUNIHVSQORhlGA==","last_amount":"","last_used":"","promotion":"","status":"","comment":""},{"user_id":40,"username":"doKk0dIBtNE8ypmeB+GeyqTc6WUJhTtnldCbpaQ6wPKYfoO3yKyWuEUomptJ6HKfsSrE0Fx+3ZGqpo7VTtKYJA==","phone_number":"DSQpIJXfUy0311eQuQGCCmUvpRITzRAIbSSX1MgqNIh2A2jAhRvndqt0lBdPpG+FIyoAgqxHDt9YCHJm3puSAA==","last_amount":"","last_used":"","promotion":"","status":"","comment":""},{"user_id":41,"username":"df2HfnJvs5LysUXv9eWURVabO3eZtEXhH6k2DtCXnfzoStxM3Yrc8ebEYE4uj2jUyGJPGxgcX0YkoyrS+EOcfw==","phone_number":"c98YYnC62UMlXC6rXWQiUpZWBNZ1PgxduuXrG2Vu8yCt5w3Gk9M5yebnezHzvH8+DRf\/q4LUpJD93AQX6Nt2rg==","last_amount":"","last_used":"","promotion":"","status":"","comment":""},{"user_id":42,"username":"iSR\/o547aTV8mgkNBKw4ZL7Gu1zQN7QVkKHh8wfk2qINqdmit1JU6m5FSc5EBrh6PFO\/7Ko0aX7A1Tp90t4TuA==","phone_number":"6EYuzcXJ3WRbsfQjrmlUUaQM\/383vn4O8zxdMpNMa5RwpIvZ04Q3HGFHDKwawfTvozkqDwwqZLd\/XUoftRJxcw==","last_amount":"","last_used":"","promotion":"","status":"","comment":""},{"user_id":43,"username":"yjBx++fi\/Ghr5gEo71ds\/AyzMYjv1iN3mA2JJJNniLH+YuFRzWgH1rhqQmOj7OP6cwCrd6dA9X7R5vR2EZxL2g==","phone_number":"YLiD0biFO0ajO8sHa0l0O2jTlah2\/rHh1Nf2n+Nna1k+xuGXqHwo1M9XsLMYtJxagtrzVUhODpWbai7yWUwbAA==","last_amount":"","last_used":"","promotion":"","status":"","comment":""},{"user_id":44,"username":"xdOZb55U8YBxg6TShJ8M1oOWkpeNpPVrNiZTADnv29kk+li6EjXMIyEDQwZUpWUK1mhXIHkk52T1Woch988L6Q==","phone_number":"ECkSQgv473MovZmfwi+x+2hkljnZYvRbKrPgU4yXs3ZkhBBDU5iALiB7nLalxuB81scSXg451lLynLFvfzbNbg==","last_amount":"","last_used":"","promotion":"","status":"","comment":""},{"user_id":45,"username":"\/SqT9k9JiaqZXLqGLvYx52mUQo8Xcqe6k\/Pd31p7UuJrv9dkicRWfy\/6XKFjLnI4y0eDkplxsm7Zl4PcSqdvmg==","phone_number":"5KLNs+4d8iwBlpg05P\/uDQEfn3Yv+uWWjOx4WPq3asrJAq3yIRtZbZV+m6cuaY4VwDhMl+TXW0Da6BY+bC6TmQ==","last_amount":"","last_used":"","promotion":"","status":"","comment":""},{"user_id":46,"username":"1qkbJwJHZWL6qazb4kzjGzIhZFEtC1R7J0aMdH2hmO0KmBbe030Y2xh4U1FaxIFE469nzU6rCm8i9Q9FT8kSaw==","phone_number":"StqjUlNuF7dQuTcusjN4YhSGbK08hUpu6ZUHFc\/aXL+i1nFDXZHw6Zxn\/hh2aWPxPppoFh5zFwhzBHxR6SyUyQ==","last_amount":"","last_used":"","promotion":"","status":"","comment":""},{"user_id":47,"username":"zG2U0AqRTLPKNvHtnc0u\/5DY8d0o78abgHvLqEzTvNf1munChTY3nPOUSlInO\/2flpMSSfKyx66VFsF25\/+A6w==","phone_number":"EaxJ9dmnnS4hSksOG25HdzR6BSO3DhTdJFZ1Gg3yTK7yjZWKAIhurrwsjFZgjCc1A+5\/nU2kA8PJFJO2F42ReA==","last_amount":"","last_used":"","promotion":"","status":"","comment":""},{"user_id":48,"username":"TmC2BGvaLmHD6bNFWm6ZE4\/zu0LV\/+RunsJURxo+R71V\/ZZiFx5P\/NmyC1XQtm\/OMG9sSaY91b+s1i125JtNWA==","phone_number":"8uvo0Pt71AXSsjp8sCDHetVr4TFoeoIkpon3rDulmCVSMwlW8cEHIt+2tcsn+YPJPuHjzsYN8pelCS2U7t0hVw==","last_amount":"","last_used":"","promotion":"","status":"","comment":""},{"user_id":49,"username":"HCukm+IILc+olA0H2yx+31Sa7oy\/pci60OnIpGHPZvPAyfDFgGPb7y8QUJuAfbkQlDaCASHP81ZmzZrSeCfsUA==","phone_number":"ACbCJizWekF5EemDUySH\/dk\/fwWh0JgETO3iKniWANtDumW1qj1WTEOavx5\/+ynDLsoBPNSZAfCSd5WfPZkd1A==","last_amount":"","last_used":"","promotion":"","status":"","comment":""},{"user_id":50,"username":"1NctPnC9UZAk26hRDjJc2nr\/flO5WpSjun2g0geB8eukl662xf3kejreb1sD8m4k0IYjZLXCazcE1xLH\/ry8dw==","phone_number":"fQNTI74ihmEqFaqV\/R9e7EGTEdPbnIg2NJm9hjGExDXfpc6\/WRTRUseX8iFmjY2Pp74kgtdTMRoSdYG7pJ+KHQ==","last_amount":"","last_used":"","promotion":"","status":"","comment":""},{"user_id":51,"username":"+mNLn+xL9tJh+LCIIkQ8W84GQY+AHtwIr083rL6r2tw5S5H1w4FO0mdvDbkTvJuVWQsxnMFq75zbiP6JdRoBvA==","phone_number":"SUyfCrDP4GgihU5tncwR5VEWbzGN1iNBBJ4dOjvWPjfaQTApC\/Ja+hGF4CTNws+IwO+56TMP9vV9EU1SzEhNIA==","last_amount":"","last_used":"","promotion":"","status":"","comment":""},{"user_id":52,"username":"2ziyc7OJQUadoDK1Q54iNPbAVgMW2zBiDhtspR4q2UOdeNvdCqBl6X5gVQ6sCGRz30QFqJUT0tGTGs8KAPItoA==","phone_number":"ueOdv2Td\/UikcB\/9rB2BGmesyE\/J7DSAiZKAZmlRf\/kZNqcSooDai2x\/76FOR3SrKbeQZyQ653k5UBVwCUOAAw==","last_amount":"","last_used":"","promotion":"","status":"","comment":""},{"user_id":53,"username":"ctBKBUaq+1mF9noBmhed0jTWQKOkboaMiN+\/WqSY\/2zOvzODhRdYYjHQRuF5RymCiwltd4fD96R0TB1as3KW\/g==","phone_number":"abEqIazrhVSx2i\/3+hLhiyRR7Ise7qy5w8O4h1lhKUAincztvt9Cqz6ywu15+jZ\/gx2Dbf5WOMYIGRTDW124JQ==","last_amount":"","last_used":"","promotion":"","status":"","comment":""},{"user_id":54,"username":"H\/Zgckot61SA3BE57MQC1xUeJDmd1bUGz1f71IXX72lhcWimJQhpkf+v4BYo47sa2MJhQqfEyG7kNTEWoBpZhA==","phone_number":"1WENCXjoevHeiucAopTu5o\/sV+uKwi0VBojmkSicrKGdALTVxz052OCiSbIhLdUVGuZ8izqOXmS0PM2ZGkZP9Q==","last_amount":"","last_used":"","promotion":"","status":"","comment":""},{"user_id":55,"username":"XEByBGZ+w3zhgg9VYHCZ6spiIKS7Z13qxP\/2oRJp9dQn1MaeQVKtvDtYu2npD7uXw82QIY93guATaNXn9QWgQw==","phone_number":"5bO6k70O19g5fuECA5gozTjOJt2FJ1LJmF75qEaryRM7PFiZ0YwvUFxxZau1\/7Kv+pC0DGmgL\/Kr1AOVXVVk9w==","last_amount":"","last_used":"","promotion":"","status":"","comment":""},{"user_id":56,"username":"aRFKyPswltI0R6stQmNCIJKYiCLLgyvTVSuQBj4yI2PHltmfw3uAPU5\/tEp9k4e3OaRq5Gi+lFNxJCspZIntew==","phone_number":"7m5YyqfNwlMrfcQNH8Q7EBMQ59YO1v3IwKwQCSQ2aZs+L8u1Ra6l6\/M8y4RWnJit6DBRlK9HVPZpkm779EYlag==","last_amount":"","last_used":"","promotion":"","status":"","comment":""},{"user_id":57,"username":"mc5dSAK\/1gvyT8cMlFB4JzFsAVlT8850bG3YwRFeypGMTQP3AeGDVKa0khXQSGoAwiPlCMC8kzfrSnRe8\/UCzw==","phone_number":"\/pJN\/GiwCkcQZDpj\/Z3J6vphMH4uDc8LW9w6W+k4PYZP22i3u5dXzw8x9SZ4y18dPPEeWrgl0lbTvtMMX\/cjsw==","last_amount":"","last_used":"","promotion":"","status":"","comment":""},{"user_id":58,"username":"DQmPjffATwyroSnVluuv\/tegnyGkROlCxoxpcRTWwOD1KWAWsdQvcphDWxPFXsoLjxPf5oVDEaXssX+LhqcewQ==","phone_number":"WH5gq1gDybQgaIzDVgbdsJ4CEFrF95fVR+t3m1vGmomoLcyHzJrj+yZO6pBStzYCLh2s83vq7G6o\/H+FMJR1Tg==","last_amount":"","last_used":"","promotion":"","status":"","comment":""},{"user_id":59,"username":"q6put6k89+wEXmvegQ6hhSR3sb7o7Ua6\/oBwETwgyR6AIxYqiLbPjjd+8Wg53Ko3AGG4rsQYkun1QSuhqXh37Q5Zx9PrPeLKUEKStKo\/ClQ=","phone_number":"0RLSRXWczAm\/tZ8isF5JDJi+83tHJfL\/SYpCpySO9zs3TloqmiZkrT0yb74aDxXDSlnO68mb29rJgw0BQTs8AA==","last_amount":"","last_used":"","promotion":"","status":"","comment":""},{"user_id":60,"username":"sgd7rpgRY+Fvu3K53FqQcAz\/W9uEcBvCB0+ar2AHlceaQRDCxAuLZXyBS2UIpOJlT3U5rvGl07XZe0UVbJsaOQ==","phone_number":"jLQ4U+WFoMQQSZYuoFrq1rhoIGojcED+XBL1L7y5TOQkIMSdJdVEhysdnZH5tLXdTU2Ic8qBbiGoMGZmNWKR3A==","last_amount":"","last_used":"","promotion":"","status":"","comment":""},{"user_id":61,"username":"MWYRbywKAusYxqPx6I4i2L2pgrx3jSh77gr2ny3hbzB6oeeL6hvsmwIWdWXggfukquYC+QfkQjraX2\/9FwtKKQ==","phone_number":"UJzIGdr93Pq3tPGCc98TgBBZjj0VrnbMe0EFsULaxqUhKON94Res7UBmGGXVxSxFRb+v1wLfroGNJ9ElfoGUbw==","last_amount":"","last_used":"","promotion":"","status":"","comment":""},{"user_id":62,"username":"tz87lf\/xR8Cj20B4pT4KmpFICxcr4p50RML\/4Njyb9+c1l9FinXacWY9ZTUKicHTo6\/rdDMuYQwEYOXBtllxKw==","phone_number":"y9Wc92K1LFd0GpgUXB0BC5N+GPezPWlmtrNT3xYnK9nfnrtI54umKOAZ8VuA5QHTbfU4huBBvUP9t\/x7vTzNzA==","last_amount":"","last_used":"","promotion":"","status":"","comment":""},{"user_id":63,"username":"hE6OpJ6JnJA7vOXAk8YmK0f20BFH5aU1Udl4U37+FbxGMttC1pifk95wL2QlvWqaKOPYAMrkN6CXgPUFTRfPkg==","phone_number":"lhWRIm5BrRv+JsBaNXbUSarTxJX\/as9bDPInd1FrtOsbgXRRH1EF81rIGSpYBMfWD4Ovqmv1ioCVGZ9KXcKZCA==","last_amount":"","last_used":"","promotion":"","status":"","comment":""},{"user_id":64,"username":"g6Wq2fLKNfZClIbdKku\/9SMx\/VH\/Q0vmb8YtDpXIgs68HklQdSDQmljIyyT\/cRAUiOH8q+E70TP47TmAlObTDg==","phone_number":"yA13baIgHIbi7Y2ffqhg2Z5wUTOF2LgymKIiS0SUWFsZ4\/6QpvH5ockM6z1WZha6MJdmizypqbEWosjDQbRwyg==","last_amount":"","last_used":"","promotion":"","status":"","comment":""},{"user_id":65,"username":"SL9kRw0FAofmBrVNJG\/py13WJWYbVUtVozLxekVGOqgUUg87HAcH01s1P3j776Tm+w3wYqdHUkisYubqyV8+Ow==","phone_number":"IXIdRmsL5CD\/5ypPZtNLQ0QvyE9Fk8LH21rW20308ps+eHHwhI28WUkqIA3utdk34B6DFynxhm+dAL4zMlNsIA==","last_amount":"","last_used":"","promotion":"","status":"","comment":""},{"user_id":66,"username":"AR4lrr4fDV7pCHrn1UMyr6+yn0CrIDbVG9fdwiG\/AVkx755DiXA60Xy4GF8US69QRirhOE\/h64ZoJFMRLuopMw==","phone_number":"JCIJ9WoUeGj4MWl5DMUTSg62VnuyNdNvkHaY3hx07aXQdV2wGVDTYSpJIde49Z6hCZd\/KabIvMpUjdDN0K7NTA==","last_amount":"","last_used":"","promotion":"","status":"","comment":""},{"user_id":67,"username":"V+sS3O3FqZPlV+HBYy1oHbsDIyOueHWOrXwA7t7yvwF1K9goNtBcUzzBFEkTIHMLks9jUR0bzECOnTnZ8bwfHw==","phone_number":"gUWa2cCjcI\/lvR7Sk6Z9hIuwoXijEwG29keoNwOxrqf48ewqwG+YgBlX3kYCJnA0yRBklvu9PxfX8pz7QwOTuw==","last_amount":"","last_used":"","promotion":"","status":"","comment":""},{"user_id":68,"username":"hgEEL2TJsIt3WOgRRPlhAsSPilozJtOdivQ0Vtlfcfgj61ff9idcul0XHStlMM0xvBDi6CPl0QvEa2aGnJ9yhQ==","phone_number":"Hr4W7WtXVTxK1L8R0ahf69sTilHrRPsdkcL5MAeP\/ZWNAW4NSKyssTnxNvBjl\/rNNWCOM1I3a3zRRVWUKhk5sQ==","last_amount":"","last_used":"","promotion":"","status":"","comment":""},{"user_id":69,"username":"+3T76IFTgFOyXfpQult5gz3q\/l8PfWk83+flyKQd1+UL3biV7ID79D0jXqLA2\/uS2aY4eIHfF\/fzsab2pTd\/pw==","phone_number":"dMDmcnbGddOlZZcU4HRCzK37mKd7s2yY\/V7lR9P75Vq\/qC4EbjrE47G96fWORaHsvGP73AJEWqkOPppUnPt\/CA==","last_amount":"","last_used":"","promotion":"","status":"","comment":""},{"user_id":70,"username":"gAK0eMnzDp5PkY66NDctjDhkvhoAByObD0f\/pTgdHyJCu\/LHZZCSv4X9Sk4kn0OjhjiU3GH\/9u8LvGqPFG7JDQ==","phone_number":"v0YwpQmOo4NkA0DR4BiQG5GcKsqrbLLQYAosgf9ttN79CodnLZuWWVCXfxhpeaDBiuwri\/zwlgLwUY1gnW0hUQ==","last_amount":"","last_used":"","promotion":"","status":"","comment":""},{"user_id":71,"username":"PYjaUVmb2B94h9b69RaTjDwt6Yx1j4HckAKpfAuWZWhEJgmqu94z17NA1vrMWFXq6\/RPFpq9I6wmB+pkggnjYw==","phone_number":"cusqhr5MYI3On\/LpfaZW7N50WC+rngQnogtpFl+nCjE3Kd2Z2VoU2lY3pT10sM3acsmxk5XN28Hp0FpeMU+YNg==","last_amount":"","last_used":"","promotion":"","status":"","comment":""},{"user_id":72,"username":"aZie+sFMk9hWKsjYQThLxHnRmwOZYBFeXVmceBWLqJPvSv17fB27j2DX+lwG3cLkrn4nhFVRfXwWIl+cvoDBaQ==","phone_number":"tDQtJAD410FXEgeMPYzHx3FVFGfSUPHdoVAJvUE9fvmSt138No5R8sLafNewG1vANNDK+3s2MJY\/36m\/Lovv7g==","last_amount":"","last_used":"","promotion":"","status":"","comment":""},{"user_id":73,"username":"eeGyOChPjsz9hyJ1G0cHBepy\/CGp6t2PS2eJ4jxXoIHvDxpJK03pStzdLkLWbWvpn6nvxnmKB1QrrsXTNwJZ2Q==","phone_number":"aPJfBcUi8luLwr151L2\/CcwQ7G7zQnkktYvw5RrYIvWnXETWvNJD+RNEPllINhFbiXoXL8BD96Vigx0GkuvzuQ==","last_amount":"","last_used":"","promotion":"","status":"","comment":""},{"user_id":74,"username":"YTOaezKvvyOJqp9ZeUUoDX5cBQBY0m5t+IhIOHkvnVz7MyumjKRnQfbyKHmL1ibLBQ0kzDyeXh87+fCVyDbA+w==","phone_number":"QrJm1hoFzOViao6WCnY2IqQdZbf5xc5HOu70ls5Hycm2Uivyj17N+j15wgpeQOj8AweyNzqTTajHlrQMhyxB6w==","last_amount":"","last_used":"","promotion":"","status":"","comment":""},{"user_id":75,"username":"iQxOLG\/O22+p\/PtVO06IszI5zu8eL1JFlHClX5d8KsMz9vIbDdKsJbA36bhxdJaWqczuC\/qk7q5wwg4w1odVWQ==","phone_number":"RBh6M+j0sp6fFKJ5TwoEohSfCrHIBotUjoWOacbDzlnOE5zsJywmiusCe58xZSpTdnz5RuSRw254H\/Zx1ZUTBg==","last_amount":"","last_used":"","promotion":"","status":"","comment":""},{"user_id":76,"username":"rrziT3IgI+By5ZbregwpnikP13TZo06zdQ32GsPUy4aIzkVYj2OCvXhZjhugOyyPLR6HHNZH8WdScyySbCFo5w==","phone_number":"DXov39f0DOf0YqOuKn+W+beuemqfAqIxpkQJGwJdyCw0Edw7YwP5TrTyU5uEFlYeENhxxnYOiy7WLpnkaEmq4Q==","last_amount":"","last_used":"","promotion":"","status":"","comment":""},{"user_id":77,"username":"jvtn3ewx4niPoM1QVZllguwkR+SOXoeEeuCfaANNg2kTBqmeA2gmMfILBvW0srzvp\/fkbGLP63m1GjSGIIPzIg==","phone_number":"flvZR7BxlWEL8mrPdijNbVCzfapS\/I1WgOoC1g4E4cARninUPu\/YiRYv+Z7wjJTpUpqYb+s2Mb0inYVudgFf7Q==","last_amount":"","last_used":"","promotion":"","status":"","comment":""},{"user_id":78,"username":"+mY8a+Sqkks3285qPoqU5X6yc60v4iho2mXoEjOR1THsQObC+z\/YUv919DulVw6GXsputLGb0GxOR2SFat6cKA==","phone_number":"+uBhpCPSrxI1l8c+eXPExbUQFkAUtSi88tkjRFG7LW3rBw1az6Y31IJLoZbhcNmBJAD2NhfbKBYWEavlQO0Gjw==","last_amount":"","last_used":"","promotion":"","status":"","comment":""},{"user_id":79,"username":"VuKRXSMGbHNc2wY1yy5KidF\/yoCG+jsa2fjKFzzbRBdOYSFnf9AlaNBHskLZCAOXMuUJRc9bsXh\/oZrr111tQPWudYuCFWt+3tV3AMW9vKU=","phone_number":"qgnmD0KVYSc7+m2omtzUrvxWBr15dqRl3XdXIqumIKUk1cyPwy3aeANtiN92s+sCbDxx2g3QobjqQiB2VvoYWQ==","last_amount":"","last_used":"","promotion":"","status":"","comment":""},{"user_id":80,"username":"kUOMHodnQIsl9X9HE\/tdO0VX13YyG1abD1Fn6by4aKqxHQCt17HLadnHQqAVO8VCNrvuzrqqTImYRKXUE3xHtA==","phone_number":"uaTgxIEWOREq\/E2OV8G8P6qoN4biT22KBXebHNQaxRrS2uJYuHBHQUU8lKghvU4WP6c+RnSl8CJssdhxAw4oEA==","last_amount":"","last_used":"","promotion":"","status":"","comment":""},{"user_id":81,"username":"Ti2iEuHUe\/PQz7XngYEOBIoa\/FsoTRGOL6GdlF5G5xgEB6YussxMfuBeQ3daxjm9bnbJy4EfbiCqPXsKkfL\/qA==","phone_number":"e12JuD+hHWFRUvaxZG654Rkg5AYvoYdqs861L\/4qzI2qIeNFV4SbeqQfZdAmH6cKFitVjYeDVY9A78NAqwG26A==","last_amount":"","last_used":"","promotion":"","status":"","comment":""},{"user_id":82,"username":"+cF61\/9CKV\/XGNx0nwz\/z5Hn2tusFtIEeuC\/pa5N8ClhhOmQQ+hvT1WvSRflOMxBKSCUGnvhahN+vV8lqxpj7Q==","phone_number":"W7nEXQn5NeQI7SkTxSnX9ho+5mBUggsxEIPA3hccp3EW4s0o\/oV5BSU0iWhFSrqvL+EncYL1ZRd005bjrmYYNQ==","last_amount":"","last_used":"","promotion":"","status":"","comment":""},{"user_id":83,"username":"yQUDbKRW4IbbJPbnzEGEHfyzxI7B2X+OdyOf3SdmtAFbcoHuOwMo\/B\/PYyIomklbPMiC0Y9i9yAodv9LcEqU4Q==","phone_number":"s0NoZiWeHUA2qDVeIjKHqqaOHG2pEa5rYJvFcp132Ll33Qq4VV9rc8BbBHyQoTsriYIilqLO052VzuyS96P41A==","last_amount":"","last_used":"","promotion":"","status":"","comment":""},{"user_id":84,"username":"dmhIvjhnZeq5InggC8gMA3lnmRtUXetbU6EkAYNqh8r1jAez+SVPmCNa1H10Lpd27lN42qW4ZY5bZt7L0kaShQ==","phone_number":"s77IbwTrweTpY4S3pbpECFH2BsEjyfEmsLIcEhA\/Mg\/vzbH41MOwhBjwG2WFwgDBmlFCsh39cCX1qOWWtWi+pQ==","last_amount":"","last_used":"","promotion":"","status":"","comment":""},{"user_id":85,"username":"XLVvje3ic5qz9rc6BrOtlisJeOAniWbMBr9JXhyliL2SUhS1M2TVS4yunGoIrjiaoyZPJDDNXf4zMHRlk+Bw3Q==","phone_number":"mU47GP6z+9\/JeEVvZC71jAHqnCPaiNkmzHkyKNzlhIqBMsu\/UdPqTnvt0OxN8APIzHRsMcyWIdHPsD2YiHr9OQ==","last_amount":"","last_used":"","promotion":"","status":"","comment":""},{"user_id":86,"username":"DVhPL6H3j5qh7cE82NV59gQVU43MV2AY0rt2g5ACuHJS6X\/fjVG8fjoDUtGGkBUEBXZnJN6mymkFffelJ2rZNg==","phone_number":"F068bpgck5T\/FnRC\/27y4QXgoZD6+ABJOGVMzBK5GLrfeoiKbixPlSnlxMT2nP3Fep8vRmlFS0sO92rJjRfATA==","last_amount":"","last_used":"","promotion":"","status":"","comment":""},{"user_id":87,"username":"DvW18rCV4Z890hPni6Qegmb3C8i674X\/Y8t15mq40ziix0C70YbYecXFgcNTTfMYrkrXturhe0F2ljQ6\/13N6w==","phone_number":"FNT\/KTcnxM0TFdGk7YPpYlQsyKQIePrhFSLQ9F\/2ucHJ7449y1boZFyAGHSXTSyV\/\/YZtHW+FVfOfxI54p1rew==","last_amount":"","last_used":"","promotion":"","status":"","comment":""},{"user_id":88,"username":"yU1GG3J6\/ezFyQCsgVsZofNrKuOXsFhoApNZLME\/TV0o4gcjO9Ikz\/2NuaT9GG\/LEUg9Kr8JWHV1NMf51FkZsg==","phone_number":"e\/XGUJl63mu5kN+Yi+5HT0incjd3VHLFcLA8Rb3W8MDGeh1edHSfArCPZpr0CHec9l+wMBslGvSbp6d0VJJxBw==","last_amount":"","last_used":"","promotion":"","status":"","comment":""},{"user_id":89,"username":"1VW4xTus1QJUl8HeGphiswiGSe\/YGYuC3x5zxG0DLujUe6vVbWbtwY3S7ZzhyoPgaDvF9FFgi9tRyaTXDaG5jQ==","phone_number":"hvNKO8spXjuRHZwatmF+XDwaFEIup0gxVRjuza1avrlt\/5vcxY+fMFHOXTwW17Jtvwc\/xdAkwlOhn6tn0h4fhw==","last_amount":"","last_used":"","promotion":"","status":"","comment":""},{"user_id":90,"username":"rLNuKiV8YcqGftM+nDDQ4C2ku2QqWVAv+xAapurg2NeVDyX0eTc7q2Z+pE\/NY4A\/pKk7qJZaAp1TUM4h2+xtQA==","phone_number":"QBSrpJpEf5bvotIlz6Ca\/2H+lXoqGKl67SHpHJwBHjksMmNw4cqqvS0WbU5Q\/ZFEfRbo1Jr7GZuueq8MSIVa8w==","last_amount":"","last_used":"","promotion":"","status":"","comment":""},{"user_id":91,"username":"Z8r1cW8UncVe7tDZbMAeLjkPPVm4wgJ1X5W8yKd58LpyxRqGJj95psnYVWGsTxeTMrOj\/ysn6WHSz3MBWkX0iw==","phone_number":"jhRcmZmA8+g79cMx9OjG0Oy\/bUbm0hokrboVJPsjVxUu8+MK21cTGDwF4ipCYtoSPhClJEq16kG2C7X\/Qt3KbQ==","last_amount":"","last_used":"","promotion":"","status":"","comment":""},{"user_id":92,"username":"Z3\/OC7itNtuhee9SGdNZTltBzwiQWvzDQTDlvTatIYzVVdyE5eI7t7jeUsNKSvpnc4lMSQV1mfVWPDsLLS22hw==","phone_number":"I\/BIXdAMJ+3sFnlzVnKOmtCYu4\/x2AOh+UVLVdZCwtSxnWdihEMK6VHPJjbD1l\/o\/uaIoyqhKVrhLqeRfsKyGA==","last_amount":"","last_used":"","promotion":"","status":"","comment":""},{"user_id":93,"username":"05BaytjUZkrNNOkC2sVoJKcvx8eEha88uB6+f60uMriVTItODXGFFLRA08\/LF9QedvmiFJqakN1FVNeNb8qXug==","phone_number":"qNi+IGo2zzD1btUms7+Ts5695eFAJkVlCQiiicOKdv0BuB3F1ba2QUrEr4fVLkvBDgZdnlx+i+K10qu9ern7wQ==","last_amount":"","last_used":"","promotion":"","status":"","comment":""},{"user_id":94,"username":"\/Fq4C\/bnxPX96PEsY\/1UX0V4nMX+qVRLI1JF+RBOZabpFCrG6S7wYZzWhrWMQAoSDoOdfysANpRHVkohTzyOpQ==","phone_number":"y1lyvtKr+yR0k4HEEM8wNWNIncH4mFm7H48fbjyHSC\/AhvWXbFQPJOty3dYoDdqlF145YkrOW3K7R0tQC9BGlQ==","last_amount":"","last_used":"","promotion":"","status":"","comment":""},{"user_id":95,"username":"m+7rWezB9csgLKP3ef9lDVVOyBoS7Z1k4fB5sPrdT+Lj5smz7Mgq81Xh\/oQiDITS+Uej\/gZc1WVmf9CrycVc6g==","phone_number":"wH2pzUsROhfKyMyyMAbNReQaVHWrYrqNDZs\/bA9UbpKMreQD5AVOrRr0swTm1BCLVQRLpiLNN9rlnRj2j\/29lQ==","last_amount":"","last_used":"","promotion":"","status":"","comment":""},{"user_id":96,"username":"O7StD1\/xyKFg6jQY5fF\/aDAmf1XsIXXWIcTmKh0nCqk0Dadjl64xK6OWDJr49z0F5NH+V2Xy2tCDYOHnP9+dDw==","phone_number":"iyTKM6xm4LONzWH+NMgLe5ucKbM5yIjEtHyagmKeXgIzMXLhmEMhh8wKfUNkStZt7wAiQ+Es2dQu65Ifl3PHIg==","last_amount":"","last_used":"","promotion":"","status":"","comment":""},{"user_id":97,"username":"Ki5lExJBmQGdrv2LfVjuAK5eMKXQw+f6p4GPy7GWLNgZ73ZvtTSjTYb6XcIBdyZTvOVBJ553kZrzcVjbYuKEwg==","phone_number":"rqUNs5\/Hd\/4Ws+IFMQabAKrY+0fthb1GzXVHaySRpM0f5+xDaa20ZSGFZSMWftOpBZ7NSUHg\/NQnW5FVoXhyjA==","last_amount":"","last_used":"","promotion":"","status":"","comment":""},{"user_id":98,"username":"FL1xBdRYrUoT05gGdTvpWXr0eYqUgfykIcdeX+HXxPDVuzTer+aTPPIhVz+yRmiHsPKMZSlXkmL6NZIAR4czAQ==","phone_number":"aES8PtAyKLOcF8jIyKR4wwmxC2pxNYeyWExmx0skqQG2kNQClaJJx6SoJttdMwatWFx6mQiqyc\/JgMpbOx0BcQ==","last_amount":"","last_used":"","promotion":"","status":"","comment":""},{"user_id":99,"username":"bp3wpEuQ2U2PQmtw1I+lrnTzb6tCbMTIrkyJ65JCXXFUjJRqrwTjAZBPRpNRQay2Z74vIlpIfVpgjoVnHLuETg==","phone_number":"MzepwPPZZhzXqnawRTC48IDZy9v4gENKQNVLOoO36ij25kELZJ9CsOm8pJQ0PK2liWj3\/F7MJwXIlH6cireohg==","last_amount":"","last_used":"","promotion":"","status":"","comment":""},{"user_id":100,"username":"jdzBZiuK4Kgzqn7m2NdJIJw51D\/WMNpgmnfX75ckYriy+BlutfUad4nS6ADkpxzeo\/+5RmH3vJ0nqoIWTlSV6w==","phone_number":"AKvpt+7s2J44hkAqjwL9GAltN3\/uOxRz6eoS1WqmKilrRHq7z\/ThlDHKA4Z4AZ\/qZVSuFw26cciDRAheu\/Cvzg==","last_amount":"","last_used":"","promotion":"","status":"","comment":""},{"user_id":101,"username":"N2ga1ULIrS5PFMEwrOejM7JtQRsaSHBHhe331kLKJQHOXgzqZHdTXh0mdcxJbcM4B+3XMdfemyFLx5rnb8+m8A==","phone_number":"arEMAqmeye4VZtPWlLfgqgB+iesBdWlnTTSkhXPKREF0\/s7d9jMrJpH0n6okYwOYo+Pb9QArlXYvXSkNrHFd0A==","last_amount":"","last_used":"","promotion":"","status":"","comment":""},{"user_id":102,"username":"mDC0aq6+LzQQW3Xu5KCOoIEaw9A0jt5HQoHltdP2xuiRx3Wqozp+BFFw532+tK+7cmr3KvKZ4EB6p1KPnqsdOA==","phone_number":"i0f5fhUuXlblpCJeEGkfjbQSfeEXfkm74dgWwBKfWsnJ7NRpfeehmD\/G5m4z5oUkKLGK0KT4qlD40RcGHVdWhQ==","last_amount":"","last_used":"","promotion":"","status":"","comment":""},{"user_id":103,"username":"sdrbWurlzEOl2G1v2Z6XiwS37GJhqcQxy3\/YwOBC6gVA8uTVqTBdFIZDRTdTg4eGroXBpmgYx5zA9ISX6xoP8A==","phone_number":"Q0AaCtlabWCo+EN4fD4wnI2MbPN2S2J1f\/ZQULRJeFhbt45zES6gWq8dLG6sBzG3A3VEfLtPOabYDJ22g38r3Q==","last_amount":"","last_used":"","promotion":"","status":"","comment":""},{"user_id":104,"username":"Hdokijg50qryvr4nptaCbVrTzui6xsNsieOxZr+t+C3JlnY4nj6lOKe+ZrnSmHx6g+w+3bcpbFQpZg\/0nHEraQ==","phone_number":"D8eYZv\/\/gIB80Sbc1NuqZ7PO472RtuYfiRdb5A800J6+8O3J\/UIdP\/7EUTJqRZk5ypQbPEWjReIfB4z\/Skae\/A==","last_amount":"","last_used":"","promotion":"","status":"","comment":""},{"user_id":105,"username":"XmuczHxYHMDUv746qaZPJGc+U6vrtdQ2c0PvwzPOQkRnMD1iQFKR2caggvGVx2PP8IjS9ZWuWc5bdJn2sBJxWQ==","phone_number":"OMXQfHQHRd5WOnZA5EtWT+c9e8Hznb+1oiOfwAu\/nLDUK6xtmMVYFHqdOGYSy4RgPUHlWfXZQf0nOud60nXDlA==","last_amount":"","last_used":"","promotion":"","status":"","comment":""},{"user_id":106,"username":"PzsgoFGjk4F1wmdJEfuptEaQptWeHQGJJDtIYly\/wS289QoGDXyswy0DeFQRy9rAkY0vsuyl0MEb0RBz6ft\/uQ==","phone_number":"LibtbzQIzH8VwW2pnLaBUorszvvjEqawIFt74EGiAskX7ab8rUWqD0pyeSHXCSHj03Yn0vztk9Fx8MF2aNw4gw==","last_amount":"","last_used":"","promotion":"","status":"","comment":""},{"user_id":107,"username":"c2If64wJhOJNA4keGLUTwc8z1T\/q1pSU6gF8u0UaW9pdfqErWa1wfMXCsao6iBfXExW08tPBgnYw5vns3qJvHQ==","phone_number":"ijMPqcije7vYS0SUNQ6ZH56Y4iD2avUBKKnJs\/kNmZh39Wf\/WiU1JPHFQiy+x1jz7FJWhfox4w0N1nQfg+VTTw==","last_amount":"","last_used":"","promotion":"","status":"","comment":""},{"user_id":108,"username":"Sr8FFa0JoD4scia6iTblUpazsh9v3a5RAFUW7Qg0G96AkVCC7Ovjww\/pZWSJ8j3F0E6zz7CBNWm+eQdWxdp0+g==","phone_number":"0xQVPiYP7mVsd1XpoKdIg+k5oRG7DUuv+9pykrPPA5YeZaewYKpCFZ\/c6BaBWW\/ZuwN9s+ZHU+U2nqHy2T1izg==","last_amount":"","last_used":"","promotion":"","status":"","comment":""},{"user_id":109,"username":"ZJiJ8ajJNHAXTecJjZM3ujZZztRDWYBi1EyHiDV9Y\/ixH2kHNdrpPvRH+DP1HSqKmwd+7LcMfk2LTly1cR1zdw==","phone_number":"XDjcEBdTS0ydET0LiMBUWzSHKYkmnnhA7riaTzVhs3d59tV14Qf8fJBPIA9AvEA8lQHjZ6G7aEzFUjAJtgWFng==","last_amount":"","last_used":"","promotion":"","status":"","comment":""},{"user_id":110,"username":"Neqvsm4RhbFuP3ABcxIL0ldqFnkRWfxKsOvPbnjpjY1tm6sf9o2vnuSX9lbh39TV6YauSsZ5UXXi34wbpqszQw==","phone_number":"nXqJyCTa6p\/fM+p\/XSrdbykT9k3GTryCQ9VccHnjU7gZnZ15bm2XAzedsXpclXovqQAV4JK9bMbNfnzz843baw==","last_amount":"","last_used":"","promotion":"","status":"","comment":""},{"user_id":111,"username":"ZaVT2hSOAvPhLzW07AjtJJ\/9e6mAvZ6PXiz0qULEx0cgOHBY8IVAu5HsDe877EuRqOgVX5mfLo9HNFAABOITaA==","phone_number":"MFkas\/VxChdc4RhbWZg4f5SYdKJTRInL4HAJL7nAEoRYASTIXanBLeOrA0SsFltW50V2f+dsttUiM8B3chijkw==","last_amount":"","last_used":"","promotion":"","status":"","comment":""},{"user_id":112,"username":"Azj4w1anYZNNo39eY7D1LtMU3kVb0IlA7w3OmDkj7Hfh2tFiJJO4ITjIlemKaQ+HDLFSphpUPxrVAObt7VNpZA==","phone_number":"heDqMJQ7Uf5zhvh6yU5o5tlGV656T7ZRj6JwXd9I55TyPzMCSkkypZuY5Tu3+m1jbYh2KBadtDQIKA\/D\/fz7SQ==","last_amount":"","last_used":"","promotion":"","status":"","comment":""},{"user_id":113,"username":"3xwMAG8oAA9Ywwvp\/6fIfSkNG5DR8yii+9R0Hdyhm2C00YlxbA6I0Crq9qSNgc4RE1OiRasWW9n4Y5rrP9PfqQ==","phone_number":"FRU7FPW3p444MTCZ\/2zOTm+orm6Qze1K8saOTjfq\/lypO+0\/4ORoCLzwhMIXnCWUt3CVyozv4h72a\/soaA+OCA==","last_amount":"","last_used":"","promotion":"","status":"","comment":""},{"user_id":114,"username":"labGpo74lJp1y\/qz2iB6aH1tGivzPuw4rhGAWcBa9ntUT5mpP4xq4hRLegpXsRTSYiOnPK6jxPA+LT0nbEkNkw==","phone_number":"X6gx75q+95Pu+sxKTI1fuNYpPnUWIz3UH2D\/OCjP\/dYIiSJrPwRh4qaQXSiDxu24XvFOgH+Sn+sYI5k4RtUUOg==","last_amount":"","last_used":"","promotion":"","status":"","comment":""},{"user_id":115,"username":"a4amH\/EWbN12qjHB5nS58frBXRpT6cO4xMfFEAquvsAATcQf4hS9C92fug1pNaUxqfkYyh29pOW4NdnmOcPxRw==","phone_number":"XIxahBUfZkgTllwRdoMFN+xdqsUeBLE0tjnuvtD0Zec2YFns+qkLvP60DwrMobaOCq4QGNA86gcnLvQUaYHcLQ==","last_amount":"","last_used":"","promotion":"","status":"","comment":""},{"user_id":116,"username":"uw5b+Q7sFeWz2vE8VeAIzAfnFTStMyXGlMKV2yPh73YBvF3w0YyDYcdaBKUqPUdzyD3ahSa3160KHuLvzSBl5g==","phone_number":"3TWrvBwjy7MBb8e\/mG4BQm47hKanSs6Go4+qBVNrhpXewdIIrtGTn86G7dCDk6\/bUku578QTBvtufHQUX3AW7Q==","last_amount":"","last_used":"","promotion":"","status":"","comment":""},{"user_id":117,"username":"eM7F4gAw35FcyjXZBVpCiB263zZ6qRcVjhhDrOO85Q7YVZXnleuFztdpPF1+9u7dULgNDaeF18+DCoGEH4a6sA==","phone_number":"3eSecv8PDjachrZBbOojiUPs6Rg5OQ36d07RUkY2pcua6wok3pOnAzg9YbGrhSfXhiSZFAbB2ducah123Xr\/AQ==","last_amount":"","last_used":"","promotion":"","status":"","comment":""},{"user_id":118,"username":"pT1zVWopJizB8KRVxlNQ9QHWhCeoPjBMdorXLMWluR1sfMqw\/KzxZYT6TBUrN2VcyjdHlLAsFA4K0STj2jOU2w==","phone_number":"a2aSVJaANN1ouqJJTj3Z+fW8yzrR2WesQdR3M+BOIjMoJPvAWaCU0PO5WXmq2gXPBby\/EjyQ2hiT0L69clJrGA==","last_amount":"","last_used":"","promotion":"","status":"","comment":""},{"user_id":119,"username":"WNy\/VSaUCV3kzsWpfJN66GcD4QbJLJtMrZ1eQlgzQ6nDrS2NrvfVW2QFDlNL3i4YHUcJWUyWKsvmZaPk6IbNLA==","phone_number":"rk36ds9s9CBya5tpIS3M2oO+\/GEbGJkReMxB5Xmzr6l3e95YQKoIIvhZjvBGSLa66V3CNFkwhePoLGNmSvUimA==","last_amount":"","last_used":"","promotion":"","status":"","comment":""},{"user_id":120,"username":"luQVuTLhyDiWNHw1okB9oZTCmnbevx2YJy322kR7ak9\/ujtpJ0txpKOQn\/t0D2m8VspPcVXi0ZBI8CMZr4OCtw==","phone_number":"GualjW206G1du2Xm53ajIv6mi4fG8CxSsB0Up\/AW9U7SFhDvgDX9XEoDDFV7JZBCIDM+zuvqvzuCrL5eG75PTA==","last_amount":"","last_used":"","promotion":"","status":"","comment":""},{"user_id":121,"username":"QFywkGONMIpN9vLW\/MhHW4OByJUPlczR6G35Zyx9RuUCr+AZtvVEQGoVYKNXaQ+URMfVpJXZeAzmq5Hew3WIaw==","phone_number":"UnWXemuRHVTvthpuW+\/nt9RYBmgimaw2Uyv9YdsDtdRM2+sj2WJsyuqlSOIFByyP5qxUA7liskHuFtTGSAVsng==","last_amount":"","last_used":"","promotion":"","status":"","comment":""},{"user_id":122,"username":"Cdp7TahS\/qMyfX7DsViRiZoym1JQPeFKMuQZ14EsxRBFicEFmPTPBHjYR1cRNs6B1xGwXaTYV9cfyfZz8jL9sw==","phone_number":"m90lm87PnZlYZ7aUHyuIgFXi8xq+9wS+fsndyX\/LhsmfGTs5vwMq1Z5NIvJfiwW9cVx2VdDJkS3ow0rJX8xT9w==","last_amount":"","last_used":"","promotion":"","status":"","comment":""},{"user_id":123,"username":"8XNMAxF6Rv7RdR6HHuRpJyVNt0VEsQL8kcHsWxswxS5PM9c3MhS\/EHTQjSfbr8qLfA0GOXUmirHNFODfX7uMLQ==","phone_number":"U0gbNzTVmYgwYaiX1\/p1vyge4oJ3oeo8uLadm1q8pyFYwCk89CZOrnF+rDiH3ppAqYnbSB4\/V+PuKdJGayddBQ==","last_amount":"","last_used":"","promotion":"","status":"","comment":""},{"user_id":124,"username":"xvhJbdUszNaN31dPPp8rq9IoQ5hEmxt+c\/CIX9htoCq6Rq92rhwvhqSqgeHRnfhxF1l+c4fsyXljhHOeBX3Leg==","phone_number":"BdNg9lzcV3oaGA6XAvHV6l5y0D15t70iHzY1ZZC21qtk\/VZMwjLWki2TwDqDCCkdnrwQ+ykxUaR4OVruzP5ClQ==","last_amount":"","last_used":"","promotion":"","status":"","comment":""},{"user_id":125,"username":"irEYHX4nsOKGhVrDc9kXN+xP8ocjH7uesjoyECChQR6NvprWLh7PBKCLZIK8YNDQcdKlJMN1r7HbK9Gf23bFWw==","phone_number":"ANwNtww1k9P\/tGH6XzfbehP4riZ8wBP68UvTT8OUOtGLTYxzezt0oN82p1Kdez8EvJaWZBjJCDPoSitVHHCbug==","last_amount":"","last_used":"","promotion":"","status":"","comment":""},{"user_id":126,"username":"5xGLGq\/sxxjZmIbc6PIcagRy1u8Fo1KB74T5dYT3ZXPz2uk87kc30CSHUYTD9fuHOrzB7a8bdtLlLwAs+0\/FyA==","phone_number":"QDnpI+j8FV1ozk6P6ryyi\/u\/VqmdVa+KCIKs2Hv1z6RMYElpPCCOjuuzClQ1wCha\/hBwNQO\/nELYEW7cdHiLPw==","last_amount":"","last_used":"","promotion":"","status":"","comment":""},{"user_id":127,"username":"QNwk5WlwG5dg7UP91QBc7cnJRPvwlQA7fz5r7TXE54S\/90Lc+IY8o1wYc2b4ZxMnJyosPxiyCmmsW5AIjZTkhA==","phone_number":"Ta+Cy\/VceB81cYdF4r1HjSXqRxBX\/wqlDqzHCAksXtXrNZKf0rHzXohH9iAL2mbrURVMijR8rbGzK2bdfLxbFQ==","last_amount":"","last_used":"","promotion":"","status":"","comment":""},{"user_id":128,"username":"Cibe+3BjkmR+3g\/stxIzlabxJWM9ncGHm0dUoPUynJX8hWSxjiYUDrfjN\/RAb\/\/jEoOoe0aQcQJi7QrB+6UfpA==","phone_number":"WwHN47HwameLh3E2na1eTa5cnYP7ykM\/i2vJ4aEY\/KM65nLwzI9+Ky1ecFfUu7qz5xZwVXXaMIgC6htUXCEYBQ==","last_amount":"","last_used":"","promotion":"","status":"","comment":""},{"user_id":129,"username":"iKOcfsdDXmjZyVuHu1jDSH8d89tJugHQzVir1b4bTN9okK2rquUk\/JL+sin7mmpgGE5hiWljBoI1GEhAZxFjog==","phone_number":"mlXdOnQoyjfshTnllJGO74abCGuzTNEldQ+H\/SXtaNNaCcp7WZZMWPLq+rIZARNvCD9VcoGKJFa87RGfdUJBxg==","last_amount":"","last_used":"","promotion":"","status":"","comment":""},{"user_id":130,"username":"SA3b1qnbFrse8wsMDSKO1a98EHJKxw0G2LjBYCtXoefgiq+Jbdfx82npAUABdvnfgRNQdQs5FgBkZ2jRNsRx1Q==","phone_number":"9Gr58a4+nOz9qBRks+JKxYSTNKD+mjuhRKGE5e3GGtuvMYevi2871wmv5WUv5VOuXXW+1er\/Ke6+PoIOEfzfKA==","last_amount":"","last_used":"","promotion":"","status":"","comment":""},{"user_id":131,"username":"C2VXIuTRDgot0h7K4K+jpqEOg3nHNoJ3dMbqe2uOyQXKO5yJjBhtG5C3GDHyAldw5AaNxfD+p31\/J6l2PoX5iQ==","phone_number":"BvMM3siwrdb0uIU6CHRdif8cVz5FEuEUqHBiRO2HE+P4\/Wv1oZbhJ4F8wqBIWvGnh64CSxN9XVSd3N2RJgPGVg==","last_amount":"","last_used":"","promotion":"","status":"","comment":""},{"user_id":132,"username":"6ZldVA0O6CCDvWztaUUSTIVsnKDHP+PyxA8tLzyUT7KIr5wTYNoknd4iFRG3ewUngEIVTUbfRKAGNHC7HT\/WgA==","phone_number":"m\/zB5ss0PRrvEfbPwzjjDfiwDjFWssWqayxsUYXnAGLx5drQfBRj4TQz7MsP8LHaabHxjK3jN7BJxoCHK2ckVw==","last_amount":"","last_used":"","promotion":"","status":"","comment":""},{"user_id":133,"username":"beZQDLFKQlFYSZ6m1vvcJha0tKhAnhfZxOUstwZC4acnis7QA4fvGk1t7SK1cg3GomcaPaTx5UK4hYQ5YX9V6Q==","phone_number":"aMKCB0VGDYgt+BS1mtY0lQ+7galJEFDBzrU730MdRrx46Bf3whf8CEZU0F\/tcluDUDoWDG5LeFLaleulnmou9w==","last_amount":"","last_used":"","promotion":"","status":"","comment":""},{"user_id":134,"username":"AbfXfRmnXiyW3a\/5Inle9cJOUe+n0ssZ0siaYyatWfgLzG6F0ezPBj5uYH9Tc0pSkFPU6QqwQXMQuoBzcJDHMg==","phone_number":"jQte3kpNshKaKkCxToyZPpx9HwtVC8t+4v3QldCrRqodN9MQpewH2GaiWRN5\/DYUCDbsWnigcMA8WZHkKa06Ow==","last_amount":"","last_used":"","promotion":"","status":"","comment":""},{"user_id":135,"username":"Nu5NZhRhXxPYXzRxPE\/8QF2c7zXaDi+0DyUC23H9YEIo3tc1X8VaD6mF3ndcOeAgMdajIkrFtkQj6uu+XymtUg==","phone_number":"AaxAzm8LxIVgbL5+s2mAeKfTZNoe3vY8Sysq\/VUps0efFGq+tiKKfDKmJRYwSb\/l4Mtp5BPFVFGli1cgWXMLeQ==","last_amount":"","last_used":"","promotion":"","status":"","comment":""},{"user_id":136,"username":"GfuD5WEJG00kIZiwKfySKBgT55VfPAnMX5XOki7kOeqJ6KHyitNp3MsVC6Y0LeQjLCylwm3FvPFh1+L7\/+RVhA==","phone_number":"DGxmf6gE0SEWzFBRFKQVwD98EbvRb8dfsmBx98qVdZiTuzREYOW3IBo7wL9H4trizu8Pa3LE1H6dV2GZAsZEag==","last_amount":"","last_used":"","promotion":"","status":"","comment":""},{"user_id":137,"username":"J5CqbTd\/3aCUjttiyleOA\/RMSwKw9r1yr6yuZXWcNSDFvN4rhZIDL2\/nGU7L\/agtoLexu4gbpB1YJCx8+PXphA==","phone_number":"uiWp8ERh45L6+SgE5n\/sE+w8iFDVHJ4zyQJmx4KEixCZFnRmkZxetYcnlw7y+9LoeqdBLcwSzw\/XGVPByWFOng==","last_amount":"","last_used":"","promotion":"","status":"","comment":""},{"user_id":138,"username":"kHOMCDr9FkRsyUJfW6uCqMCDUO+\/t3J53qe9IIBcekz8YEfMZ4X\/R6cOwhKEozfGXpU8RkUY2pZt0FKAVr4B+A==","phone_number":"bVNcSLQjJsHvTQWdnSXtg+qLZS\/JNGQC29sGOCY9ifG\/buzmXsbf376m2Av\/\/c\/cVqG9Gau599WERQfypsxUTQ==","last_amount":"","last_used":"","promotion":"","status":"","comment":""},{"user_id":139,"username":"AcOb3TpFrz7jCsaVIgk0d71e219dK311j6nwyLIkMkRtv\/N2UyWVAQIFRbBC9FOnbMLJ02TdQK80+YGzBpFwPg==","phone_number":"xlQM8UajN477sOVRDCXcPDgVM6p8FEYNCF\/mdHhnjjZB7n+HKLwqMCmCGAmWsgeRKUNz0dBX0q6IvmPBx21gVw==","last_amount":"","last_used":"","promotion":"","status":"","comment":""},{"user_id":140,"username":"MKHnvimp7CgFrj\/fc93Q41kTMYAVcwBCdftwDS7yPUDTCTVGwfwSy8N5r3tZ85fAMQmP8brQBlt9SjaHBOecNQ==","phone_number":"wXvzo\/rlqS8GNr9gR4O+SqpMBGRJKQnmcb7H9EHAqwZFYfyuhES5H8ROSsBlIEoUL4kNWIQVgJ7NwOxkppisRw==","last_amount":"","last_used":"","promotion":"","status":"","comment":""},{"user_id":141,"username":"2etJgbbhTRRYrgL35udTxrSUn8wVDXnF+Vw3e4cA+QXV1tB8To1o2ygVABgp\/5DmUyTAliyEBIo\/D6ojhkQsvw==","phone_number":"RZhQBtoyVxpq4fgNgLKtniuBlkHQG4cDEE9kQMUOXBcAJS76A7cgmcdicNJM7Lbfg\/NmE2LQw5fPKA3UIciAuw==","last_amount":"","last_used":"","promotion":"","status":"","comment":""},{"user_id":142,"username":"mlyz+oSwmWjstySk2Bqa2n8uqZYpSzTl9UkBjHzM4ER\/vIJ9R+YKjwzXC+LciWr7a1FAxY7lLTwlNeotO1An2g==","phone_number":"7aeAUrGqTVJxR5Ha6qkeW6x7H76oMy1F0Hk6\/fc75eAV1Z26VAdTXRu4ARNpT+bk8pp20lvXqDIYn4fgp6QoQw==","last_amount":"","last_used":"","promotion":"","status":"","comment":""},{"user_id":143,"username":"1rez5vO0hYWMKX70X7HnZDgPKnhbo52sKOQdPKy8E\/new6Del9k50EUN4iknZoRbKUTo6Whq3z1AxQT9QiDwAw==","phone_number":"gR0tm0sr9HtrKDZQir79eVqeOtJBz8Xx+34fFc8NBK0ehgnPrCmremRTB+1vx\/p2CKb7BrUUkl9Rr8gpsnt3NA==","last_amount":"","last_used":"","promotion":"","status":"","comment":""},{"user_id":144,"username":"d0ldVb0iLGrqG3khsvSUPPpwuAfH7HjuDV2nyW13DgTbSTdigXe6v59k3zPGXWpQluM4fuERgSGddaXi2Djz7w==","phone_number":"P37dmlUs9opmhNzXWcHBNmKowM1iwxW0ar90NSG3+HO4tt9hHudhI31UMK0m\/c5LJAJukVtJ\/U\/gfYrqZHRlSQ==","last_amount":"","last_used":"","promotion":"","status":"","comment":""},{"user_id":145,"username":"qU43AbLqrC8bLYbOTfkl7\/nPtg7WrrRy\/Or9Umkrh1s8y\/agLvzgGlboF8zMdIjXVNgWw\/k0LLQWMAGZ7\/4Yhg==","phone_number":"6z7qD\/iSXEI58jsio+7Y9dVSRyW4E4Lva\/LEzFPhp48fqEQ8ub38o7zno\/WumMYQq4jFJVv6rlbYwTFt2f4rkQ==","last_amount":"","last_used":"","promotion":"","status":"","comment":""},{"user_id":146,"username":"Tn6Ni8dHC81ZsB\/p4D+HyPkapi693YIvGr4N2RTqIPjGxMJNfeevGQu6R79KNJdOwh4Tf77X3M+4IvHLQ\/KWbQ==","phone_number":"nbEHKWw\/ZDg1ioODH8CYLfMV0nlCmA1wgXQSV2roiaR4noKVN\/LvHPzJqL\/FkI0lAkRgZW8183cUn3DBGHc5Xg==","last_amount":"","last_used":"","promotion":"","status":"","comment":""},{"user_id":147,"username":"L6yrk\/JZLb0AtnId3wCOi0xqPR\/3lJalJtRSMPUS3unCUQUCvEWA8xeOmzE+hcIb+89VabS8shVoyUBNXGNhcQ==","phone_number":"PKNEqIsD8L0bRvhMnHBNQEMzNOQ1wvN2PqWXYHITlA8KV\/8l9\/JybETMFw5IrPdVDeT9265R95gbt7h18XoXiA==","last_amount":"","last_used":"","promotion":"","status":"","comment":""},{"user_id":148,"username":"QpjOOLIenfl2lMejGuKr5Ylw9AJkxdQrDnW4MFMlcc9G4XuZJS\/cI+mTIQnTuiPh0QD9S+KdCWSFB41xBkUUaw==","phone_number":"W0nc2Wiip2GrSg5yevL5t55wOd5oe2Yff5E0t+esXDXmJ21qvwPwfNhtcJunJTZUJqf7YcaxT2AS034aLIq3\/A==","last_amount":"","last_used":"","promotion":"","status":"","comment":""},{"user_id":149,"username":"7YGJMI2Qr0jIPhfT\/+9HZFOxe9edJPOAJ7jpz\/oCKQK52yiMopX8sJJBAgYJtcJINrhDRDlDhAm0F\/638ZKhpQ==","phone_number":"ZASw8YYpNcZgoYW1glr89nM2jhX87ItPq4IEl6Fb+bOYsI17oObAjGcsgO7X+cym5javxl2\/RoDGCeWI\/dptSA==","last_amount":"","last_used":"","promotion":"","status":"","comment":""},{"user_id":150,"username":"iXdpl\/SDk\/scgaOgyKd6Jt4ygHlesfy7M9uYlmhWtKA8NrLtq9uZrM3JlOw0cVv4wnG77GGbtsAY\/9KBwSKFXw==","phone_number":"aJOaMokDbpvAU0JhoZ4XGrCrF7IRfs1nvm9Jarv7RCpJ5tYk9G5c8S0aWt43ns7qDfV81KeIqLbuvh8AsQf0Yw==","last_amount":"","last_used":"","promotion":"","status":"","comment":""},{"user_id":151,"username":"pF2WBV1qxTSLph0sP1rPdII1t6twS9\/QVFw6lut8lUOVBAYXu+EdrvMMupp31Dd315m8souyZQj+kobMh59fYQ==","phone_number":"frApxRD6XVQfkxrSJ100eb8P6e2J0LFfilq4bgUut\/jP8JyELiVkPFRQ1NCT4FCTsnEylo5\/O5KKWjuecXbc8A==","last_amount":"","last_used":"","promotion":"","status":"","comment":""},{"user_id":152,"username":"sYWTWlFaLPKke7d6M9wIw6DNPEW9i+qFnfw2gXE7hyEmCpgXwe4TLEHVncu7PuFMYWNfQ5GC4GJqFZGZSCnYEg==","phone_number":"29KOfCEmdKSCDP+tYIMZvSSyniIuhU8JrcBP5X0jEBSy35TsH5krCktVhdRHwFXVJua0Hbn0YeOV6jJ7aKLYHQ==","last_amount":"","last_used":"","promotion":"","status":"","comment":""},{"user_id":153,"username":"TXZNG4WqZBR7nwX0XtiLHhDYZiJ9RysTxWq6017Nl8Gx72ZecMuBLcmqUIe1hLZHr\/Fr3C+o9rBVQt70EbZ4fw==","phone_number":"Ob4azMPD1\/koe62ASXv7OAO2tODa2NwYj4UI\/tKrPGRe0xiL+C5po2lUJ4mVyB5t616GXqNN6AQrpHQVhxN\/mA==","last_amount":"","last_used":"","promotion":"","status":"","comment":""},{"user_id":154,"username":"pQ6xbMyulToqF1S5Ho8mfQVO67ojPXp\/7G7R1C5hx99TuNBQe2fxA\/5VNLPo\/cKHcOMn1jguPNjY9vNnRP+Q5w==","phone_number":"abCt87QzTGW07yIlpBO69VZZWYnqE\/Ocjohg2P4DKrvq7q\/r88LA\/ajhMq8cXYrpzxGHMDDCohAoW539aPQDaQ==","last_amount":"","last_used":"","promotion":"","status":"","comment":""},{"user_id":155,"username":"fJ6QUQyhQ60dwafJGw\/WSpW3n5qKvqP5425wzrCwJM1PFl\/u6HKBtHaTn3YkJ0nvzF8amENsyyCPj9kftFI8Sw==","phone_number":"\/KCrj4py3aT4WTIHiG\/BMKJ4UV8K6LvIDmz0qHR+2ctPKeYcAdEzYZWJFYcvfZvrGDouw+Wf41NzZISvHaWUWQ==","last_amount":"","last_used":"","promotion":"","status":"","comment":""},{"user_id":156,"username":"FRJAfLonYXD1cIafKNLA5H6uQc\/g7Q7eQmQ0IzQ0pQ8timZy4owunPwvzNxgNG8zxHTdxH6auTfZ74WB8nX0jw==","phone_number":"iNV7yWeZUeXqf1XGzh76RsD1ZKA17udet2wRjrB5upD\/NyCmsuLNoeyRO\/INDIWpnH\/xr8b7fBX7dZJIc73lTQ==","last_amount":"","last_used":"","promotion":"","status":"","comment":""},{"user_id":157,"username":"W0Ah9NCyk+LjJWQ5DuUGRpOBRoItdUPLN3lZ1esd4i8nwZmC48YY0pIH\/gbbL+YlJNBgwo4F1PAH6V\/JO7L\/AQ==","phone_number":"cPP0XP65UzkSF0qX+d5A1SNIooDAkElx8nAWxXddBPGZKPL303KpazRzmysu570cqGq4Vq+2umlvrckBRVOE8Q==","last_amount":"","last_used":"","promotion":"","status":"","comment":""},{"user_id":158,"username":"Cini\/SQ0x73oi6J2xlAAcvZrk97MrirOieMYmGTeC+UNEQBqpvgRCTGADoCja530hJyI\/ZCMhWyFTAqj14\/vzA==","phone_number":"91kn112KsIhYbxtQqEcdODoYGI64LhqSW0Ca3PmdoNcRN\/kJD\/sva4UmF9A+GMZT99oFwZXu2Ltq6\/v\/cvNNHQ==","last_amount":"","last_used":"","promotion":"","status":"","comment":""},{"user_id":159,"username":"l4FUVQs03iwBhQ\/fYZTFBhDu6MyNT0dKTB2SiO3jMC4fVDrhOjPA+iB+uAsbgUYWqRMJ3UpzyVVLe6M8OIiIxQ==","phone_number":"9bGCsBB\/sh1tE2dRyPOOHfgS37f4ld7QW4ii\/zuCIq6m5SHsx0mfz\/e5ij3amsMRNCQG0\/W8HwBeyevcHg1ikA==","last_amount":"","last_used":"","promotion":"","status":"","comment":""},{"user_id":160,"username":"E2MwxhDy6INg5pNOjlUl2bcz03yr1ujjO7NWZZH3wBpXOHXNnhB1Q\/odk0K5g6Mx3iW+H0qMW8aU7XFZIo9opQ==","phone_number":"txFFVnMZlfbIf22Iw17YjE4\/AVcmLu2XpI\/wlpy0qpLq\/EpW983x71i3kOHzkyn3RtdTwnVJ2+vv9Kj3mnK3Iw==","last_amount":"","last_used":"","promotion":"","status":"","comment":""},{"user_id":161,"username":"P2oxS1LvgQUh\/\/0c072xrfJ903BdvUXZZBPDaGo3B7GYQFptjabYdhGAYFHu0FASB8Qrxq\/mj5PaRRaA2zl50A==","phone_number":"dMMvwoDVO6dMwyMmzB0\/Hv+y1dC6KhB+AqVJ9wW2naxXYT4Nem7X7cdyRNTp8rP4iiXjAmR9\/cFZCrG1B5vP4w==","last_amount":"","last_used":"","promotion":"","status":"","comment":""},{"user_id":162,"username":"NeJBphVXbZRCYIxNWP3zFiTEczE1PoTvbUud3ejq96irCW6xr\/E0j8rPb43dGi9jqfi8evw8XYZEUedRnuYFJA==","phone_number":"q\/O\/GhkZ+u8Xi7qij3J+jG0b7i1HGzCMPbFol+l68X50XTWm2ek\/oduOH0tZ0WK\/yh4M7O2Sd00zcnzCwSM++A==","last_amount":"","last_used":"","promotion":"","status":"","comment":""},{"user_id":163,"username":"w73iQLBrjwJE5SoksnPk+S+xTmUlVmEO9h1nWliwYR9iFAuFGw9ugfdrseIEW0ZRtIerl2b+GqD7bhJn8MpnSQ==","phone_number":"7RL0U23QMXmjrNAPe9D\/S5oY7WFC85aKO9yOkgH4rMnjJg+kXRG0HM9kbFtwqw+VAY5vCz6yhlh71P76wqxvsw==","last_amount":"","last_used":"","promotion":"","status":"","comment":""},{"user_id":164,"username":"06CBBMDl4s6LsJg3lJVnTVzkVO1pl01IsPrKWO8CrTpspd+w4AMf5bB24Qfn6qalNz4uCkLzCH585EsFrvg6tQ==","phone_number":"OHECm8mxqpvsK3u5pRpIzmGysjkDMa88ijZNqPyIuvitHU+ounDKzUSq+QbknHSuAYs3SzT0tEGARgHrd3CPlw==","last_amount":"","last_used":"","promotion":"","status":"","comment":""},{"user_id":165,"username":"+l83kzaQPHrvL+dEcImbHOdTaY2hnYWFUD4jndX1NILa\/NWEVR9n4O586TlCg8SDu\/ulb649vE\/YE7SD8xyH+w==","phone_number":"1lgTS+9Ajln11BFZnnBZerN6EXlw3QVFHD52zUy6O2ZaSN3kbnFbCoppYYIAnHa6YEfMhEVNZ3fvaCLYkeH8TQ==","last_amount":"","last_used":"","promotion":"","status":"","comment":""},{"user_id":166,"username":"WQtR94TubBLPQJh6uhsreAjT4JdgbFZbYI91R\/zt8GB8HYfweFQataOQ4v+ZEkPWrjd0pznNW+ZSlgJp9z+V+g==","phone_number":"lz7CXnJ\/h6LjA3tDCJ54lQ3+lgXS54w\/pvpO06XtkcG9yqAk0or6IBXSmAyz6uRmTPdnzJvEIC74QI7MULOGug==","last_amount":"","last_used":"","promotion":"","status":"","comment":""},{"user_id":167,"username":"epqvrfPq6BiJnS97njWMlBR3B86n078BnfPmiOsYTDLiHGSKGwZPAdaO0cZRU5NsCICAQLYT+veFKW4Ee3f1CQ==","phone_number":"fX8vPphoKQh7nultcGibyTDnchYvA3D3vPKRkgYwfeHL1L0MBOEjp5IBr0eCLaz1Q\/+cWaswaKCmy17Gt3knTQ==","last_amount":"","last_used":"","promotion":"","status":"","comment":""},{"user_id":168,"username":"ov9nnQ7GXK814zpEAQK39XFJcDKycUuRu9M8hzoJVFlyRWPu3PWOHjmLH+i2ogS513vEXx0EoXj0pPEJZ7268Q==","phone_number":"Fi8uUIRxDkT8XtlN3TK6vkE0D6xqu6gHCrCpTwYt5\/7KoHUnUEYd9ubrtjmBw6VQGQKFLPsETCN00kzHCdpD8g==","last_amount":"","last_used":"","promotion":"","status":"","comment":""},{"user_id":169,"username":"3KCu6YQS3gxaK7Oz5TrXakZsamfaqwSHyUkIIYtXLKY5hKsnqOwy5C+CDJdqEaQzRW7KgQm+3Y8cu3tudL79Cg==","phone_number":"E9H7RbO1qwtS426j7nrcjjgAugEw2Df3hsc\/\/dbM1XRfKK+ZNwyddn2p1odeot2mrD0s46sYq\/OpD+wyLY7DCA==","last_amount":"","last_used":"","promotion":"","status":"","comment":""},{"user_id":170,"username":"s96vdjEIbwgNPuDldTxVrh0KPtTxRTiWW15bQCQ3Hz3QlgZ6cToWoV2bNxEVc1WYwZ1whpS6Tr7IoAHOxc463g==","phone_number":"jFMnOLmfDG4l4BsD0Fo\/4vz1Htp0vIneDz3zNQf1qxAW0lRF2H5FcKtjsDwC3NnLjlZ6d2aUX33fM5daNeNoaA==","last_amount":"","last_used":"","promotion":"","status":"","comment":""},{"user_id":171,"username":"byXh8Ihs\/RyOmTZbAmNT8l914abZGPdDJiSqGEHdhDq8v1OYVI7FvYtX77AWG\/TB73mR\/czusbnFJmzf+cdSiw==","phone_number":"DzHpUvfBqhwOQK5qtvxGXpoYWXTCPwfDc71WRoXw4MXxRHKLw72baB947qJhyyxDgul8Ay9w66jmhuKYKn5yTg==","last_amount":"","last_used":"","promotion":"","status":"","comment":""},{"user_id":172,"username":"LXLvi2Oq1O6U91x2O2jR4IJ2Q6\/CnmbxzgPBNbG0E+fsQttau3hbGasgSxB6bAydTozl7aaB0N8w3ScgYFXfZw==","phone_number":"m5MOYYKbLphleWM28WyhDezwIvJtSNhOzKlVMyX4WOaVYskXTkRolbQ7CrkOTdnu4TJVl5O1ePx3M3KlL9GIsw==","last_amount":"","last_used":"","promotion":"","status":"","comment":""},{"user_id":173,"username":"422T01IxvkEcFlr+Llb1no6Ypja\/Evnk6mopzwC0Eaeoj9Y0fD6Mn\/nR+Tmb0DUhM84Yu\/80LzaI\/5Ok4jIfRg==","phone_number":"dpw\/d01LXsJbAiBk2mrHd9y9VWT+smbl01GlRPSxvy3EMXhfE0HhCAI7uURwpWhEuMltXOyyYtGjd69fOe+OLA==","last_amount":"","last_used":"","promotion":"","status":"","comment":""},{"user_id":174,"username":"UlOXrJb7ilbjUA9i3jiKKn1s4tde23e+g7iJYheDSoFLrG411qb6G45iPp5bfr9UpLP1eRIH782+Deizxe6AKt3k1bDzSpHsMlTLu5oGMNs=","phone_number":"\/dgdJb+UlHzZSxs4AVu6EfGAlLuAsMqaleU1aEOw+w7qOvUoiIseR8EgIDU3WU+t3r0wUV6gN2hB1Xlmec42KA==","last_amount":"","last_used":"","promotion":"","status":"","comment":""},{"user_id":175,"username":"0kTxPkDKX34lX3HeMoqeO4p3glDTIZKOg9d+bGscBaZRWxUWPaN82hIIINUSOhyjB7ADybqHzLBGffHZMBH\/gg==","phone_number":"1lxyU0r90DV9dvjdqDMMvTYWRff1eHYARbH31enGm1HGMJpEx6uLYVgJ1lkhhA5w9Ugkd0uVjx9PfSBdwmUXaQ==","last_amount":"","last_used":"","promotion":"","status":"","comment":""},{"user_id":176,"username":"ucrbtQ7S1qKQZxDLrljnUObow+Yi4lTZ5YBfcdA20foSFWZtDqzYRpLlOzrqdle4UuuF3eLgyBa+eUOjSokaTA==","phone_number":"sL3IzUTy8l4Z1zkXNqgJgsUUlxZvMm5yTTtHNtkl\/tHzXFI7Ty0tSxTteiruRHPBveHZP\/2wQOzLfw\/49vDkXA==","last_amount":"","last_used":"","promotion":"","status":"","comment":""},{"user_id":177,"username":"N5Y7CBCQiZ8rDlD6GtUPO5x5WE7uCaCxbNK8+XYOzEwkYgCNlhLirPPZuj88sVObGB4634ZljaD\/jVJNKwdcqw==","phone_number":"4qjTblrdr3+PvYH67t8sTKl1r4is+Hh07hS1wYGNuouLn1ZsetqLaJ1emgxr1mcQvy0E\/P\/eHBB15aPzV3eTSg==","last_amount":"","last_used":"","promotion":"","status":"","comment":""},{"user_id":178,"username":"SqpICLrFd\/K99gCSOlUb3aAqM5EN21ld1PU3q98IwfkqDbN5IoUPOpFoRV5\/dJmgZIxRN\/HWovXDbOvwpaGyEA==","phone_number":"+r7Pt4+H15KJM41WfPT3elf3+0WNzVbO3NTPT83pC3dSldpknQIym6x0EePH8vVKze50uyVNB3VBD+xKhs17hQ==","last_amount":"","last_used":"","promotion":"","status":"","comment":""},{"user_id":179,"username":"\/2xDIcF9cZTN94TStUjv0WYHscCKu4KpcWUQHKM1assrLmgSNJVtLLhQmXaiw0iEc5ZbrK4cSCW909od0Tz6\/A==","phone_number":"BYI82eN8muzeNdYWIU\/sGLKSwJtOz34IwnqXc+a4j3OTQi0gMyMOhJzNo2ZBMIZA7LNYNLxeCHuXhe6oilZP7w==","last_amount":"","last_used":"","promotion":"","status":"","comment":""},{"user_id":180,"username":"XJVhs+HI5yy7KY8eD2DYg3jaDaBrev6AhO9Cp4pzjmMOCqIrnvsAKFADycNSn+6IJ52RbiCP7VaKI4XYPxS7LA==","phone_number":"9iM1cWXvnHTGOniU4P7+D8SpZhbZa2XfS9h+D8pFB4R06D4VrqMOX8fvV7084IOn57HSZtn9HMD8S1NcW6VWdw==","last_amount":"","last_used":"","promotion":"","status":"","comment":""},{"user_id":181,"username":"sSgj2HzvNJ\/vwjfTyDUZ3ha7MDxE7cuGqnSQXkmru\/0gMSkceUcYQF7GeRHsIaO6js6NAoHethdUbuS+Zp5qaA==","phone_number":"q+pCr4XA\/VFTlM9TwOs94R0wspkWfVxg32n\/cYX6Axc+UyD1r2fVVDT9B\/8FESffGUdPXO9x+ad3B63LzaJckA==","last_amount":"","last_used":"","promotion":"","status":"","comment":""},{"user_id":182,"username":"+yLnF3npxS8h5WapdNjWfZuwyhjoRBAgQuHHKIhjTjhrXtwizlVP\/aUrHcmeNv\/\/Q9MFXH3FPgMl4OhPdKftQg==","phone_number":"GSfOrqQQ0JlgtpV7nvKSM9Rxm0ONBQ9Gwv\/R\/\/v9aH3WxlcTSr9hCKAMZ64RASOV+Cf3+E+06rMZOetSKHEg0Q==","last_amount":"","last_used":"","promotion":"","status":"","comment":""},{"user_id":183,"username":"JW\/iYKO\/Roaa3lFIfCsIW1LsIiE2hBX+WvLOVKhlbVTp+eGRFV\/HRayvbXOBNn3oGycOmkdJozZ\/dOprf5HK0w==","phone_number":"1r71FlaAdDcSYLt2usQSgR3L1yalF5fSCr5SubsF9p9ViDIj3vYHh\/simYXu0utynhEpWHQokgyj\/4gS6ZKS5Q==","last_amount":"","last_used":"","promotion":"","status":"","comment":""},{"user_id":184,"username":"PfYyiwWAqos9cc+bQ7CTI2lZAayFqL4Mf81Ii0y5mhzer9s8\/HPdIrQY8ijMaeXu2GSkkeQ6IGESRb+6oF6MCA==","phone_number":"QWRg\/b7iCT6AHNgZxA0Sm599L9AHThPfqZxIJArzlyZaTRyJOLwGlhcrZdQelRBCGXiaNkDEdkpgMEvXirlIEg==","last_amount":"","last_used":"","promotion":"","status":"","comment":""},{"user_id":185,"username":"5ok7l+epcd+aOhitO\/NuxtMYodMOGv3FXwXAJx\/zRgNXq0alOc3F3\/lGmkZJtqFNQmPbfbY8Hn+lyOt3W5GfwA==","phone_number":"0Y+paHQtZcsQnQ2QRHKFBZ1b8pvOMTughbfr7y7BAAI8LXKA28J1q\/mXYtCltgjGzJP7S0sLd4MskkDrhujN4A==","last_amount":"","last_used":"","promotion":"","status":"","comment":""},{"user_id":186,"username":"uyzfa\/kRhnCenzHx61+B25omZYwfAUCm4YW96Nxljidft67guXNxfsQF2G4JPp3ZLAjwQb07G+p5DbMOFR805g==","phone_number":"i2RioiorCjH7jcazTGa46gO2KJmpzmBoBVNS4fMT\/lWiJ7erWSpGdb+WZLPBqXXv73oteKbZU249gNkLVwNvLA==","last_amount":"","last_used":"","promotion":"","status":"","comment":""},{"user_id":187,"username":"ML02MdejGt6eNvW\/BBhq4hiDIG9jRzd1P4ChKo\/iL5L3zuqHrE7EdL+N0uemKo9U3xGH3hncJfvo7taHddiLKQ==","phone_number":"LjOucE5UfzUi7+gTrAXZZRheh+hLT+wmnjg+btZyoJYKiH\/AE1krSsFIIb9szoaYxr6lt0fEtgD7lUsP7rxEQQ==","last_amount":"","last_used":"","promotion":"","status":"","comment":""},{"user_id":188,"username":"xr0Jd6vq12sjcN0J8KRUq8Ecb3Wl79HwtNUqmWMOJ71aVjF\/uGlWfuJZT3Qs9gDySHMrKT0nFnuRW9zmWQx3kA==","phone_number":"T0ktNl1rTXprQFz8G9KUzJ6hsumWa4\/leuhyhHRVtlz8cAbZULpL9eVl0hmQ6Lkbu4U9Vz\/Pzsl4AnjLvAYCHA==","last_amount":"","last_used":"","promotion":"","status":"","comment":""},{"user_id":189,"username":"\/ayo3JznMd6AZytBXkqw5mb+7Y2V75BwskufbodCNwc9CHss0+A8IAT40NQ4TPno4WfJ4AMEQSQsNMyl9T0E4w==","phone_number":"RlClg1pt4trm7ZJoQqtu7z8+H+2tnePUEhfYDpEyqayWHeoqOrHKNUVsNlMczPBThYEWxldqfgrQbG3l6\/7\/jQ==","last_amount":"","last_used":"","promotion":"","status":"","comment":""},{"user_id":190,"username":"qBH1QDD5QTZiIHuxua1LH1rYQLoFD3GS5hNYqCVD\/vXKUuF87n+sHtK16yMBVzisimJYN\/AyEVOX+DFqzwc0\/Q==","phone_number":"IZ+g5uDRv9beBYqE0Pzw7XNUME180a3CBQVbn3W701vR10s4DTHb6hZpO0iPSkuvsUnVloO9dfuUhe\/nCpOffg==","last_amount":"","last_used":"","promotion":"","status":"","comment":""},{"user_id":191,"username":"HK3QR8lGDEG+baz+iK\/yW0DFCmhqEffEVhOXREUHpJKnafAsTffHm0PWucS\/69bJFmEG\/4TeIjMVvl9tC8c6ig==","phone_number":"oEnA+QvYpqoqPyNUMwl3HxbeowYBTHlniHVHHDPubFza9A\/NMBVcfstWwqGEWejQGfOaAfvP9cFzKy7HcoZ01w==","last_amount":"","last_used":"","promotion":"","status":"","comment":""},{"user_id":192,"username":"Vbr6lEnh51WpuJBTS+udwe3sCuB38dcg2uKfYjBa9EsuxAWLGbWrWjmu+dfnqBWanPzWV8S3QKguCajjP51oyQ==","phone_number":"29dTnMZWyHPmxn\/I+14XebH2pu5pNDKKgPay7ndRoZiQcNA4oy94MDxQD3qjDfAs+bETnqL95VgOSjcBWf5OcQ==","last_amount":"","last_used":"","promotion":"","status":"","comment":""},{"user_id":193,"username":"DRQSTVeJukMnP1BrWwav0kTJIYkWXA2H39dUFDjnLFdOW4v3eRhesl7Yq6oh6axKRCBp8H17fDC9dJaZZoN7WA==","phone_number":"h3+DAz3sLJzu41HqP6rO1svwKyFtBpbQawevvN3p9jv9qjn6vzmt5LAscq3UznxxiAMuj5IuEGf2g+ogSC1v2Q==","last_amount":"","last_used":"","promotion":"","status":"","comment":""},{"user_id":194,"username":"JsbjJFe51VVpYNEl5VJc9Cgs3x6dDdfcC8g9dVMqEPsk0ndrO9KzDpnGbFjPUtU34R\/\/G0IxGrZui1ZOihj9ZpKbiYCyv\/fyd75slRN2AhQ=","phone_number":"ji1ZF0v51fsi4xtydvADlQl+XMwvvprI3L4n4opzv9485DkSRltm57x+VlE\/7bADnX26iuQVCyrz7eGx4LeR+Q==","last_amount":"","last_used":"","promotion":"","status":"","comment":""},{"user_id":195,"username":"OtDCv35CJKwyDIEQ74rJbmVPQBG9X7b\/b+BoHJmaBeiRO7LveMRYhAlTkjXY9KHGV2aVSMcXhsdPK1Iq+WWnBQ==","phone_number":"dcM9ZDEBvqx1ESl1G0S24mc1m7gKgBE6yTuSPUPjl9Utu0ED\/owJ3qV+xAUCoYrvcyVZXrlB6qyx3p7wYW9ozg==","last_amount":"","last_used":"","promotion":"","status":"","comment":""},{"user_id":196,"username":"xujL2VFKkQPhmLbXf\/Z4jXIJmQ7qO4j5YVXnB27hNffCUG6Uz2FO5gl5bxh1X5yBmlDq7HX3F5yCBVVfDyiZ\/w==","phone_number":"X+2ttrwV0Z7oMeRIMNs7H3CsyWeLY\/EkQ\/P2zTMdqo5DTfGjHucqpcVt+gpFiT\/YFLrsQiR6F0GQzyfch05wUw==","last_amount":"","last_used":"","promotion":"","status":"","comment":""},{"user_id":197,"username":"B5vj\/d4NEM5I3QcqkLZW8NGsWv2CRj7C5sw3bTiJlbQDbGYlyBO0JWZuQbF1SHFaQuoFfIzY4+yFZtG95DM4vw==","phone_number":"pkoEReBExTb0rL+hP92ilxsCyw6Nd4lnraqV9Xs\/dO2mONRcKxiMdjovuFFVC7PntILno0UJyYkrRqnag4Y+SQ==","last_amount":"","last_used":"","promotion":"","status":"","comment":""},{"user_id":198,"username":"Mxwa2qAimbvWF7rA2GbWjginDE3debjTqy15ErZVvFKBEnZn1lGCFRpPYiarwYqp4QvHc3CifRfGC4VFLdBzZA==","phone_number":"W3ZI7niWN\/gwfe4+WVb7nuRxuGjFJoXhWBDXNHA2DBBRq1Esdkobw96221SZWXXrWnb8Q6N+yoXcFmUjCswnOw==","last_amount":"","last_used":"","promotion":"","status":"","comment":""},{"user_id":199,"username":"QsAzrzNM1RMlWSxm5BgVNU8qBIAIA+OC4N2VeAO\/y48KwnUVuWDp1C5XZbxIF0NMgUCxPuRiY36HGJxpy9bqVw==","phone_number":"bMkPpvtLHG4fi7B5Z1S3HBFp7YcvSMk\/7qtm5UKEAfNUixn8lWbozTEXOKb4Qs\/QuViI5aDAYeBTBFqucT9Pxg==","last_amount":"","last_used":"","promotion":"","status":"","comment":""},{"user_id":200,"username":"l0FLh0CCz+DRS6gqWVfgu5O6mZfJtV+ZQWL+8YoqOSHv9x0DDjgb+kDrCPnCg38au8d\/yNstJFA+7CTD2QCSCg==","phone_number":"89+sbYv1TVQkAFRo3FF6MwcRkGrKsF5jQiM\/hCf2t7MNMhmFm8hrUYjL+tDLqMOfFdJKYJuFuEfeZh5KrUuagQ==","last_amount":"","last_used":"","promotion":"","status":"","comment":""},{"user_id":201,"username":"YGNoraSP1YbC5FZLvj4Fy6nqWn2NlscAtd36ilvIgcKvzD0\/cMc0E\/wWwq38zphP8VMWUb8ybtN9uYU4nAGCBA==","phone_number":"BRdQkU80reEWvMlp5c09K4SeZRplYZlVlaDHxfRag3htQnOAOzqH+kDlhQ+XNiMU11oA1L1qAzcCkb1hWDbTNA==","last_amount":"","last_used":"","promotion":"","status":"","comment":""}]