[{"user_id":1,"username":"Pk2+zs9Vba13CJmhJVBMeo1OeM6WLChyYaTFY83OsfaUw4c+K99DGgMfln1bLPIvAhziP+m6YaFt\/++6rwrGFg==","phone_number":"62i8k5KCTGvb2GhbqRRsePbR86RRiGxy1Si6tLhpoPoMZhLg4Wa+TxhmOwBKfjZMZ7VSovcI0C7i9Ia8GNp8vA==","last_amount":"","last_used":"","promotion":"","status":"","comment":""},{"user_id":2,"username":"jsy9+rSfTnOsjiTeeiE4Yi7h32Hv3SChqBQZbwQnijTBPuvAjz13jFtHadZXoKvbLiWxh4uqnpgGxJsj\/VZTJg==","phone_number":"Q1ed7n2VF2GO7YDjmpetWkhAPTVn18YQGut4l9f+uEorxaCdUCQl3brp9KSa5C9jO81ir1kkVgGNFNkUuYjpbg==","last_amount":"","last_used":"","promotion":"","status":"","comment":""},{"user_id":3,"username":"3vaXKUBUv5e87sq8I1Zzx\/WyU8RkTmEnNZMcA3qKXRMhDfP5p91j+sGV40CtmyTSwqVdeWvBUVitY2KbLovavg==","phone_number":"dJ\/AjO4ed2ABeA6RyRYT7IePSkQ\/iGbgn7l\/d7GHL+qv+sIxaeYwTU08vE8EzGxrXA0ZaZ5t0OXq44gDS5T\/3g==","last_amount":"","last_used":"","promotion":"","status":"","comment":""},{"user_id":4,"username":"kPqSfbWeWujmTMytu49V\/3gWYFLyE5IhsYqsIaZI6MVC482ZRgeS1mWtglqnInh4WhyOxC1LIMrgb8U3wDhLXg==","phone_number":"5r3RGk2YMwqx8XNoBdzXg1A8pRf6IDSiw060k6cDwjpR2tlOAvC7yyOE80iLa35I35LS32feyUaPb8ZO8xmRxQ==","last_amount":"","last_used":"","promotion":"","status":"","comment":""},{"user_id":5,"username":"F96xFhSoWV7TJbGV6QIWS+O6xNdCrjCTxgG8iBn1NkRxnraigTBiOk2bJ51wW\/TTNXpxIFEH8+NbzzFRXj\/ECw==","phone_number":"vuHaczB5zNKAoPITtJP+RZKLhvf7rlfHx+zOn9k1CE185gc8cOYN5pDm3yw6X7DpqNSX5lc2drQhjQHbqyCQQA==","last_amount":"","last_used":"","promotion":"","status":"","comment":""},{"user_id":6,"username":"l\/hX+iTTbp5iGGwBtPBw7UfItGjPNeynghVnbGssQpeymAuBmFxAoSAmDSI7a\/1OW93CddlDswywF4w9DVwluQ==","phone_number":"AApYGUpFyECcjoUtFlY44P0BQkuSMRyvJFZlQZoXYeTOmd2cVtmCNtADCY+J9zmSbZ+GJr22U97IhtG\/Zrv17A==","last_amount":"","last_used":"","promotion":"","status":"","comment":""},{"user_id":7,"username":"CEi3YDBlAoRdLmtJ\/MZIqj3Q2a++waxNC1RDUcaL97cDKSNwidluA0Yvx8gnu8mgS2qcSKZavyqNF\/VvD2vpaw==","phone_number":"Hsbp4LdWeDD6WnR7Kubf\/HbbmP3yIiYLzQSbjwgPXhpCMubMdMyBdglHT4h\/7txckDLtmmMW\/XcdbgCtO1qZ5w==","last_amount":"","last_used":"","promotion":"","status":"","comment":""},{"user_id":8,"username":"AoYJ9MC77b4KlJZJPLhO8+es5RQdrchTJHeykJ0KcO3A1GOqhIzPApgY9aQel+8qgMSab+jkMjYsPR1EyWAxAA==","phone_number":"+5Pxjo2uhF1AK2ynczYn1JXdcACpl7b+YlgvHk0ZG4Ltdifsoi8Lzur\/SOpjhs5idiUrLut\/coADlFXzVBs32w==","last_amount":"","last_used":"","promotion":"","status":"","comment":""},{"user_id":9,"username":"lxDPBT4ULc\/MdJfiDhkymQ6LO3mRQal7aIYwIrazsoGyqYyEvjFHrV4AQRArvHypvH6Sr+O4i\/Xg249OtPqycA==","phone_number":"ksLMiRTVDINeoUXNGZIXDdx7L9Y8AC2rCAImXNv7MwN5\/GjuwGIA3ATBXZ2IlxPEXr4lUZ4MAi\/15Nngqjf88g==","last_amount":"","last_used":"","promotion":"","status":"","comment":""},{"user_id":10,"username":"AGxO1KrtZLego597l2OJcryJ0s8epZWGaueDqrhfVDdqJEBJd6HfFVbr4gVaCmPkD+dWw0umNhsmI3R7uj+AsA==","phone_number":"s4nWufNNCH1forWWETWhJQIX\/0GHfCBDypPdjMyllaE\/CKJQBfT\/fex3k5iBxb6tvqLOoZonliHP92KTlD2Wag==","last_amount":"","last_used":"","promotion":"","status":"","comment":""},{"user_id":11,"username":"YpzDGBguB2kAZdXzZnJItvV\/PLPFuFBpzzWSyFwXoQa\/TGt5W2BqdcPf5t5AZnDiUIQL7iqcqJI7xCWll4pZTA==","phone_number":"rFrmqTNDuUbXxu+DxED6Y+5tYyW\/+u5UGZ9IEadILE1FgbGve0WWBqtiP87LWeHW+HOQD31ZeKLuqYDYjvlsEQ==","last_amount":"","last_used":"","promotion":"","status":"","comment":""},{"user_id":12,"username":"OOrppQ\/notoA+KF2SKl9ZTFVVz6h5FFevO0G\/\/iJLa+B8RIEePMxVVHPjynClwKF9VPdmvySOT40sY0x\/wW8Gw==","phone_number":"AJnwbnLcxf\/hl3vJRxkN4+dNAZPxDv4Qh5ZEVGESEHM2LMAV0L3l3NbpIHqHuV2eBZFo2gHYl5EisomFjb+Zdg==","last_amount":"","last_used":"","promotion":"","status":"","comment":""},{"user_id":13,"username":"IBx951xmJT+zvwemSuQr6LKFeEU6fnHs6aXhBZZIZz70HuODpEirFDQHzhUPvn0YsE1oUdqE7FFqZfdcOUNFrg==","phone_number":"c73HRYEjs4SSo2fri7vgQjrYjgdHVjfi\/\/o3gK\/VnC32NuOFP3wCUo\/wQbVwOJngQrTJlVqb7WF+8Wz6bsaT9w==","last_amount":"","last_used":"","promotion":"","status":"","comment":""},{"user_id":14,"username":"jXE9EFKr2QZ\/MTL3ARIX79BcWZKoDD48pQZ7s+DMgup5I7s0dTSwUdMNjwqewjXutwA93caNiIJVZ79OvZxaGw==","phone_number":"2G3z7AmYZcWULQ7vZ0y+Sh6pb0s2ZdXUyHUuQzxbEmCOIg7IwPTuLQ0\/\/Oe9Py9T8VHdubuOq4pqNtkJv3XRBQ==","last_amount":"","last_used":"","promotion":"","status":"","comment":""},{"user_id":15,"username":"2DlXcQFAWyDsnAmybhCWmSQlF7H3viL7KUjK9GQWBUSNciT+\/sSwuXM4EHpnj2EqjBRc+RfQP0LtbLAQ9GH3Vw==","phone_number":"R\/qAjjZqg6NqrEO0pIjSriMOdoUYDnK\/1ave+145hPkLJdhFVAH5bAQOgyfXebDuK\/5Ksklb557oy9AcpHZkJQ==","last_amount":"","last_used":"","promotion":"","status":"","comment":""},{"user_id":16,"username":"C5co7oOjYwB0swxzAvmUsMR+C+pjkVbtM8e0\/E91ny9ArZkba\/5PKo6890YDjWHjdDz8H34UHolbmIl1c96cuw==","phone_number":"\/DtwezO9GG\/bPUQW0tJfDvsO8SR9VFSBeDqRf7QTz0a\/R0j3mfdiVDtFPmgoi07a3aJkLD5ZoCL1eM9haqfIeQ==","last_amount":"","last_used":"","promotion":"","status":"","comment":""},{"user_id":17,"username":"1JYvXTPQNz+9mdMPqainIc5cGMlXDSDsIV47+YNjRlf3\/S6ivY7TSuQJz0sYOaLzFrpLzn7uyrVZrhHS1Qd\/3w==","phone_number":"tRD4O7Fod6LkzGJJavVFRxvGfHYvnfNqbrBARENMC5LU6JOMSPIiJG3HaJyWT75nwvprkM2PBjyxh5fmX8Shig==","last_amount":"","last_used":"","promotion":"","status":"","comment":""},{"user_id":18,"username":"24rd1gOYIsN864j9fdWqxlgn7FbwIgq4gCMyOhD3egMKowPP8AeD2AD9qwbade5ojlNtIitFikwLQEy6dHv35Q==","phone_number":"ONtvbFaZco1J\/o14oc+Ka7REn5TTEczeg0S\/BCtKdjbfe540HEn2503X2U\/ezLY7LuSYqwjdaqgBRXFh6SH4PQ==","last_amount":"","last_used":"","promotion":"","status":"","comment":""},{"user_id":19,"username":"b7zTP0SZ6jz2K3gHkXZ5y619nVeeZTooYBC\/5YwA9agNjJoHDin+sT7izF9j327sE4TJ7fimWkCH1mrmMMYOrw==","phone_number":"37AHaFDrzZe\/8W2wIpCQ4cUnHl5s3GoIT\/2sdeELUABiBnPTnzq+xVnkMgKL+BSEmzaaE\/4mf9AoUyQQX\/tFoA==","last_amount":"","last_used":"","promotion":"","status":"","comment":""},{"user_id":20,"username":"VryO61heo0TBilftP01w3JruvAEUDEV+b7+\/PAtMh7GpMQ98eYupAdXBRwM57UGEn9VEhvRdwgMl0RtNkZAhZQ==","phone_number":"lXpr8HXcMzJCbwRuzzVDg6LkXYBpgBk3+vgb7zlLwiSwbD3BXiPKQe0XJM8dArhatPwr5x5rCeT5bQ6PbeJAJQ==","last_amount":"","last_used":"","promotion":"","status":"","comment":""},{"user_id":21,"username":"COb8ZeQSwxvU8lmw4I3HMfOIqPeY512SY22R4bvDN1LGnjUVJ7mBa0bjshlcfT\/7m35L\/\/ybwgYFccg\/z+X2XA==","phone_number":"OOIfOTHGQNF2pvujp9Y90ERRu4Bj6AfRNhRwW+pZS8BKML6UAkOLvVxjFuKAg4dKTbjLm4rCV72SF\/Wq3z1LLg==","last_amount":"","last_used":"","promotion":"","status":"","comment":""},{"user_id":22,"username":"xvfFt2gyaRaC1h1ZKAB8+avRPcky8YI9HVUnwCZujiy8B2Qv9zyj8ZHuDyHfNJwQLHqfQ3RvZPX3xTUzxROO4g==","phone_number":"ppCaIWpmOAhTkr0AQ7kO26L6Vzp1qh3L\/aFjSvOc9chGQ2cRSBmiNkTfP8m1ZR6WTg3U2AIi6JhdUQlbvS32cQ==","last_amount":"","last_used":"","promotion":"","status":"","comment":""},{"user_id":23,"username":"n0Z6fFYo+j3H79h75YqOOHlub6KzG5ImI6J6zm6i+J1Nd8kediezuZ3HyGveZApdTE\/3hWmLAAM++1jyssdRyA==","phone_number":"zkDEiUw0Xpl97kRqv\/R+sAPjguT8UIwAaDeG02e5QUNwzXdgeNo73kcoAoQuzxIqlhFLmMA60K4MW2LWd6mJbw==","last_amount":"","last_used":"","promotion":"","status":"","comment":""},{"user_id":24,"username":"I8TucI5oMtnDQ7PwL7PcPiaM1lWmhBK0REerVioIBWzIFW8rPo0jsawnDYrKnniXw9Mkz3bPuX5pYgzgVyqLiQ==","phone_number":"BlLQz1mR8ADCYjuuYt7vBQmmY8q5RJ0+qYk2S8n37THFeXdH6gyhsD5m3oZrwgiAoyTRCT9VT5JuLDuvKK5aoA==","last_amount":"","last_used":"","promotion":"","status":"","comment":""},{"user_id":25,"username":"5SeoYm0s66V6quWdCNjQLOG+GNgwl0i76pw7ND+Q91lByozVATHN5ul5ZgwC3MNFrBHbTE29bafj+Ii3nKM4PQ==","phone_number":"Vtj2tHEx1gLm3c4w8p02UPXYok9T8vQPmrY66uLpifI15zYF68cSsqVk\/L63jB+rUqrzWpjv0txoU7x4NMuhkw==","last_amount":"","last_used":"","promotion":"","status":"","comment":""},{"user_id":26,"username":"vsCUFucR\/mTiVeJXj1k6ezqzenNg0XMs+uvyILmjD74Kg4qqFieYt4jK14Dq7wEwnvhEBaYmiVJby5O2dtorUg==","phone_number":"1xiLu0diFHq6jHMe2yEoK+Qsim6tB9Q4Q20xtP+Hs2ol775KTzlKYMtaf7Cu08u2yH74WRHqru1qU6RJ\/NIfSw==","last_amount":"","last_used":"","promotion":"","status":"","comment":""},{"user_id":27,"username":"VXdYd\/CPswfhZnNPLIbk+LAqG0+mQ8oX+yA8cXBztod95tadLIMy882RHA9DOv6Aze4Kx7XENhg\/qL35qdvItQ==","phone_number":"ZlYUzjefKVUTctzsH3Xr6aGfOzgr5BE8WPbFdh4FuZuc1pZicxAFFpV8e+Rg\/2x2FKVfMxA5JTFrzsGBeAfkVw==","last_amount":"","last_used":"","promotion":"","status":"","comment":""},{"user_id":28,"username":"GRCnUaShZXCmRuoBQDRd1efhtDFMn+Zv62wBrp81fUR\/xl10ZMgG8ui2epPby5hLu8VDiy0X7GRzkQ7IiJJi7w==","phone_number":"4AJdqPpVN072LXWnk4fWl1AcH2uBgsaOpNo7AZx+5S6v9U5kdfJ\/BTwvbX4RS24g81q7Zlkqx6VTYFfNs++qlA==","last_amount":"","last_used":"","promotion":"","status":"","comment":""},{"user_id":29,"username":"xOrYmy\/A0vmdBmu2HTUtyqkcwxvTvuInKEE1cN04f4zuCG3oCz0uJughBNbFdMZ1+KF+Sn1z6cx05ouNy3VPSA==","phone_number":"mHolJYTPu3IELRDwHXcXz76kOD9J\/D1XiMfAS9i+WXakTjJb02DLWxO6fkdqE7yd86P1vtSxcmFDh92hgDrRBA==","last_amount":"","last_used":"","promotion":"","status":"","comment":""},{"user_id":30,"username":"XFUJEYWMZhSAdZthrOXWqjXJXtJnB7wp5T8+DqwBTHO25G0+teZfCZkTUoykhxqKpi4jG5oj99KqFwS+\/E67vg==","phone_number":"mQ0yXgvt6PXn+ViI0M7EKxljfX+dEg8oIAqRtjjuxVUdoEN4nX0iuKSDT\/0+2viFd\/u1gkLTcsa7atKwdKH\/Hw==","last_amount":"","last_used":"","promotion":"","status":"","comment":""},{"user_id":31,"username":"rnFgDd\/CiZJF0hKL2of99KUNc41eYOzzPExb+gIbSc\/MdUrjHeJNcmqBeghXsRIgYJoR4sWHvUKkzl+YLsIx2A==","phone_number":"pJK92X0var7Ydz2hXFytH2JmafiKTreCnUob2pDdhdcuUb7bciBWPDhSxWJoRvuqr1gGuIlzBozUyMrFLe1YYA==","last_amount":"","last_used":"","promotion":"","status":"","comment":""},{"user_id":32,"username":"KkhsnrnXH74pdXdc9S438EugpLGSJHSqsALve4eI7JYJy2YulowxUwgH\/w8KkRvpNBxvnsaNWO0XCHU8XDLYWA==","phone_number":"qbQnj4FTk93QcY70S+3Lcn4ODrizp3lt8w3BlL22JKWL8gyfewW7Ng6SjWZlxVtVqZj21i9l\/vSp9rblCaDPfQ==","last_amount":"","last_used":"","promotion":"","status":"","comment":""},{"user_id":33,"username":"WMLgKtOdNidC0FoqZFSQRQ+tGSp\/Fp6IlG0i7ItACp6SlyQSd1Kuay\/wx5HgpxtBzMXyTYw+Pd+76gSbefgAMA==","phone_number":"gbx83jZr\/yPNntjQ3g+LvPN4nOR3WdAfGmSy6JWXE\/CuYofHicOtPdZOuUsJqxQFFamnVYML0g6hm4lU+ZWqhw==","last_amount":"","last_used":"","promotion":"","status":"","comment":""},{"user_id":34,"username":"spfX1Ct+Gce0FsJFSOSbPXtzT1BIgV0ARdbNDBSNa7+fkkaRdPmhZdQb\/PhAlVKPOoVQa3hhIuld5yMzdgVVuA==","phone_number":"7\/gOscV8NUg8TKvNwXDuiVHz3BUZNxNsGIFNcIbn5NkIImoVcHvvIEKFphFBUCdYCSfiplAcAsUOqEX+nynEvA==","last_amount":"","last_used":"","promotion":"","status":"","comment":""},{"user_id":35,"username":"1s3T+pio02zITyWCehMIm0U\/PadwovUuDhcaZe\/5dO5lNEHTh1vlY95QlcKfZL\/K7qtkUyJmwP9vz1xae1zPvA==","phone_number":"1HsDKCcJFcA8Igk9TR5Fc+UnewB\/zLfflCWWZJSEb3ye6N0SDwX0NOY\/km5fzEruKpSIX+FMZKgo6i3rZ4EJZw==","last_amount":"","last_used":"","promotion":"","status":"","comment":""},{"user_id":36,"username":"0L1MEdJAPtVFm+iG4\/QzDI8z4H5WeHD2Z7MgQTynMTgKdPtOOfwqlKwmCuZdU7kLZ9fufO\/ZoKGUNl2+XWFOHQ==","phone_number":"J1HxpEczX1hXfI2tDz5xOFntYPPiO48GUn\/Fei\/5qojzuxuqkaqmn76+N3hAFCucJQsQ66Q8amt\/pLtxMQ9lZg==","last_amount":"","last_used":"","promotion":"","status":"","comment":""},{"user_id":37,"username":"Roncuk8XgePj04wL5CgwZzPATipdgJwD82FFIo8hglP0fWrmUP5PKSUxLOQC5LD7g7lVxDeHU1WIn4UmHy99Pg==","phone_number":"MfiN+MGK3LPyCTJUlF5l6Q3+eFVWhc0\/x4yCspsIHMEozC995yj\/VgS3FKY2wv\/hwTKYW+dJwm97D4uU6M\/GMA==","last_amount":"","last_used":"","promotion":"","status":"","comment":""},{"user_id":38,"username":"eylIJgKt0xG8xMu69S4C0rgZLL+o1G0VnJ\/Qd28pQGmMflYK4qmD6Fx1wF6zjJN8oqzSjxM7yg0QcSOcSOLFnQ==","phone_number":"4tbLs6sa5o8TMG\/OST1w1q9hsU5aYXTBRNlbfMhHVKBtKgLXEAp3b7dOCVc3vC4bP9pyjOUG7\/L8E6DRF9J0rw==","last_amount":"","last_used":"","promotion":"","status":"","comment":""},{"user_id":39,"username":"9OJqcwhUQneAtY8XOCuvrIrAasIrOhSWkc7MQjz0cB+HjI2kgxSNSegD2YefApVaLuTNcyL2zPh8vaYDdiVP2w==","phone_number":"GvUoo87\/8E9kI8xevmEmTw66PZYAFr2UPurprEUMyEqs9E3tP6NaLgsTQ218LpZKCdhAI9aMAT3fVoWFtW0GIQ==","last_amount":"","last_used":"","promotion":"","status":"","comment":""},{"user_id":40,"username":"MnoYlET4HbIC+WQOJvcxSDJ779cDaLja\/cTYXHLmO2ktsV62P3wh6BVvP8Xu98YJeEsXJyb6jxiU5djFcBZZ4Q==","phone_number":"Wv4XQi0r40\/Z47abV8HWb8r0Qk3BnPwosFaYfUh1iAKTqYhK\/mtLQTg2SUM+VHUCiY6lShnWD8BKlxDSloloLA==","last_amount":"","last_used":"","promotion":"","status":"","comment":""},{"user_id":41,"username":"wzzaRucewt21u32O+ULlI4NFu0VykaUjXng6n\/rpLVhUKx0oyqig7nugQ2Nx37IioEQScwFSHmBvBfj3Zc\/CVA==","phone_number":"IdZbr51+UeTpgHl53RS8vbg6PeOgfY92n+FBWoA19GYKWzxInJaUWvhyYMesRe1Hw16\/0bhliYTExaWNDZ3QJQ==","last_amount":"","last_used":"","promotion":"","status":"","comment":""},{"user_id":42,"username":"2G4mcgVPeaETBm9UPM2+SKBCSIw2CFKsj2BhknIC0\/M08OJZ7sGz59ybYKYDQPl+cLvO9C3Akskz4eLq9a61tA==","phone_number":"WuWkWqunv5mKwmR1LvuNOVLZjV7aybzVy0fM5GNIh9EyWy5CshoAI+uuAn0LLxQtNtZkpjONAnyYiNeQNYJCLw==","last_amount":"","last_used":"","promotion":"","status":"","comment":""},{"user_id":43,"username":"zT22OUEWV2QudHM+2\/pi5WPBfvtMBJEAIRzMGQNFeHaGaO99c2dnFpCaTXP2jZrlmn+tAs+J6ZuASPehK7gKSg==","phone_number":"IUARxnRIfHD1b10M8Xc9RDtibSACUy8ZTkgA\/yW+lWqMHLojUEYMJIAnqEM5z8EfwM6h+rj8svVPHtbZ6ltGmg==","last_amount":"","last_used":"","promotion":"","status":"","comment":""},{"user_id":44,"username":"9hqVBOdg54D8lR\/4I9Hrr1218+fPPmpn8qWzWjNpMCbbwWjqEz0SF+EHG2gXg0v4ELS+SW5hoWCbYdOntzhXRQ==","phone_number":"RL\/qEMuDBzaDDZ7VQrwwAspS3sucTQZEgvBNtqz58k4zWaRaT2ClIH0NPOiUYKJhGecfS5\/yZfahDlBzPp\/uyQ==","last_amount":"","last_used":"","promotion":"","status":"","comment":""},{"user_id":45,"username":"TQDhoBAUWkZHLsn3YTyBe0BqvUUvSQeUL9R+9Sf19wYdW6bA+fGiVv8yNN2\/gXwQ8eG9j083aY+gcuuO8QFdnA==","phone_number":"vApqNqEtvlgF4b+n5rK7+TxyxsLN7tdQBh\/2xstL\/byNHAZ2F74C99Rjx1kET0cv3O4D2qlt3uguKo5q7+lryA==","last_amount":"","last_used":"","promotion":"","status":"","comment":""},{"user_id":46,"username":"Lwj1inV7ulLZeUS983qo7F\/tFUBnnty6YI5JRQbElwkIiCRMO+NF7BMN2llnCmlpmZML\/KcBM6n9CNiH0GxlsA==","phone_number":"5Ya1gEgxXpGp1P3T3F1feaKbcDY+J31c\/HD8881taj4wEjQoAKhGLCs+h4qlAZc6Zsgz8Ixt8oWPvvVTqhFfcQ==","last_amount":"","last_used":"","promotion":"","status":"","comment":""},{"user_id":47,"username":"8L0y8EfUsRnjKmUHAPsM9+sw9t1K1br4Df5d+ki2UMwN0fMG1jKnHXainFu4GHBPuNSH8KmPDFtZ\/m99KzGjHg==","phone_number":"sN\/UUs3psy4JupiQYb7M4QP9+UGB8QOuxGhBvG37ECy+JpKO5eIg+peo1MH8l9+V33kdx8H3ZUAhKzlkR6Pd\/g==","last_amount":"","last_used":"","promotion":"","status":"","comment":""},{"user_id":48,"username":"HHgch2VFkEjGhKZjIwA5feEmhgigDLqXgCkTO\/dVLZ0FVvqgJmZS8+jmVQEELxrdRNMuhLdGlTnRpL9xQCOAZA==","phone_number":"UhRd8Sd8EeujPDJl+pbsHfAKLklszVRolJm5rcz2dkBDziqP6wo4iNdZRPwgWoKrqemotXTxgWh4TbjLNl\/c1w==","last_amount":"","last_used":"","promotion":"","status":"","comment":""},{"user_id":49,"username":"LYorLVOrRZp1uU93Hbund2or0lXu2eyFN6YV7ZkjZNBG3qXVTcDKQVAwNo1\/33Q7ws3JobLF4L4LE\/A0Rh6Hew==","phone_number":"pfU0pPFDhBnE6wigDDL7na\/p7yKUBptjv\/RVzWfwb\/K+cWjpC2hUqUUhnAbk1PLVzLfJ8XrF\/ejFZzT8HezAQA==","last_amount":"","last_used":"","promotion":"","status":"","comment":""},{"user_id":50,"username":"QzxvgDna5XPshPjzVYiZ1vTB5KI6Z96WBkpENw88e\/7\/Wq8E\/G823KKNCRwXWsc3aMdHGXokxQWgjhULAMYTfQ==","phone_number":"r90WFQhD9RJLkf\/BsELbn1ttOrnYvztw\/9i0pqa\/w9vH+TumpKRNpgpxpw1Bpnw97TdrUkMkvug5Cm1nw3AKrw==","last_amount":"","last_used":"","promotion":"","status":"","comment":""},{"user_id":51,"username":"vkv+NJsIavksV1siE1n3PNxmlP530WqlFH2+vN5H12aPrVaYWMW58A+JE91Gm4gUkeAZeq2DrflER11hicmskQ==","phone_number":"boP5f7CyauKPhbzfKdnAt9jx3ggtQRQfDprwRAnxcXlC4+akesq8dneKbFSJgyZwDdjaqtWTfTcSZcOIc0DSmA==","last_amount":"","last_used":"","promotion":"","status":"","comment":""},{"user_id":52,"username":"iItaz24xvNm7vq5fr0Z0isebsTbc4fPD\/GVNXYejJNB6G0dOPc8YdTESo1Adwey03iyZWekMNdc0AkcgyvkUBw==","phone_number":"t8Twnym4hvq7y6RdOTa73zIE5T1eGcrvCk99A4ocb6QDQ3UaKWlvAX68i322757Hc+yW6q1rLKtKZUUEV0c1Bw==","last_amount":"","last_used":"","promotion":"","status":"","comment":""},{"user_id":53,"username":"X\/eMUtRVDT+A4nFsgyap6PbhHjPlGw00PJm1M9RQ6bwE1dGqwBFwfjlS4\/605gDODxjpnUHVO5cEhI0QsXRHjA==","phone_number":"5JTWsUglWX6j3JANfXmqFLaoumAcQrARjqsthGwF8GSfPfGxXcNCkHGaRh0zPoKVHeXTsPRxlYjOknakFcXLuQ==","last_amount":"","last_used":"","promotion":"","status":"","comment":""},{"user_id":54,"username":"qx8NOml2l2l2Xu66RwxQWDeHbX+ltMmalQPGzxEf\/TpfRy879zegEoW6cgmbx1IBc\/6CWUPhD\/VN9xeZ0W8X0Q==","phone_number":"FEZZLV4BS4+EkXP9ynxTXPm11baS1XEhgYeBsz6L13GMUoqvaUVTXYcmLHgYCt5i3EM708s\/FA\/l4pQpTJx5Ng==","last_amount":"","last_used":"","promotion":"","status":"","comment":""},{"user_id":55,"username":"0llE1s4Ip1aNfjE6Q5M8EgUwGTKNJ8xrnL9gnma13ofdASWyK+xFsDV3qpRnh7HmLxu59elqkT6nQ6l\/Cu4uMg==","phone_number":"T8XgQ3uodbpGbT\/CRzeK9OFiGP\/lbIdda\/aa+5BiD4UXW\/+LPtdNvytuBktjxrfyNix5SO5AcR89rQhb3fhpXA==","last_amount":"","last_used":"","promotion":"","status":"","comment":""},{"user_id":56,"username":"ZPsGknfJFMwJh3Or4ncj\/mDLfnXsJJgujxclfen14cYMGvOcHFCQDHk4289y4SxtYpsO6yXdB2WmOPahB4cEkQ==","phone_number":"qll6vjXuN1o\/jbTir6QwQHAw4owUAo+QhIIpRkwAsRHsrIE7TtOZT7Qpeelq2w7J5+eI\/+9nB\/2twu9ysfxNXQ==","last_amount":"","last_used":"","promotion":"","status":"","comment":""},{"user_id":57,"username":"87ZiAhwjPijFze7WO9P3R13kYVPwRnSJTDkoOoUnHO9kx\/90097\/6jn4bP+Otr1ouAICXvAZVsByAQetj62e6A==","phone_number":"6CKv1P1wmw0f1u81Cz6l4\/zghDKVPdbNqOEaY8Ei7BZ3tJvzszWFwcPM9IjbQOhKwvOWPMVfXS1wewfp24Vc0w==","last_amount":"","last_used":"","promotion":"","status":"","comment":""},{"user_id":58,"username":"fllbNvkrwzon+4NNC+yYVxSxsxduB0RThm8+7tYJPGszCkR2QsXvMvbsp62r\/r96U4qhVngdVBscMAWM3d40MA==","phone_number":"3NqxC2skEjAiGdVn44JYC85SUnWZmI4kRPA6\/N6IdynMpPR4gFbjuWCds5qYeo5Q2w3\/e8XDMsdOi6oa3SyHZw==","last_amount":"","last_used":"","promotion":"","status":"","comment":""},{"user_id":59,"username":"5Pd3uksTwddpcRd8juOuQM+ArWiDMWeZ3h5cIjv\/ZLq4TO5Y7pHZeQg\/H+c+ftreR3RD1cmRadfBEZjPNKAaOA==","phone_number":"oI29nUZYPtpCMS7xJ1jWB9o8huGcyFA4ypq\/UBU\/7\/ZYdTvbxNEnkVbXuIG6IzSSO1WawFC5\/GjPNI\/mb1FMLA==","last_amount":"","last_used":"","promotion":"","status":"","comment":""},{"user_id":60,"username":"a\/CDI54FQ3YjXp4HJyWg4\/k3JxhQ5EqCs8PEF38oUO+2oDSOrs0aAhQnqC5IDRwygJcbg5k722pYi6hrfPGIow==","phone_number":"sgTZHUZA5dk3WxgESTHjgwxfkej819gW5tiExdJAeQRq4wH+lOS36M060uuOIKCUsAcL5CSWLSuahj+Dx9pp2Q==","last_amount":"","last_used":"","promotion":"","status":"","comment":""},{"user_id":61,"username":"QEAwqHzzu6woQFIPRBw40PvaYzuAKdmX1Ifa2sNhmNSLZ2v\/Ud0Ufz45V5PAcKh+j6AttSdQlF3sGhbkzAVelQ==","phone_number":"WkaJxclgL\/BQCpv5F7YJ6E5fnNpyroIZKGE9OG9VNnzcCgPvyaW9wOfbCaPmvEj0M4+N128gGdqYtMJze0APcg==","last_amount":"","last_used":"","promotion":"","status":"","comment":""},{"user_id":62,"username":"jiElwpW31i7d6z2MVieGvXFMMxHBqHhBI0tB246OZkjEWaFubZfRZxWiGIpu2aajeMtBohJXmZ4qY3mDr17w3A==","phone_number":"Y+ec31MWGSt0S9QT7rNbW3EDNsMG0eCDC1o1BC6siO1fePjKjaZP9CxWv63BKM5nSUBqE5eoBXWgZrATMHAsew==","last_amount":"","last_used":"","promotion":"","status":"","comment":""},{"user_id":63,"username":"xUWEIu9lwGE3HPpTYAnpf59lhQCY9eH6\/Au4565U5\/hTwgPXWGaTEjOdVb+y7EAWOxG\/J\/fGFGhXhUtSzmo7sQ==","phone_number":"aIzpoC+Dr\/MQv5xu7KbbKVFQPVL880Ylt824RSJ1WyBB3iCIlLhkLegApUmhWGsu3sPuHquw7GHGPDlV2o29Hw==","last_amount":"","last_used":"","promotion":"","status":"","comment":""},{"user_id":64,"username":"FAaJaf7JrZotColbjVFwj88KusGO1rHzGZzA1PjsP3fmzYXCmx\/zPPgpwnt7fhBWx2enoCxaa8HVjEExyvSbGw==","phone_number":"\/jKDGmPhFwLCtDr+gbus1TiCJDAkS8D3x+NK0zDCVUKL0afD8ivDau4FEWjYqnwfCZN7IiLb1CBDX52EwdPhTA==","last_amount":"","last_used":"","promotion":"","status":"","comment":""},{"user_id":65,"username":"VY5F7cxbepy4on3GwiO0V0QTe5JEMZjHh\/hOk3sOj\/eeLd9wdW+npc5ena1u6hjQmgdoUFyUPs5YMzkNY++ftg==","phone_number":"8FEBDNosk9Mtp12IUbQgoRquT7euNKPlq6nD0I+pCQb4CeE+ZcY\/dS8PaR8Ux3cYOkhrE903NLtZQc122J\/wgQ==","last_amount":"","last_used":"","promotion":"","status":"","comment":""},{"user_id":66,"username":"vKPktSh7jwSuhzxXmGgA3AGiQ0wOfTXWBpJw4ULbr6cKfloWnP8BeQTnT6ypKO+WQU9Nq6gFPCry0iwPHC3P+w==","phone_number":"CsKeiE+XhJf996KphyHY6Qfl2FKKbcAbQ68FNavjfDzoYqj2TKokLcnLLR24TULjDhrixNcteAFdU+JwwKRVzQ==","last_amount":"","last_used":"","promotion":"","status":"","comment":""},{"user_id":67,"username":"CSbdr+rZ\/SyqYVR7HNkf2tIh2AnFYVsDh+hhCQyBNDft0QGSZbiOymlUHIkRJMgZRPMrCUTJRzt9TqPhNxdzxg==","phone_number":"VCnAmalv+\/L6ai3ldvrOPaOtp11xjzKmbhocjhExRSmXQwcgtH6eMs4sAOG243\/cFw0\/toYM9JBfhe7T\/XXp7A==","last_amount":"","last_used":"","promotion":"","status":"","comment":""},{"user_id":68,"username":"oLERQd1RXc4ESb8ZTboTMRyuby\/JRM4zGLC0U2MSMBo5n8t6EKrp5kgwVu\/IhGjJ6Axd7DW4kZ2NE4aS1mt1IA==","phone_number":"LDFNb\/bD1mqBK1fNggy1DvW3X62TX5dElLkk57NNsxAKmrolyWauFX+SwMZDSP+a3U7JFHJWG6+rIAnyiqRxnQ==","last_amount":"","last_used":"","promotion":"","status":"","comment":""},{"user_id":69,"username":"hajTsLJvskzhQcqw8S33fGPIxGPfwvSDKXpGOKQmEYwUyrgQsdXS8Zi9\/aDDMAmc5wfeNG2TJJLprZA63myogw==","phone_number":"vzOm1OKaE7lloI8Ybt69\/+7BWStGEBcWgK7mQWUuhnIdnY+6HdQE1IWKPJ\/b\/72TigNlhOZcaPr8GMOdxKf9Lg==","last_amount":"","last_used":"","promotion":"","status":"","comment":""},{"user_id":70,"username":"8HtqxOOEsA2cKuC+wycThBBgZp8uNimQSKBWfDqJ6m5C\/VL92FDAqCRGQWU4rjMtkYrsD4LUyb3MqgBwuZ5SSA==","phone_number":"TV1GSbm26bS8Hj5jp2m\/LUQJ1HCNQ\/7GSdCsKPjYf5WNeT+QYx2cXkws3yIpbc3ydzI0NnmdYPnCmP04rgsnhw==","last_amount":"","last_used":"","promotion":"","status":"","comment":""},{"user_id":71,"username":"12idi72GoxYGyw2lVgEjut8Hd0cs+ioUKE3hwJb7JX5HWDI9jrfFivat3swIMgKJB9VhdCloo3G2ND6+VvA3\/g==","phone_number":"ehEpcAykJG5zHgFLdwaD0ET2HRmKVJ3kx4TykHm65ZBNNFdSxMgO8StLESWZzLTOnYvUupy7V4Sasz3+z\/AouA==","last_amount":"","last_used":"","promotion":"","status":"","comment":""},{"user_id":72,"username":"wTVvand4ng5Wd70WnauNWPIkl8Akt38nHTUwCCiFhBZRXv\/tOwVtpSxdB9dILzRDahzMwsHrhGY0Yo7\/XlFHxw==","phone_number":"TZtY31iA6o9kK1AP6IXGISPPAbRrCe\/ufsle2e6OZ5Z0RPlVdMmuX1lpggyDBPeNlXmk4t8TfzYvQoO5HkH5Tg==","last_amount":"","last_used":"","promotion":"","status":"","comment":""},{"user_id":73,"username":"XFd7EenUH7JPRYkdYwfpEFefIOJ+pQX5M2ra\/OJ8PNdEVN\/7INsfonJd+BKren3h04Bco3okez09UW3Vqjciig==","phone_number":"SpZ9rZN414+2i1TjqtrSribqlpm+46f4JKrX\/ahwqEaRarAyqUv11br9fxtKx2vPFbHdhhXsXMfZZocltpWlFA==","last_amount":"","last_used":"","promotion":"","status":"","comment":""},{"user_id":74,"username":"i1gG3s2ul9yDl0GStXoLiR801FTMwGS\/I\/MAjkBmSBYGTTYuXzoRdrbp10stDY2Twj\/ONOhno0n4PPvV7wnQyA==","phone_number":"kYK6miGx8l4cyemT+ryL3Ei2PzjwWNp0efA5AWuC8dS6pUgCru4zbZAHRSQNUTuZsVBfeDBSdHQSauLS87Fkiw==","last_amount":"","last_used":"","promotion":"","status":"","comment":""},{"user_id":75,"username":"HXkdibsvAaPW3DzgCIEJnGdio483dhSCT7SqBjnYZtePrKe9vJuBV\/qPzIkFomF8S+oXLKSeRbc\/QcDFPh1N+w==","phone_number":"xOliMg+OWLkgRom5EXoN\/A5rxiz7y\/ToefP0VFpFJoXq7\/QWE9YoZK+nxPcMLIreKRw+yxGT+KxGz\/p2D1V8mQ==","last_amount":"","last_used":"","promotion":"","status":"","comment":""},{"user_id":76,"username":"8B0WzNzve7lKtRKglzPMNv2dfsnkZHtVEFGu3oNBZoVygH5rJp0RliN7Wy6farzmPQUJA\/435zksxi8WWy\/pRw==","phone_number":"aOLILA28YJXvYdyDJ2JjRI3gzjslFX92uKVdymgxxroTLxJ86zeLpizrQINxPfbBXV0Qej7NnUwMcFsYO\/MxVw==","last_amount":"","last_used":"","promotion":"","status":"","comment":""},{"user_id":77,"username":"uRITJ\/qd5+uGfQZOVKg0Dtjs4POrYo4t7KTdq8CNCEioE5HMVAB7wiNZrJVSzQneFch4Q75H1p6s7R53pIsQJg==","phone_number":"xrdwbLYDiFXyWOEZZXMErVsrl+ieaoQD8+4KdOEDMEn2oGD67u4NkdnEYHh1ORaw0bJeuzv4tUJyNIRTBRUp3w==","last_amount":"","last_used":"","promotion":"","status":"","comment":""},{"user_id":78,"username":"MnqJLI6B9LdtXhpk\/ggikkP7BFrWPmizXMBSWq6Itr\/bQlFFAYB3CjcjwWfQZ31TlVnVvhvxwikziOY+Y4a2xw==","phone_number":"uAFWWZ3VMVIxs\/QsnU44Ln1411lu2ontXnn45J9RSQfLup6yqKLxmLubADSiKXe\/ovX+8oimGeXCZlB3P3zxjw==","last_amount":"","last_used":"","promotion":"","status":"","comment":""},{"user_id":79,"username":"p\/LrrWQrureJevYbFfZkxgqV2KFAB+HqoVvUUyeaCQD6IZLB1D6xiPKXj+UTl6cAhFZoiBqAYzhVUBG4aYsIyg==","phone_number":"J9R+VyOS0ipFf9M6dQWIHKlQ\/Jy1qdn2P2OAKCXCq85ghbreiTlAuxhFGqUbKioyIoCS9WIlz62o\/JYzNuDnOw==","last_amount":"","last_used":"","promotion":"","status":"","comment":""},{"user_id":80,"username":"nHDI7bqZDKW9PUR47dfPr8DfD8EWJXbLqEydUSsplvTUBBbArIixS+w8qLvIsKFvVLjYkOcdCg6z+0nojPY6BA==","phone_number":"dNwMrzn35N4sTiQX8aPQmOASjw8HwK+FthClUoQWCkqmrcUrkBInWe47nezlnt\/gjRzNM7+AH3uDSOFJh8rSOQ==","last_amount":"","last_used":"","promotion":"","status":"","comment":""},{"user_id":81,"username":"9I+9iUuRXFmMY6Tx\/dYFb7n5eaETKAeCDOiJuju1flVRzZi\/wDUzThpFL6YSnkZ94\/ZZj84VYAsXJD14d79oYw==","phone_number":"gU0\/5Q9Xi10fVZJEt\/NgipRdl6haTnEI\/n9+qfDDXeyagRv3yHwV9oFlyZ3gpJLEgb8j5SWnFfv0uDMOSUVd1w==","last_amount":"","last_used":"","promotion":"","status":"","comment":""},{"user_id":82,"username":"apA6jKfCNaUrBavqzQrBMlm8e6QS8JlY3GA4u+1VZ\/hDdG6IZTpgfSn+vCOHy8LXN8iL92cq2Fq24I1nD2vCsw==","phone_number":"xK38O\/g9Y4FNBrWT0XwndZSdY2af4afWZC4MuSB\/KmibPewdFece3YwXC63JL20492SfAYHU+x0saKucWGrW1A==","last_amount":"","last_used":"","promotion":"","status":"","comment":""},{"user_id":83,"username":"SNUef1eixaxg7FMo+4625luMAX4Z\/1kBIGFJ7BqR9RCILm9sLHWvHJl3sXHLs19fVcH0SRjwYFaUvEip\/xfsdA==","phone_number":"bRZjrS54HcFgCrB05iO52qLRfyl3clBq1ykwIUlEIur3barfVhEwuOVNsd9TWK4l6pbsyoAyOd4dqOt2+3A3Jw==","last_amount":"","last_used":"","promotion":"","status":"","comment":""},{"user_id":84,"username":"AoN7uEr2WR9MAUtsKP7K1Uu9+pLaCG1ODXE8QXh4bkBTO2+Y4a4EEVfniiFI19XRVh9WpKPraSVk5LOu1pFj9w==","phone_number":"DsxUeIfAzLaJVgeGG2MpR0E1Mi61p7OSQZ3fvfT7wIIqbEEKDpdOYjXyIaMWUkXcP\/Jy0UkLi\/Qd8F1dch8h3A==","last_amount":"","last_used":"","promotion":"","status":"","comment":""},{"user_id":85,"username":"WPDdpiXrh9qn+wWW3YEfuX1+e+vCbW1ZunOFO3eZZjxMUinwT9QclqBoK6zZAYCFu2xkbfehLaf38FSOKSl9qw==","phone_number":"WfTO7g6K1sDQgpOVSqEIi3rup\/hZJa+unt4I2Ejp1bZN3XWFmcGpQanP6+BR97uqL87pxJYCrZnH5NeXPF+NcA==","last_amount":"","last_used":"","promotion":"","status":"","comment":""},{"user_id":86,"username":"+Q3Pal3bnQ8PoLtBfSQLHSHSmh9jDeExeVikgyDTW8vYPuxLvBQyWjHCwucnFoplxkOAqCfEinL\/4e9blD+yEQ==","phone_number":"+65hlFaD1C5NomEHQwZRc7FElW5gQh7QthqyXbf8tgwh49+jZLqKuaYyBa+T\/Tk1wpX1j\/H9at0uVrqkSNJp1w==","last_amount":"","last_used":"","promotion":"","status":"","comment":""},{"user_id":87,"username":"SlcPdoVxB1pZuhYkAKSWJViyRSydQqDXEu8RL5chVzb3LSly0d8gsk0U8MhaiSGEaFqG+Ra8M+3ldF2ECa7elw==","phone_number":"rf2M+02i\/MDItd\/WYmq\/LQYLbuakJ+Yd+xjbLdADXDSq7ojw7OxSq3NLMdj+4rjHtTdoWn0Xl75uRNt7HB8nMA==","last_amount":"","last_used":"","promotion":"","status":"","comment":""},{"user_id":88,"username":"1B7GJMCfdjkV+57\/0JdQ\/wj7a3xvxoKisW5qjMPK7B9j\/12fGlZ+egRDoTN\/qeDueBg7HiwMCaD1qsG1zva7dw==","phone_number":"+GMZ6U9oJCXS1E2JSrhdleIupusLPaHOPAv1pv9Zqme7i9JjcGm4dBsT6vEU4myK98aK\/2EzJ+vMmBdjVX3uqg==","last_amount":"","last_used":"","promotion":"","status":"","comment":""},{"user_id":89,"username":"0\/bB5sAWQ9neEYKMxOF3QZmNB7Shbfe6YPsSnnB3mUSc3xOM4XyNZlkSA9DiSDRePFgPfJ4cZ71MMhGSQwDrhA==","phone_number":"GYFbkgmtQLBoIve6BSvGpfk+pKacBmAZUzRVM1XNWvfCpsd2OlTn4Oi8OhcLSbOmPlDhi14ONwNkq85hieLb2Q==","last_amount":"","last_used":"","promotion":"","status":"","comment":""},{"user_id":90,"username":"AoDw7sYCQpmVFd2\/\/iFwkKWNNGPAQj4p5XfPTIphSNEDCir9BdIS0iBJx2dPJc6auKUyfl\/pw4AzpjzlurxHJw==","phone_number":"kioechAYFHCJ+EvDN8oyLoM47dm5AFo4f4SydYnF2ZxPrWVbJ\/lsgdqrh5z\/gl8rm\/nY3Qj7HBLYGPjGeAWkSg==","last_amount":"","last_used":"","promotion":"","status":"","comment":""},{"user_id":91,"username":"pYIHSIvlGF290Umg\/AzGd\/01UO8GEykp0z\/4RnnshMxO5YQRAdgzrN5+8+vBIzhqJnVrteqJJhAZszY\/Ok8heg==","phone_number":"r2XVypfIsDwCuNXNZQISDHZhqi8W\/pCv5ioKTr+S28RgB1NaUnmOLfmHtrFdP6RjoKgPblh\/VQRuShPp0zpjCA==","last_amount":"","last_used":"","promotion":"","status":"","comment":""},{"user_id":92,"username":"eaDeTnFdbsZuTWSpfGnN7dn21kbc4B5LtNwig\/wUVPWLi51YnuNBp2h2gzutbvrk58qRRsrzl8YbP+w3sjZOCA==","phone_number":"zTTefU9OB+iI\/NEvxsSJ7qMfnjhUYNkIpH0D5hQcA88cTdLcjfBe\/pr2jIbu9QWBKAX2mjChpGelU56pfsMPPA==","last_amount":"","last_used":"","promotion":"","status":"","comment":""},{"user_id":93,"username":"H\/0pyKiOw2LvossFdiACzU61RwCffLvRD10d9XfACSLQmnT9W6DOte7Wo4KO0FfiI\/ekzLLYZtSFmSZ9aRUaPw==","phone_number":"isjm+bRlIZeENZJ6emqlrEGqVukGgnfOEjxZgR1ZuRbhcqy5yPSqQFnbTfykT9gUVg8VJlOcBvCAEgvMVsq62w==","last_amount":"","last_used":"","promotion":"","status":"","comment":""},{"user_id":94,"username":"GCPbCkJYWpe6WLR+aJeGmPpfu9oMPFWCsdwAOAElnNJYaeRxEX0spTMYTOAgb2jMMeEyhCPkCvkFEpWb426B1Q==","phone_number":"2LxaXIMemazABDWYO4lYfwApwIO6Wz1dm9gDwrt1x99LBhKrZFB0rFVpipcwAdfoxge+JGtIXLGSVV+WH09o+w==","last_amount":"","last_used":"","promotion":"","status":"","comment":""},{"user_id":95,"username":"3Fp5Ym6NWniNfEc2imlnJAAi1cHXQXJjKvVV3u3g4W336K7mXWLZhCmndUyb4XLXPyxtXA0zmusr+dN5iEfIlg==","phone_number":"uDuMcvYR75SD7J9KMWM3EMReZs6XseqTs3i73h1sLOeyptmOie6mCzDThfbpRmJRmFQtb2\/zR4RLGnDRjzSyhA==","last_amount":"","last_used":"","promotion":"","status":"","comment":""},{"user_id":96,"username":"qdFDUvpU7w9hB\/wdsbQroNBiTqYWLRi4fE0cY8HaCccxU9G2ToY31ihHbrAI4AcSl38ScOlJxDAX89oqd8wFuw==","phone_number":"sC+vJuwAoxZfoCFB0aTsgRz2L+V3gG+3Tbvkl4sLfmuVv1VjByZ2hRHcygBbn8cHossuOzb3pkhva0PefiFpuQ==","last_amount":"","last_used":"","promotion":"","status":"","comment":""},{"user_id":97,"username":"uxMK0XggqxnLI7qIf8Sw+wa2H1eijhe048b+Ayp29beZzNcJ0JpbvLWaaceNPkYy4FCubK2aOOuEtH9mE760WQ==","phone_number":"M8rECOeRaaWyQQ4yEyNke3luCbRR6kPqqj+qD7YoFIdEBKPNXZ5EEekF8BmX4tAB++5AK7cWvKQny9Mk\/v6jGQ==","last_amount":"","last_used":"","promotion":"","status":"","comment":""},{"user_id":98,"username":"MIBo0qllA+Vf9lizpCRq9kOl\/ylgZk\/BoYrr4W79xhab+ck9nnyGQ\/CGCUJcX6cCzyL2ns2pK4Xdcr8KgpvqBA==","phone_number":"4+m6JWpzmC1ZZTUPTDUF3CjMoOv687LkIQM0gs\/exMWN0AVP5pRooZPGLXT6VqauhMvrtGsa3gd\/pmI69thixQ==","last_amount":"","last_used":"","promotion":"","status":"","comment":""},{"user_id":99,"username":"S4CbPk1C7e8J1mYDlXsC2uSJCxXqXM63RAzi7limaK5bw5QbN5kf0wV6ar8HTbAC2Ehk4C7Km5kBISotcQMaWgVH6JRc5zSCHf2MKT2BvwA=","phone_number":"gnHQE7wD3Bit1O0vYBHDV5FtASXf8AziNTUb3yiR8LZ+3ZZ0oD9bhUG4DRXaw3L0Dp+TxmDLmecL9ndgu0G4qA==","last_amount":"","last_used":"","promotion":"","status":"","comment":""},{"user_id":100,"username":"QYqe+u6u5uFhAUh5ASbhUsFPCA3Q91dpckci\/p7MQw2bi93SP6hSyD24PcxpqUmEdb5JtiN3+xYFr2lP3lwZ7Q==","phone_number":"O1u12sOpRtx7gFHNcHWIvR6YN0wdtA\/mFgR2zhvZ5Upc4oFkXKSqyhwao2HqcxXyKG5dVROBNMLRFV6XcYu0zg==","last_amount":"","last_used":"","promotion":"","status":"","comment":""},{"user_id":101,"username":"VUVJf3XVkg2ceprMhuxSM2kOmrQG0DgCxS514X2n34\/QJJE7T8l34UGpzaShvPbH\/zlUyTetnIlbC6B9nYCDkw==","phone_number":"eK\/GXgSsQOGd2gI4kC6+3QSqoyEqrRlEsV2yyxJJeUJVq70YvOreFhVnVv6ba4nAn+JNiISACnNkJ3i+Rov6IQ==","last_amount":"","last_used":"","promotion":"","status":"","comment":""},{"user_id":102,"username":"1IKSo5jNCj3toxA+WvYRevCET2xpLrF4WxuAstOmhvoVAMfL6tJBzqNGDiqnMKIWuPZ\/I\/g+w7vmDZtjuIIL2w==","phone_number":"NHu1CkBc32H2w8Ri2gTB4tM1Xa3oe+K1EkMtLyRuvpT4jewq8nZ3sW4Al31rp7FNx2zhaseg6EORId9VQ11aBA==","last_amount":"","last_used":"","promotion":"","status":"","comment":""},{"user_id":103,"username":"2G8bcCgdh8tSztx8TgRk6EbyX9YlaSDrIKHVl37wPz2ZtMW9oCwtgIUtMG5DwHHN+RgqtnzYo+JFoyvYi4T5Jg==","phone_number":"pX7Cd1akxSk8t9cHqAsLQ1slFKWQ\/2qLNMvi9pDH68gnsjio+xhNTWWJklbcrG2W+p6cqbqK6HYPbwzlWLTdjQ==","last_amount":"","last_used":"","promotion":"","status":"","comment":""},{"user_id":104,"username":"HGKA1t7lp5BREvtMal1eib7nfZFM2SCXJShmWM3U7ep8FHRWvuYGQ+dM2IlPiBLNgqpR3seHtvxYrsm2YW4H4A==","phone_number":"QMajrViJ1uCf5zjOqWly3tdRKVk1GPFWUE713+8TgZm3gkHZz72r0JHOeshxkZDz89+N4u6avCkIZXeyBkQ+SQ==","last_amount":"","last_used":"","promotion":"","status":"","comment":""},{"user_id":105,"username":"LRqMgHfYrygEIguIqdjPKeQtCGfwPSWcX\/RAkjSt50a\/\/TAnQ0pHPzsRiEihCB6S0VVNVKD\/PiRI7\/WVx53zWw==","phone_number":"dBvh+ZGJaTrweGuf04JYgrIsrtQwdGEfJ33zPLtL5vWuzNQf7Hg0VcwXL1\/2vXDADtmXl\/H0qvg3WGXqXH4S0w==","last_amount":"","last_used":"","promotion":"","status":"","comment":""},{"user_id":106,"username":"1uVmLw288Tf7Gg0z0PrZWaf9e3UD\/EQ7lo1Mva76mbakliwCuq91HNcDywglb4QFQ+J0PcnMnDQ73ujatNjH8Q==","phone_number":"ONmFsLVxHQznd0acCSqH9VN+OtBINv72T9Q4IuCMT4pmHIl8MOWZZcAf32Ocpf8B6dtVvzCmfptaZ9PJ4mK7yg==","last_amount":"","last_used":"","promotion":"","status":"","comment":""},{"user_id":107,"username":"b50MBVVY3Yggsuu2jRqyDOrnrWhtb4WUh8DBB\/4caeYizvf9QXZPGPztpFPM6Jc6eCVH7+vwUei7Pu7+Ys1Whg==","phone_number":"e+rdLizMzJYuMoiN22QBDuIbLxMNLj3j7DvPvoqTOv4uFNBUQgajrGqv1dp\/\/sxcm9DvbyzTH\/dxzw06NBASZw==","last_amount":"","last_used":"","promotion":"","status":"","comment":""},{"user_id":108,"username":"zoFOZm81kTjcpZGjMKM\/qfR3igeMNKfOfbVuJ94QAxUasiCGLYuBDU\/Xs5WWWmvPARjc2gw0qbRKlb6m\/+y8xQ==","phone_number":"QEVJJDyDbfveBSM+WglPE5+uDCoqaNPS4TNYXrRlhbA479oycp1t12jZ0982WHtMCf2fCBFrMhD4TR3aMZpL9g==","last_amount":"","last_used":"","promotion":"","status":"","comment":""},{"user_id":109,"username":"DcplhgzMmcyh7cO2G9As04YSYZlF+yPwI59SlfSDEA1aaTXQ1gtM6HtoM1nsGQVVIzNevWgJEIWoutP2r9oUIg==","phone_number":"fa4qgLbBietRIw7UiKYzbVm+4un\/nmHZaO3J9YM1lpu1ut5xzKy0WmqHuqBjvwYuOIqTVoDYlpZ4Jf0yZKFvFQ==","last_amount":"","last_used":"","promotion":"","status":"","comment":""},{"user_id":110,"username":"hvX10DJ3diEjbZgyPBZjvDymDmDsR60onrLt3eX5Ud06fRmRTSExZoJDmZIA1C321zBZZntkY8Wz0D64qUqHVQ==","phone_number":"0WuI26q7IORK7LLJsUV7E1IZVzbf1lKjE6pxyrPaobXiNr6+BoR0SYVPSHuT8vLW2NJZ3qizV8gvlCJ6cAGFfA==","last_amount":"","last_used":"","promotion":"","status":"","comment":""},{"user_id":111,"username":"V+faSVMP3YopV6Kg4wv8l6xSxgQ5iv3WDRWLdLbNk5ee\/tAR0aej10tIC4RVice9aG53ODXLbRbms1olm8M4Bw==","phone_number":"oRF69fNYbj63FCSltHXyug7c3mhHymuOBTTWfIHo+hgPsNxNWW9xRcv7aCV8uOafOxKU3dVGA7Hq6uswTxJpMw==","last_amount":"","last_used":"","promotion":"","status":"","comment":""},{"user_id":112,"username":"OgzZwQ2tHthx2FuHaW0nJpfvwlRHoBHWupWs8dbJ8oSNxcaeaTSQWoyPVbrZxeZzZ5trzhzWguqzCus0BDmqnQ==","phone_number":"il2rYtUgiS5XDg26OjSIym4\/\/zN4Jaryv7FPJslljECz2FbfDf9tsjztLQlKu06oy7OcIfLuSJ7SGTbc\/b0F5g==","last_amount":"","last_used":"","promotion":"","status":"","comment":""},{"user_id":113,"username":"TOoPZa20tLjFXTF7atyX8ZV3\/nMKXyHqnyjTfNuvs97eHx8JbwpijdkcmLJhh9wqYdZTGv7SjJdFXgCPP7QS1Q==","phone_number":"rnZXm+ZD5DfbpZ8tozC\/hyn6QebjR0Qo+tyIv47cJ4+YesUPKoXQKYAC3JuoIXSYaXiEO16w31wCRf1nbSL7UA==","last_amount":"","last_used":"","promotion":"","status":"","comment":""},{"user_id":114,"username":"N06zvrzwqUq3qPITDJqlQwSQZBkhhDdGp\/J79fBSvbxsipXmNqVAE+C\/lBLhwdxQCUzE9TkDHC+jWkPfZYU8Bg==","phone_number":"QzFKw\/ZJu\/gWOev9jeSWNSQUIlyZYgSl2ki7YA5JjwSalUP5p6hNydWvNACv2QL\/n+ZWZWJi9flKDWdFxY3Vhg==","last_amount":"","last_used":"","promotion":"","status":"","comment":""},{"user_id":115,"username":"RP8djLDPJSfcONS\/jinlHJMasXzm3yM4apI4+8dXwVT65vDawTIkmwTu2PGvTCLYx7BxqBte13c8K5hX\/9zDSA==","phone_number":"9lvVZspSMLMxUbqyaDd2zWVyk6B4S3PZgJ6Na5itGx1RfuUQfenC99dSlratum94MvtSTOTJV0nFZzqG3n4Ybg==","last_amount":"","last_used":"","promotion":"","status":"","comment":""},{"user_id":116,"username":"cblpGC4H6oJ01wN2NtE4qeR6iqH2\/I6vKOcY+dL3CmMledlr\/3lzbonN1+vRvU7i8cRnxoeg\/Qg45rsc9ZpztQ==","phone_number":"DTFh45wU19gtwZnWZL\/Cd0b6WAYwXJp9zE603HeVRwbazRY2xSulXVbJjmplMF+LF2fqTiFOjLrTc2jBhZ0IgQ==","last_amount":"","last_used":"","promotion":"","status":"","comment":""},{"user_id":117,"username":"Jq1M6LWPFc6yq1\/5iUpiFfBZctkxUoMGu2HLvGkrXnd2eZZuJEjjbxcOJ5SxqR\/CRRfSlt4aX\/IH\/y9LdE9wsA==","phone_number":"ddVKiV0Qy3Nb8p8IWB\/vB1usw\/l30JsKJaRhtsJLq4I3X4UEkOVj7dCUCOc9h3bVwRGN9GlZk4BxqTIbnyEEbg==","last_amount":"","last_used":"","promotion":"","status":"","comment":""},{"user_id":118,"username":"vornHQoJwI5l2Q38fDqEyeUPgWEMd0rutx44vhUlqL7ddEFhxgfBGPZcCzLWTioWWII1e1Ndbs7Y4w8PCqrPxA==","phone_number":"qVl++ooadyNwzeNaiJ7N5IwpCR4gPcmF13tVUQp3OypCA6n8Xi2rLvsIYjR3pZ8Jf2aszX2D+bZB4TCBYvbVTg==","last_amount":"","last_used":"","promotion":"","status":"","comment":""},{"user_id":119,"username":"vO9+fsY6dNsrxtftcgTCHSVV+bulqf0o0mG2XhLUJlpzUpdFNOvpLaisilTHY4AaMLpc\/1C6Gi0gWTALirnycw==","phone_number":"TbQbkOEs8d57vAa8pLE8yN56zezPzLAZSuPnpiTj0tPpV7JR2058P+9KnEjHxCJQKsvCZrfQOwS5VKN0bHKJ3g==","last_amount":"","last_used":"","promotion":"","status":"","comment":""},{"user_id":120,"username":"LssZq\/qI3F9q8pFCoEjR1Ekj6aaqci0vLx9al33GOjYqdn\/72aWD3+z89k7Oj56lHIWrQLUMpuJoTFoxfZQqag==","phone_number":"lfU9D0q5REskv7n4FZ7pJON2IX\/sy9tpgP6FQzBquZudHmHg8TF9w1Ea\/unRfQiMi7TJ1wBSiCF4byAOjYsvqA==","last_amount":"","last_used":"","promotion":"","status":"","comment":""},{"user_id":121,"username":"WLfybT8hT1zacbvX60joXcfEh5z2obOt9WgZ9Uhjq8NvoxFz+eudKMEVSfXswXFrzWf4tdpV4U2MSLAUGm3hJg==","phone_number":"vDzOLmG3NTnEroj0cBMhZEVzbHryOK5vemQXCC2nbdeubva3WBgv6Na0qmED7Zoq8rZY5D4lWoEFjTaQq5v1SQ==","last_amount":"","last_used":"","promotion":"","status":"","comment":""},{"user_id":122,"username":"ZP1EM6Fh3L+pVGzLGc+LWkgqjh9RsvSLwJPXi5SY4VIoiRovNHBIJ+9DtV3qfuVItZRD0io2WLmlDNRgNgtVMg==","phone_number":"NgTAVBwP2ZIjD4eeHP0e8RBrA5Wh2wL\/QZtcPVvB72gs+sPTFOm9PyVQnQiejpK58XNKrNdyOH0fZGiDnO9LQA==","last_amount":"","last_used":"","promotion":"","status":"","comment":""},{"user_id":123,"username":"aCf6tp399zD6rm99eiIVQonqQvGV2e5DnNM3V8hSGvRu5v4pCXLoTJDipj\/yw1Ya63mGh\/aSjo5b8RCXgdNeTg==","phone_number":"m4tLCUsu2um2Tv\/aq0+xAng4JIcBWgp4LZKuE8nvZVELhHaZmFjkBrWO94vD9CesAll\/uBGBjobHTwJtqPuwmw==","last_amount":"","last_used":"","promotion":"","status":"","comment":""},{"user_id":124,"username":"ZlgQioXEfhGXnLq2CTPyNVMX0wm7Tcf4w5XRLpU4qoT4BcFPjTj3PSPVkEGOPqx3HioGvr7BDiID1pOuwhXLEA==","phone_number":"XEADi7rNloQh3lmtHMVcETK87GDsO3vg2fp2NaaI6p3mg3\/jBr90hwkzCEHrDRdai\/IltJfzkIdWJY3zfLOLXQ==","last_amount":"","last_used":"","promotion":"","status":"","comment":""},{"user_id":125,"username":"8XY735TKEFiBJMNK6IcBMEeaIUDgXQiuVi6cI1wh6rfkSu+WUWSEiFEIn5Rmsw\/GSnZv\/Y\/WBJaO1jWboSrEAw==","phone_number":"bNerROr6SVeg0mGMQD0azudSwXUbv1ey7I+nhlCpOcs5AWZTkpNkilLYsUgTVKNuxqsg5HDWBEvVzZFmozZuIA==","last_amount":"","last_used":"","promotion":"","status":"","comment":""},{"user_id":126,"username":"VDYo\/1awfU6b5w4\/HZ6dph\/HgceTmAWExaebxCNyBM0O6KgY5SlqapWIRgbR58\/qTAjJs09HmkRf0rYsBjsCCA==","phone_number":"s+lJexmUy1WjkJu2mEiEzsEalWkikt5GfUtEe1VvRdr+IR7cBMf9JEHENT5U\/BE7H8AXWPPboVewE1N+NQZzNQ==","last_amount":"","last_used":"","promotion":"","status":"","comment":""},{"user_id":127,"username":"IvqOzXcPcgNoOBnmKD4DPM0wlffk+GQvTZwJ70gElWQoOJH7QycSDmNC3oH85WtjtGTyWfJ3gYGMdPP6ltYjpw==","phone_number":"bocp6qNdJ\/XzNTnob\/ij24oScaFgi553AKjaOdd6CgU0HcRs\/s4hokuGrsTvN38Lk9fZv8hEjxpCmR6t6m8Fzw==","last_amount":"","last_used":"","promotion":"","status":"","comment":""},{"user_id":128,"username":"QOdMWWQWUcXXDp90\/HxnYOmCEeqasZbbu7ESHkNVXyO\/ShMRCjEduQpdnjCj69Ze\/5pS7VCHbgcezSgFV2iNTQ==","phone_number":"RlwngGnPnWONO5T\/hppjDFM3Pc+e3nZGbnyL1oj+gNcphghIFyR09outHdgjf3Aprp\/VhR8h6I9wr+QXC5LBew==","last_amount":"","last_used":"","promotion":"","status":"","comment":""},{"user_id":129,"username":"pLFoKCoYWlVZcLd\/xuc4drVC11DufipTrjZQNj9XE+3EBhIb69uyKODPOtD2N6NS1lSoUh4kkOJqnl+dPo9I4Q==","phone_number":"QCahjUjaSJRepewxuyDC2qnWOwM3\/sAVIyebJPBqUDX\/Skpu8yqOgY8Lu3RHbqgCCD7ivTkuM1GSKbePv4pexQ==","last_amount":"","last_used":"","promotion":"","status":"","comment":""},{"user_id":130,"username":"I\/vxJ3yzXFZc0g5Jj9pFC9rCpzpWJryNG\/0gaVi85pVsN7h\/w9BjIu3wI+qoRKijoSYxcVp5j9ccJnh1qEAyfA==","phone_number":"IExpRkqpqx8HRCvFGfcuapSSeqO9jFwaNr5\/a15CN0Vq0dq2Fv35DucnOHmYafbuqkGL8QwLu0WsQok5ndacmw==","last_amount":"","last_used":"","promotion":"","status":"","comment":""},{"user_id":131,"username":"ecwH5vFG4DBuYfpC0h+x\/YoghqzvHwVa\/LEwNyszx9HILoDzdWtO4OtuBWPOj0PbbL0GpPGAxsCZT10dtJxfKw==","phone_number":"BNCFJd+qrX4Ne0q38\/J6M8doCL\/krRSxXaulokvUrk+Xg8NhaXhCPF0MsJKHQbWxmw+8tdajkj5y8o8+jffaDQ==","last_amount":"","last_used":"","promotion":"","status":"","comment":""},{"user_id":132,"username":"uCMj3q6+lqEFidWseCLovZ6RBfuQD+bV+HncprzSytS9xIuuVBcJiuj+DLOjkMGOs4tzSHVTMxMwdQ+o15TuUw==","phone_number":"EqTFu+PwsXwtSVOjRBYDqi4DsG2ZRT8FRbutFJwsAWvcCEoV+t1tXwyXpEhiwD0VPRENsfVrIDzN4a5jxOz9PA==","last_amount":"","last_used":"","promotion":"","status":"","comment":""},{"user_id":133,"username":"16VSkEsW\/4Ebc7G5REs9LVgrEuV8VqTe0ZVb8JDGMjANMS2A0zWwp3Rr1NlMsPYbhfPPnFq9oSR\/tVUCU03wsw==","phone_number":"rPAYsyVIBUPzPiaWMXB2YUeHveIwVumYf0\/7lDXabQ7ktboLNUAOXDumkjVG2wbnGNFFn3EKaTmT+vd9Uq102g==","last_amount":"","last_used":"","promotion":"","status":"","comment":""},{"user_id":134,"username":"cbDeNNIDx+x+Md6SEH44VA182jSMBbeAFTcfXnURFFI\/TOq2cZBLtgermf8CHnIuxmD6H48e4kNBOVaSeQB\/AA==","phone_number":"dspMLM+LETth73kyUYDHqowT\/4+ZhXZBpQmtBQiZNW9i0ZGPbn7yqIV2cXhyPgjkhdHR1qx\/eaG6Eq8MZFSXpQ==","last_amount":"","last_used":"","promotion":"","status":"","comment":""},{"user_id":135,"username":"6yzlPUvIM4VrTOaf3YsRC02XdDP0iNKchdUvoYUnt0qOozYFqZV3TRTwkxxUW089SSGqPqGu3s1z\/yPjA1BlQw==","phone_number":"+Xu9qSgiqXe6DB1KvFjJkBAoSCpyL7whRzaiHClYyMcMnwENrgHZXxoJiQmacEo3pfxyXCoEcPyaqBADgMKbyQ==","last_amount":"","last_used":"","promotion":"","status":"","comment":""},{"user_id":136,"username":"vMTPzdA61T+nMwCJkITZMrBwe\/nkihYqy1L8ZMjCuLqCO0pjiInwrVdUF03Quw68guHh4CTAN5syJK25XfDB8g==","phone_number":"4mq6xQXb028FIvn6BE9KGKkpe7HxIRn8sN0To8ren8gRtUFWFjIU8ssZoKscTOuRsKp9XwXajQ74iF9paCrDrQ==","last_amount":"","last_used":"","promotion":"","status":"","comment":""},{"user_id":137,"username":"3V\/LW8wISGPMoHGSLKoiDfS8b5oEMRG5W7bo3clkqB+wgRs8W0sB+arH03MWnqxKjleC6zP91mWXx5Fc\/ABQAw==","phone_number":"oSYgrhjtwXDLYFte2iwkGmnpd+vE65ju1eLdVDN1oW\/z+Qt\/UOgdXZY9R\/G\/xskflsRT3z6vxs\/j72As0RsHZQ==","last_amount":"","last_used":"","promotion":"","status":"","comment":""},{"user_id":138,"username":"RR9kKUoa6+8HQiId\/7er5qh1JPteNAkE9OHbVrcIAdVelFemPczQ7JUNjSP9eVd4Hz7fjPASXalIyCT+\/udgoA==","phone_number":"mb8uZ25R4sHJpyq+Ep0ZWFLTpkEDHpmPHZqg09LO5lPaboPnGdZrMdYCiQDzNvjGlyZoQLj03zmaH5yyuq6g8g==","last_amount":"","last_used":"","promotion":"","status":"","comment":""},{"user_id":139,"username":"wjOCb5dWPW4HwjxvU41US6SIgqCtCp+HHU3NRhFIsCFyy5cVlnJtRYy60owSo6KASLX\/dEZilSkBprWWiOcRQg==","phone_number":"LI7BtcANQHA2RucsAlWx77N1p863Cfb3fnwqMUPV7yoF\/WNwOj7i33E3N78jI5xoh6nU3wvl2vTe3kStREZ2jQ==","last_amount":"","last_used":"","promotion":"","status":"","comment":""},{"user_id":140,"username":"flzgvlung2NdbiZXjPPMNrxZwxHX9yfdi1QxbG8s7kTqRkBJScD7Nn1vt941zLkECyg65gPZrP6GJsA88CIdFw==","phone_number":"1597nW+JhV2sypwLB2Te1fFErKBEEe2uRmxsBQ99rXoxirny0nKi4EHRiZPNRHrKvXivmkTv6dUdPhLhLwKhTg==","last_amount":"","last_used":"","promotion":"","status":"","comment":""},{"user_id":141,"username":"dqRQNFqm7srl7MglvRdQq0NF8+NrekGVQIFiWslgAkb3XINOFng+BgcliicruPl+ioZp15CB3AsSOVp2JT9crQ==","phone_number":"iQIN5hf2W8UVw+bL\/dShSYZ6kc7NxT7J5DR9w3e\/6cBuNC37MDIVNF4wv0QTR123iHUU7er6bZW5knmVLZyG2Q==","last_amount":"","last_used":"","promotion":"","status":"","comment":""},{"user_id":142,"username":"mc0UjYMcXXCbJ9x+IV5+fAfrZ13U4rWz8dAw22qCDnZJceVgqi80Gj6vDQMzQNY3+uBnizVSz0+AJ+8YBh8DDQ==","phone_number":"qZLknOd8+ufOgQJ\/duYN\/HdnOnX8JHxxHTJDmFQcq1RK8wJsK3CZcFyPFORG7urTvVVV\/0c2nqUEO7LTeZ\/C+w==","last_amount":"","last_used":"","promotion":"","status":"","comment":""},{"user_id":143,"username":"5j0yjjuG1Z9M2rLGCZXenqiDSSSTyCbgqIPPLPOTQN\/aDnL998aNhHTpr7EoGMKAk7HUM+KMA14\/2j25nyloVw==","phone_number":"jkUl+U2rmvTIXmBTI3rPc6PHH0sy+c54Yb9oDSrkKleOXLCqHiwBIJWBLeXid7lFbVCDAG97Bx8iMkzNfBpGNQ==","last_amount":"","last_used":"","promotion":"","status":"","comment":""},{"user_id":144,"username":"tSC0rTY+LjgAloAlKv1tW1OQE47OrmExVIdt\/BD\/KbJaF05CSxihuvwoKJCBwtYo96RkVbNS24jBJ35NaRHuBg==","phone_number":"uBG225FnvDMHRVKm907feJJ62FSWLr+L5MxhesapTfHhyHlefQzs4mtGCaxIfxjmGnbWMrp8UfrDHoyFKKX6ng==","last_amount":"","last_used":"","promotion":"","status":"","comment":""},{"user_id":145,"username":"dB0usg39z6rBvrUX9urESEWY6KmD+V+69QwWSipocvKl3QSInlPgpE52+1RJ5Ccvs+K6JdrU2o0OV1kaaUi+XA==","phone_number":"wzoiXhidTVn\/T13bNt4mxUzBgOje2gPgriymPob33qNE2f0GJ61bPW\/QwDCsgBMt6qEbBVsX13MYe3sZw4KwSQ==","last_amount":"","last_used":"","promotion":"","status":"","comment":""},{"user_id":146,"username":"vZyzX9V\/78y3iBVIfI7Vw02YUAUoWCJ7g5YosQPf+Q2hc6hTa\/lrIYXTfvcY7XMaNwd00g0UdGZjQxMVDQKbXg==","phone_number":"3X\/jlpAX+hHnCMC8phlcRqwlRh0LkUJL9RE0NX3QAHoJY1qeIPQ2jCyFVsP\/0EarQBkwPUJZnSc2mwqQYoFD3Q==","last_amount":"","last_used":"","promotion":"","status":"","comment":""},{"user_id":147,"username":"NaFz+1w1H4U+ZpNBfTNPykBNc1XtEjkZy\/MsTwFDUiYErSTJyKAyyMwz9CL1wcUwzHzk5js8ySzk4fO6VU7W0w==","phone_number":"d7p7MTftJnxrQqm8AQjAo2qg8nRL7qpHgHbCEZeJS82sqWrs8D2DZ9LMPJXrbM3cb49C305E5gkmUbH4aGMNLQ==","last_amount":"","last_used":"","promotion":"","status":"","comment":""},{"user_id":148,"username":"Kupx0MF4AHJXkwKpINmGN1JZFsz5\/Pikm0F9VKJkBjxOglqv0VkokwcmRDsW0vazayg7Ybkf9ueIt2XEj3N3Jw==","phone_number":"lGzZaIb4MzKc1qRbJauCR2ob8GdprAHkyLddHVzaW52ipupeqcZpFu82raspppP\/X+onJk+5F6QUSYOzmzG8Ng==","last_amount":"","last_used":"","promotion":"","status":"","comment":""},{"user_id":149,"username":"2wbjNXwcOp7rih8F1tGa2RbUwnDZszya4SEB1r9JlzUUYBgSaSth1lAJsRWpHAkXaLnCz8JxWclU68XwYaLzWQ==","phone_number":"JSWrFq5FtdBr3c+Fwd8hhuTG8OQ3+jpAtw7VNDdQ4Bqql5\/7AsmTe0rW7PDQAG6WOJPETtviFA6rxiWmjWl1NA==","last_amount":"","last_used":"","promotion":"","status":"","comment":""},{"user_id":150,"username":"ov6wp8NrXwuEH2BLkGXGRLKJl4NnEgsIGGwSI8AkXSXgitj3w0jD2doQjRJvykVquzw1VxxoM52IvqZxX+3M4w==","phone_number":"7jYIMR3Tm1xtcsCSoQSHcjXWIObiLLV6r1m5x1J\/Jbs8QobEqBQllrfY29svJXka3NdraF9RfxMDfFE\/JYFaFw==","last_amount":"","last_used":"","promotion":"","status":"","comment":""},{"user_id":151,"username":"x8d2afQ4f4J+ya6hXoU80BPyOUB\/5OnugwkHrZorPMPJZTfZbQJaW9cUFrbyo5E49zeWit4jgr4UkzgXk\/Osvg==","phone_number":"XqCFRkGg4QtJ7AZnJ\/y0vK0l7rH4qB4iTEaXoE4q02ivPwUdwxPi35nV7dzbzGyBy42WmoxPadweruR0NzMnXA==","last_amount":"","last_used":"","promotion":"","status":"","comment":""},{"user_id":152,"username":"VJ4aamIbUeGo5TlYG9ssRr8vepHK1aX9NO6tYffoP1LnCXclNcckT0UYSFAbHqkd1pjA\/8w0vrbrlJYA+oRTEQ==","phone_number":"wG+IE0pO3apwVTZ24mSKSo3R121hPW4dLohrCqms7T393ZNL3ELX3pyhSLEwWSiX5DW2aJBcJyRfSu\/an2MYuQ==","last_amount":"","last_used":"","promotion":"","status":"","comment":""},{"user_id":153,"username":"5zRDgIgzN6oBUEOea8iNOXmtwKz3LMLP2WFBRzeVLQQw2K0cuV2JbkPqj5TPM0Fu1zOf4b0SfMz3j1oCjMOA9A==","phone_number":"ZDup7A\/fOtWnzS9LcnBI295oFkTItnDCtbnJdBoGqvZX\/4Pxd\/5fhZcbq9Klp+VqpqBFfMIS5BmBfBQCeRG78g==","last_amount":"","last_used":"","promotion":"","status":"","comment":""},{"user_id":154,"username":"9TyMERzCFqclfZK6JVImN2kDIV6K7SmNElh+WWdvG+WH1IHKs5LnnfBgNqKmv7H0ZKb3BJuM1aey9rCKaoBL2g==","phone_number":"uBqNwueqyFklFM0Kzy4oSO5JAthBls9dZ4miEznPVrA25ZLb+4k6lFBHLKi1ISWZv1ND3xwS1UyUJoSTMLl3\/Q==","last_amount":"","last_used":"","promotion":"","status":"","comment":""},{"user_id":155,"username":"6jmqcNVvkq0j6VnCZjZWREsuY0p3OqvbS2cEPyLGvzToOyUlB4C8F\/PH69bYCwncP5ckyWxgzzmJBZaT9mB+zA==","phone_number":"e069a0Nc3WhVFO58nvU2g9EybwgQ89osA87yQJ4LeA2pYuq18uLRTm5x6Q8HSWjn1wjBjQFUb8S0ww7Sv5GWMg==","last_amount":"","last_used":"","promotion":"","status":"","comment":""},{"user_id":156,"username":"Tc0z4nh09krETV8rakn366yOvetShvNHem2skthc0uOoenE1RAP4GOSGH99uJlDj0gnxfk3w3visMmkFrolcJQ==","phone_number":"UO+MAw\/jwtq4wODpHRO3IM2WeJdHaoM1elKrRoZCx\/owFZLKhFKCuDZ5o18bMNFsYxOMbjEiyEO0bIvwhpBBtg==","last_amount":"","last_used":"","promotion":"","status":"","comment":""},{"user_id":157,"username":"RjWpaK\/149udpbgIAT2UAe6VtFmS6fUZubkTfrOS+dOiDyq3Xru0q1\/juFjKuqekCB8c+H\/BvnDi6FGIuzxi6A==","phone_number":"tVor013n\/PxI2BsbfRKFCNU8jXx0DegdtgOxa+Bxs3vcA4A+cqhNAF\/Q6Jv29dgXaiw\/OB4gpFTFoixV4Avn1Q==","last_amount":"","last_used":"","promotion":"","status":"","comment":""},{"user_id":158,"username":"cSuYEbsOdrz4mi\/wFtY61tAr1mZ4mLuriDhCGMc1y\/KA+UPVNIpQ+hJHTnwSrN71QEbEP+Zc6HDr4D5pAKP6YQ==","phone_number":"IEyFhOXj8UbFt5OmBIDIzdZ6JeaeoGKahXZkykFYZMTYgbHoFNa4Yn782Hnz\/x+Pw\/zssIs7sGzjkpDMLm6eXw==","last_amount":"","last_used":"","promotion":"","status":"","comment":""},{"user_id":159,"username":"iDZUNbb7RM7zt0wxcCukidxcKkepZTGs60F5CWBQptICL4ShmSt0boFATUvYWa2mgaX+1arly9lvK1yIVvqNiA==","phone_number":"U9rcYSzs+N9fcqYJc33x24whnLk0ZRywifxNghWuIfMYzix8Pe4baP3vVzckDwrF\/JEaiFY93pKLyBshq7RGsA==","last_amount":"","last_used":"","promotion":"","status":"","comment":""},{"user_id":160,"username":"cix+DCmDVyj43oG8ibFEKDgvZMQZHeXlM3\/3Cupom16Elmo5VORDDsb3qv6LkH\/qvSkipxE+2lDwxVgTNuBsOA==","phone_number":"sjIGXXt7NcidDR9ssB+PvO1unI3dLIY10BnLOOd7qvtRg0JAaWTyq5QiHJqql8GiUqUDUD6E+GeibgJqQw9qyA==","last_amount":"","last_used":"","promotion":"","status":"","comment":""},{"user_id":161,"username":"dslfEQfdXNPZp+zuwhcMI8bcqIDIxrIHyQ2MD8o83l7tXQ+PMFXA+sofyQY+vWoG1lctJLx2jUIOyJc+eF3dWQ==","phone_number":"c6WyLvKn5h298MsH8AobSxsfHqsxqpQw68VCz47K30EPMB+2Yf\/UGBK3FGkBan4Ljk0ODUXLWOio4rA1C6SB\/Q==","last_amount":"","last_used":"","promotion":"","status":"","comment":""},{"user_id":162,"username":"jbFiBXEbiSU3NljiSUNi92ADWnvXLnsrkBpYR19mSWfBByiFyFUCc0axT5dNzPSrr3os90uURSLuP9GvIsCkmQ==","phone_number":"B1BI\/Pdo2mjBaY9VRds7HCo8dFyR98XnTk3O9SurmbIXctGT1P954lcPrhCKjcq3FQdc\/wEmWUPgU4D98Fi+zw==","last_amount":"","last_used":"","promotion":"","status":"","comment":""},{"user_id":163,"username":"FdewdY8kpJ3Q1NxoAH+G9PWvE8kJiOhqjeJDQpj9a\/eDEZW2xj+BEYuo9reeU7S2oV3X9KPxorSaO0CnhRdt6g==","phone_number":"whCc8LScb6LBS+WCcpEt5XJ5W2vETyhmq1fHHdRd3a+HBfXawGFBi6Dv40RHHz2RAjBrBAkepkYjCEjSIEhzTA==","last_amount":"","last_used":"","promotion":"","status":"","comment":""},{"user_id":164,"username":"in4B+mZyBEmwhD9jK+vA6FVUS0DippkKBGXztjO9iPrd5Mt8PTm2ByiE+GWrFV6+Wx5pXdGK3jyPw9O+wGl2bQ==","phone_number":"qbajSnz4MMl\/4HBJla3DmwiHU5ogDUPN22r8lUW0O9piXtHcyairkSlrFfDkbTFDlKpVV\/Ck5pvDppld4hRNRw==","last_amount":"","last_used":"","promotion":"","status":"","comment":""},{"user_id":165,"username":"+ywLasFry5Y+uXTki4dupDh8taNndBfcgFBJAZh5N7jWfNfgA\/qL+zGUBMYUgSOQpglYY8\/OsWMaLT\/hinmnkg==","phone_number":"ExOA3JI68+1hBg2DrqpohWwmOfbwjeapydN7NQdmGITWJ22qzNMFvQ8LoXaV52JIZzIZ+fWnc3ILuP0LEDrGEQ==","last_amount":"","last_used":"","promotion":"","status":"","comment":""},{"user_id":166,"username":"Nl6TnQnP7Hwl6rPFXZGcmhUcvKPELZjrf6\/YC4+1UO0sPjVwJfDJ888wKWHEQXDhtZxT8j1thPYLt4pu22dWqg==","phone_number":"NU88KhWWZEoc+T+bTPqQSur4EH+atjz1xlF\/rZq+eIYw8DSWxHilRA02vFc3ssJPn0oeqzhCSHuD0kOBty3RRw==","last_amount":"","last_used":"","promotion":"","status":"","comment":""},{"user_id":167,"username":"fgWUQiteKgkWVL2Odu6BIN4Lj5ztb+PMIKYZ\/NGPJ9\/sJlEXyeS2UDF9\/U4Z\/TiMMoe7lyIh8MjmOcCZGDex3w==","phone_number":"4oVAPX1Exr9s0dy0qxG5vDpy+ZyywCRGbFMyDFvOBb8CWxFyU\/qZE6uiRTkASyJkc7WFVHot7F75D00P1kA9jg==","last_amount":"","last_used":"","promotion":"","status":"","comment":""},{"user_id":168,"username":"31XjrCd3cnrODWrLdKd1oqzB8WvwguxiIw0Cg\/EXePHMA7T3nyBMhg5QWq0moNmlIfC+3ZjpkqID688OqC3Yw1f3H593\/z5TO2mhNYPp6qk=","phone_number":"8glzo6lyLfScFNjmoYCJdUEzvg3J7EH0ils6JhqpXR79OSCeWIIcxgSIZpwImae3MRAq3qh2MuZOzIZY572NQg==","last_amount":"","last_used":"","promotion":"","status":"","comment":""},{"user_id":169,"username":"sWi0OFLXFG02EM+d30eEKrSxrLoeVxdPniLDFYdAy8JgqFLfIsFZdjJnY6e9JETqx0kyLlkaLmHhaVPvTRoWzg==","phone_number":"gfB7kZHvSFbUNP095fdtnZpLtBXX2vR9ZOUZcTAJXJtN\/+OMoELFGcxRQnHzY3QqbOKj\/sqrnnvwTXJQ3tP82g==","last_amount":"","last_used":"","promotion":"","status":"","comment":""},{"user_id":170,"username":"kkj3896TjAgnLFnnYdmRy15iGMQ56OsI8t76gVwM7rm5D\/lNHLEul5iKnCpLLHIJsTuf+XS+1OxhtPkMvCcojA==","phone_number":"rPFwNWHZgT\/sBEu5HIdD0+O5F6ztxzC9YnOn1zgKyTs6OV+ENl5i7\/S4mqqCXL83NjGPkUQ9fjLBww\/vKg6AKQ==","last_amount":"","last_used":"","promotion":"","status":"","comment":""},{"user_id":171,"username":"d98XOXBIJwZT5uuu3Xd2cqk3HDsIKfVSpCLpTzxZrVf8nsH7FS47WTvKfsRxKSrBreMHRALajd9Xv4JdOFG+4A==","phone_number":"mRdihuCcby5f1WAhFKDLyo2ANutsHcGLniO+bqV6KsKcgQW\/fZJN0Y4qwH4rbWbJl9DZ4mBzhwMV+8oeQ8pS8Q==","last_amount":"","last_used":"","promotion":"","status":"","comment":""},{"user_id":172,"username":"s\/kwnOCemZRrDrg4wbXzpTvAIBnYdxeTK9ivPaZv3cgXCITHSVD7a4++XIfVHfTdorstou6GK4\/0pimoTkrbwQ==","phone_number":"E\/h0Im6NxOtMYu6DZHM89RVmCBlegTWXC+T1L4B9qbfWYzBYrZkYJrSUG078syGG892eYCqLo5cdm8EAoHFH6A==","last_amount":"","last_used":"","promotion":"","status":"","comment":""},{"user_id":173,"username":"tsUdBQltRe+bL3o5BCDw\/y1Mcd9bEBQuLDr8uZhrjZvIVY8qf6dGEjhAezr3bIv2wcjB\/ZmaxkZVWlNFTrkKJg==","phone_number":"Iej9nctHCmp2WIG4ND8jm88M+WvIn+ahVZZLeAVULluTcjuGz+5\/J8jYCdKZZklk\/82DyUZ2Ptztt+0HhI2\/cQ==","last_amount":"","last_used":"","promotion":"","status":"","comment":""},{"user_id":174,"username":"qTn2KOAS5ViiYJu1LbRyU9pD7p0cv\/WrjFL2+KlWPmF+txO+7y4Vid+PpHiFcjZvkN2+3H89EJRnkhbu51GhkQ==","phone_number":"oO6alCyDWq3JBvcqaHhO5MjALYwwkqPiGLkcKLONARvncO2lOmz6B6giTt\/sV9XKhbhEvGgpFnmz4qzzAFeVag==","last_amount":"","last_used":"","promotion":"","status":"","comment":""},{"user_id":175,"username":"xpimm8tTCAaw5qKJUBjzlB3QOi5qDlqiJACP6icBcG\/lTBKYxPbTYix5CgrUofCVDq9fBNF6sKkXFrisdSG2Rg==","phone_number":"TFxOC6b9rG\/\/HwYPJMQ9DGst9+zZx6leLXshjBIPFOGxLxt3ORCr3H\/PJjXdksgen1EIJNX\/o4lz+Rw5CMBNEg==","last_amount":"","last_used":"","promotion":"","status":"","comment":""},{"user_id":176,"username":"cwjG8DODgqydkpfvXxCBA4Aaicx5oz8bMyYj+l7T6vUyk12fJ2HiCitytCzLBNs4VqhkMniW69Q+V61\/Isqm3w==","phone_number":"MK3Nn3+M6jVN+1ayc77zzCfFfvbzUlPEeFtXNheFGqD0XOKGk\/6jhDxLEAXpzLZWWIQduI5gfwQYgPKmP4vU3A==","last_amount":"","last_used":"","promotion":"","status":"","comment":""},{"user_id":177,"username":"xE4g57KP5qgiCxQef\/S6NWFjD4+ZmlO0vomMrctZXeRAIOSRt1ZtziLubh+hmnhO2HP\/W\/JOe2\/uPMyzZpiBkg==","phone_number":"mhi3FRZHZFUzDkuFCbBcGyAMSW+rmmXbPHfxpJZvYLE4I951e6cKfLJ7IP6MCke7rWrmNdG81A2cJk7WW46q1Q==","last_amount":"","last_used":"","promotion":"","status":"","comment":""},{"user_id":178,"username":"LkTENjqnBcg4BGUF8hUBYcPdzrbWiCGxUuf+tvaokxINkH+B7yAV\/ZwYHI5jhBXCdpxjXPx5US6Q3a4bK+L+1w==","phone_number":"h\/DDNneZSlpkd+UInaOy+s2trUuqpxJdb5zbcbKTl\/TWgn+fp2KeqxIoRm5YuvjKfyDr6PEssk\/zGsve658TDQ==","last_amount":"","last_used":"","promotion":"","status":"","comment":""},{"user_id":179,"username":"sOigUVI0JDqZl9JsKssGZl9u42q3NuQBczVIL277q9fxkDwRKso0w6kJQT3Reowjj8z3iMHgLdwZIz7UNCLebQ==","phone_number":"J7fxy0cnz6uQ4VAuwDBREWO6Ab6dNFWFB8kCexN\/5M1RPS7ImkiNLb8Dw4TnB0qFrEoVuRhYeXcd6f6W6bagtA==","last_amount":"","last_used":"","promotion":"","status":"","comment":""},{"user_id":180,"username":"fYGpT9kDukqfv5MTmlSajQA1qO8YzWX4EBUFtQx86uJVuiUqy138tEgihOJsIcMnVItwA\/wmNaN4zKEgNN7FhQ==","phone_number":"Zrh0RwaLymMwqPIUFC8NiGJTv1B\/LwDAgCpbbDHTS61UNAuEbrVBD4NNrazr8DIxRYp9JrOTvk8gWHibbqQWWw==","last_amount":"","last_used":"","promotion":"","status":"","comment":""},{"user_id":181,"username":"kiY3I5ZHLVIZQsT8Z4nXghRjNri9hlLdciZU8g+yPVDF5IoWivLUUIthvML5d6N8Tb5WoiCJNB9c+h5ryd\/2NA==","phone_number":"EoH56+feWkpbR5KV1qxIiZB8WuYUG8qpXHWsdx3JcLUnGz1NFA7+xgligk7pJGfXgTDZ3lEOutnKKKfE+rVZyg==","last_amount":"","last_used":"","promotion":"","status":"","comment":""},{"user_id":182,"username":"Xe\/KVr2OSFNp3C+mLHw3bS82FgH\/vhOPqlHALd85hY0P4gmu7MqWedID9Cxy50SPkOFKn5a+jMjLSNY1tVycxg==","phone_number":"FxUTav7CrUeKtITYHNYJAYLS039mI+od+SFNe3KEAFPL7GNhT+2x6WgL0ZfcHnoJgQYqAcUUqTCVrwev4snECA==","last_amount":"","last_used":"","promotion":"","status":"","comment":""},{"user_id":183,"username":"HazxH0SW7ZB77pOSV\/NfIMGYOrTfMqtO8ErW02GN1QrCUIAuS2AVzqKpQXjLW\/C0XOevxj8YL06VJYnN9RJddA==","phone_number":"KlNIIL9UDSWtfeW33aaFPVduFSM1\/qtOl965aKJDlUHIHeJ62T3E+AsrCIIhInQPG9q1ITwF3Pz7kWR+kLZsWw==","last_amount":"","last_used":"","promotion":"","status":"","comment":""},{"user_id":184,"username":"zv0QNc7ImBGhyj1CkYxMN+Vvxfn6OwITdJuS2cuakXYzYlOLphlmoZrKJiXXwzHPucivK\/SfKRwJPgrt7S1ZkA==","phone_number":"F3GB4W9Eo\/HCq1VzdI1f5cxNX8RIhzJ4rU5EufNG2M+OXDi7dTvTWAOV9aYr2uwYj2DueLj\/8yO4ydaetMY2Ug==","last_amount":"","last_used":"","promotion":"","status":"","comment":""},{"user_id":185,"username":"h8q1mkYVPgMEL+IcMG\/ki6MtV4ez7X0d7PUIWBiReBXvT479LUq9AhT2+I1C7ceJg+cPwOW4UrJ+is6cd2YQCQ==","phone_number":"7qzT8Lkd5V3UC8tA+oJ0NseutfiamYCNVkOCzu3B\/Djby0Ue8IKJyc\/+A0wUIh7Bk7A7Y87iKZl1ysJZrQkm0w==","last_amount":"","last_used":"","promotion":"","status":"","comment":""},{"user_id":186,"username":"cSasS8YGXD0vbcPr0CYpKYzOpCaizt4CsnOBItx1QpJqF8G9o5cx3tgyVVUBEW3XQsKLfVz6w6haOs3u0sNZtA==","phone_number":"rfV+uROCtupgovo4AMxWQ4Nu6vID06pToDsRbThnnki1JxOzcJMgCommMI2M38W50xC0+g+QeCRNpygVJgIClA==","last_amount":"","last_used":"","promotion":"","status":"","comment":""},{"user_id":187,"username":"bHB+n87ZLPw5\/mfeg5kmUsxial\/taBZK5wzU2oFFEoNWqqg+oHbnCdCBcm5N0QAL0vcZo+t3x5R0ZFWbf7OKoQ==","phone_number":"eQiNAu42sQC1Zs1FHnDdK+lNgAI5D0Y8R5TFkL+\/vVjYPTmgIWHCVBaV7RQ4052baDrG0ZIb7zTD0irmrTXJJw==","last_amount":"","last_used":"","promotion":"","status":"","comment":""},{"user_id":188,"username":"FzA3OwSdEO0\/4JmRtrzfWZFbJrwnD9EcbBsbxorHKsvwOlevxwDR6ww78gCjZ9uSpCoqVyfM7Hh\/H3fJzV4vgg==","phone_number":"1wIPAIGBQLFA90yuYwjsBn\/ykPGLly7KxfD\/QXZHzv+Vogb64xYL\/X27A35EnffMplEc6LWSaQMNsncMg23xMA==","last_amount":"","last_used":"","promotion":"","status":"","comment":""},{"user_id":189,"username":"E77dsfx5I4FjNrx2LNIXdPYh9m3pFeb3uqHkm3biYbrvak0N1ZaX2yp+2qjPQxE76fUoPcrQF8ZZ4qUkLH0+JA==","phone_number":"TvpDySq3DO3i+GiGGgWdjSfiVOhRSuptW79bLK4CjUq1z44RwxgJnQQMHHgLCHb7ucDnA7NITKuIeZgZzgJUPA==","last_amount":"","last_used":"","promotion":"","status":"","comment":""},{"user_id":190,"username":"qxuc1POPTZHRWWhVJs2yf+B0PWckOiUDTgAgvP638i\/Gpw8vKvzZ5rvWt3XlnAZQVp3LcWdWGxPL5BUWY0JNXg==","phone_number":"Xlb46O0ot\/6AuRNo7ef74bT9XCI5M727y6AL1lmR8YSuAsty8zub71RW\/2SRbQwyfuIdAVJ\/7MpDrcYrCyLPRA==","last_amount":"","last_used":"","promotion":"","status":"","comment":""},{"user_id":191,"username":"q3VPeEKDw6zwV6WCQlXgSgrXaNccCjgFtfGWUkC2v8Tn+U1UmEmmks8xNgnQEr2FUWQjAcX6uPUjqxSToVF1Ig==","phone_number":"BrsL9ysBkPjOSt1y38G2bZyft5Y3jZ80aKLVr2jhFNPRpqpxMH32p8yx0+Q3i60g3W8lOJQYP7MaL8jf6XxPew==","last_amount":"","last_used":"","promotion":"","status":"","comment":""},{"user_id":192,"username":"REYYFnBAoOfmYLLV4nRVBBq88Lobj8pSJ+S1CXPqdIswRcXiOF2kjQ1Y7zHk9AoFSQgqk+A3uj4TUdJ0zMgqzA==","phone_number":"hFEPU75AENzxL\/LOjSAI2FcKdBKwBu7k480no4fp7p8il5+\/dbwuqbz\/ckSGdjbzGDWrNwrw20dpyg3MUldQfA==","last_amount":"","last_used":"","promotion":"","status":"","comment":""},{"user_id":193,"username":"rUwgFmRtYL1puIULEiABC9trlspactkL0dKEc72lqwaY7ydQ+aoj3Gv0sV2qNeZ8UkDPXHVwG4KIU0I+O4Yhgg==","phone_number":"GCJQSJVl4xLzFK9C+EpSvDtQXp0rFI+SlF661nPGBINfZcC7S96tPvkiqJLrntI0cr\/DgEUZa+fkU8kYqMxd+g==","last_amount":"","last_used":"","promotion":"","status":"","comment":""},{"user_id":194,"username":"Jk5MTHiX2c+36rJrJLpT9UC\/wEsXxaVzIotRfEOH75lp5WYM1co0N5cV1Ne+C9Q3Ssg0wa2rn+8eaTlNMBo4vQ==","phone_number":"euVgIDgJ0j5vNeuPt7FE4EFGX\/DwICfbljB3UGgwStx6MFRuLHhp\/19xLlQDp4T4L8ci\/T5UIMOHNCGA018RyA==","last_amount":"","last_used":"","promotion":"","status":"","comment":""},{"user_id":195,"username":"lvxRJqYApaDdRt1rccq13eK4RUqIoJkR7ygrHlDuJ9P\/ulKbw\/UQcnghAowU8C5iKthtnrbVrU3+LROvuCpWLA==","phone_number":"DWRYaakrhnZCFKW24ft\/8B+bR1xEqlURM6zPbGym5FQa80ZY8ptexuLTA6efNEymcyGqqsSEpsAneuUMT0eHcQ==","last_amount":"","last_used":"","promotion":"","status":"","comment":""},{"user_id":196,"username":"s\/Hm4b7Wz62xk+lF14cKtOOmC+mPWtoi6aT4GhnH6\/v6x59ZgkaqtTYPXBg05cmjbcmBWyqrcmYITHVioxRy8g==","phone_number":"Gi3JOhchZ5aJ0kGDSnVAADIEZVXZ5oUhhAeyK0zsSEufnpl\/rf6jJqzxpnUriVqaCjAmLpT55\/9QS\/H3mt0hlg==","last_amount":"","last_used":"","promotion":"","status":"","comment":""},{"user_id":197,"username":"pYGmaZR6aGWzJ1StN0nk8P1INYIE+6pbyOptRfoqX0nojoKlnnhmLjpU6FqxUsITD2rmwomB6cUk9ZjK7oSMJg==","phone_number":"gt\/rhmlbG3hTlAaOTbJz9maLJj6j4cWym6aChfGmOwl4IR0vhuxiUmQI8veyuLfUH7C6AFAEDU9S0jjRiVyT6w==","last_amount":"","last_used":"","promotion":"","status":"","comment":""},{"user_id":198,"username":"a\/Dm0ULKbtyK6PsLLYfYk+0G17d0qf5FIvAqUcUIOG5M3uvqocKjqh6uVGEf8FlhYjIfGcfzOKwQSKmDr86exg==","phone_number":"359P6InykDBLJIn1D\/kyuBMsKG7TEGJlQ6QVram7jruxXaDJqAyTiethfWxetEgieQj2gCx2EjndBm+6TGfVHg==","last_amount":"","last_used":"","promotion":"","status":"","comment":""},{"user_id":199,"username":"HsKR0Dna627QrcIVbPvWqnrrTiHMz1gL563C5kmZgfjJujlthGSZB1AoayQ8b+h85RtxcicZ1gDpBoJAV62Nmw==","phone_number":"tl0m\/9yw\/EMm1fcHFQqYecJmL4KRpuP9jKrhP5Ifq6tVenwWG4mCbTzET38FhTSpd2LHCmDD1qxgizKG3xewUQ==","last_amount":"","last_used":"","promotion":"","status":"","comment":""},{"user_id":200,"username":"wqr0Sw1VJVT+iky9e15pXJ7b9y+Bq1E1RiKuT7qK+TFEpdsjngnbN+VaPmAR1HMIsf08uVO2BhxVqMDZ1s4PYA==","phone_number":"mLnXoK9ETRsw6AFmJ8nH2C4K9Qb+x\/PTyusopwxmHyUsvsGjZfQ7P0qdupQ4v9h1dM60f1eZMT6YgfQoFDDIhA==","last_amount":"","last_used":"","promotion":"","status":"","comment":""},{"user_id":201,"username":"8xIWtVCWE7g7z91YpNxCIjCRiZugk6kTGWg93Ox50yvHsC8cWmUUJ9hUAGyvud+SoVxvSGXf7V4pTi8eEDbgDQ==","phone_number":"4\/zTrEUvpV8BgrFyUnG5UWH0\/PNZmc3ELQL+9VphKT\/87DO7mQmaMQCbPnAWPUO26BxHrc8wW9owdFGng2zgkA==","last_amount":"","last_used":"","promotion":"","status":"","comment":""},{"user_id":202,"username":"zjQreKiK6HGxnJrEqXAmWxLyPx0akdmzC6Y8Ge0A1Qd0q2oubRvWKrtbFPgkpl4CZbC0Q3lJ3jFP05agQrbwLA==","phone_number":"AO4egAxXKYg8c3SI1gb7MNiatTYlBOTUz4Jk2nVAJnbHbSV9rOznUhd0ffhI8MLxF9EfAsoVM2FGb1PUNFed1g==","last_amount":"","last_used":"","promotion":"","status":"","comment":""},{"user_id":203,"username":"YbSFj0iT7SraDIkPpQ+nNy4lKwViBaca0K3mfTfGdBplq16dubcbb6NkCE9Sl2GgPth7Ro1uEXJDR6lv1hJRAQ==","phone_number":"1Zo3TkT0kngp1Jolt4rISBqm0PygH1px\/v+JDSvgi4Mmwbodl0wN9jU4mkTGA7IZ01AjpRpaDxmBZYkNdXMZCg==","last_amount":"","last_used":"","promotion":"","status":"","comment":""},{"user_id":204,"username":"J1UL\/VoXQ02pyYBVlSvblrMqsMaWoJrLQmdGzsCrXoPtXe8xcYTcq4VshWLKk2DCxr0K69pG6Qx693S6922V0A==","phone_number":"rzPO5SF2i4pRBLSldb7sVG\/8dipdmjzKs\/J5keovzKetOZWnwWjDBWKmt\/mAzNa85SKdN8TanFfBRVSRSCI2oQ==","last_amount":"","last_used":"","promotion":"","status":"","comment":""},{"user_id":205,"username":"RKclWeYr6QnG+fJoeZQszEChvLzdMJw8\/Ln363wKZ2aGS2EPbIMMAgdgsv5uJi\/\/ykvau7YPUfmemOQY+Bk4fw==","phone_number":"ZKR13B7SpWZpWWCV\/2Xr1EpmX3ZC1EH6EDVYICC5qoSkZxlnX1FNYhzwgyfcn+Lyuuoy11d+mo9kFK621KFFkQ==","last_amount":"","last_used":"","promotion":"","status":"","comment":""},{"user_id":206,"username":"+DG5L8kU5Sr10oxNsNmujfR5YynZtO9ozYF8MIPPIvD6ZTam0ZffxEvAyByD2YEMJBb3n1uStUQ0sWePaIQILw==","phone_number":"66cDsha3MTcIUeAz+P3SseRd3a8KEdzOeLng4nV61TXL+HZI2rnNdgUNhAxfJ7+V7MIGi3XhvkJ5Chp+e68Zzw==","last_amount":"","last_used":"","promotion":"","status":"","comment":""},{"user_id":207,"username":"UaKa6MM8nrIHZifRfVv6d4E\/y7fzksQV3X\/GsYwfQpjQ6oBbkAcNpYMJnUB2+HflTDfeeU0y+eY6FeZtXGxR1w==","phone_number":"hr\/FkElr6\/DkI5JhOIKXJyneCDc9xCGHipIMje4iP30aCWjOIrtELxj62o72g6Qi42uD1i05VLt9u2WdNsqQhA==","last_amount":"","last_used":"","promotion":"","status":"","comment":""},{"user_id":208,"username":"wispR5uM5NT8lRKQNpoqJK0A4xakqKun\/dcUTrrVNrgG+yYDY7BjDKtw64We4tT6Se1yRpKRVT\/HeCPfMr7gdg==","phone_number":"zP2BXNUQ4hwlF1Z8+7JBZcRVJ5GZtvKDI5BdeX\/zffDgoHQCWHHWNU39h8Kz3As+WTy\/ydbaf0wWW3mg\/sW+mw==","last_amount":"","last_used":"","promotion":"","status":"","comment":""},{"user_id":209,"username":"gH3kIo2bY0u04JuBVYdsPhtrN1Y8541u4r85q7I\/sMkRubsWMvvy4oOjqdWvoKKcxqwkcIiToe6wB+ely9wJ6g==","phone_number":"YFEAOS6eVUOrWFNeFMKJNoUSkgS1\/+wSDE4VZzgyVMZwlvWNrZeff5Ci2CjIZWU\/CVJihJalkXvfxQhUjNNAmg==","last_amount":"","last_used":"","promotion":"","status":"","comment":""},{"user_id":210,"username":"cXbSc0ciNOhd6\/0230PeIzbU0EHPAqMiaz6+pvSWUe1F3lcmrE7L0uPkJcM2mSjuEVY9YEoJrRrcz2FgbFIkQg==","phone_number":"\/76yPupk\/\/laSvsftdMcQ6RuJOQDNxYz3WkvJ7hnpcDCLDqoK9jXv5+XsArfhWHsT13XUjYPS6f2yKlJNpKoFA==","last_amount":"","last_used":"","promotion":"","status":"","comment":""},{"user_id":211,"username":"qpEl2zh30uiO7JDiEekDJ7EdED9fdObELq2yqrHvFQPsMQ+YIgXWmsoP2Qwd+FGT4oovQDKzQZlRZOqknhdl3Q==","phone_number":"h045bgittB6t2ZpxS7fKqo+A+Re6g\/r6YwUgSA4BPnvdipwKY7th1ow7BKRZVDv96\/ANzM8MqtczzCpORejdEg==","last_amount":"","last_used":"","promotion":"","status":"","comment":""},{"user_id":212,"username":"vxeAGKaohExoZo6eM6F9eVUVANiMemFsjznaS77\/k0mYAGDP6dXc68VjhNzXPGeyceU2AI+VYNwUT3NpSrHROA==","phone_number":"0h0B5cgp78G1roHEgU5To+fFUxjCq0b3GAr\/Jm\/uXcc+lTBTbREVADHn8va8+1ezFMYNG2xfc0Fr3s2p+4pcJA==","last_amount":"","last_used":"","promotion":"","status":"","comment":""},{"user_id":213,"username":"5i\/\/yaN1Xz3l4\/ieMGbMggec49NPwVRzqwak4pdjxM5eXI2mvAJk9fOvCpTl4hfGCAFOwwVSurGLUsxR83kWcQ==","phone_number":"lSKyvx0RrociAmuVipjunuTGs2Iw\/nku478SVZ\/cl5TCH6088F2m\/lc+4xYMykLTlgRZTVBLzNLedMLukDxJ0g==","last_amount":"","last_used":"","promotion":"","status":"","comment":""},{"user_id":214,"username":"zyoGw8iw8ex3NZ+NDWffEcUciHQX90sGNI+8\/VcX17GI9HJKwoQcTlnMiVX8eYUu98ErxD2CnJwlB6S360Xabg==","phone_number":"G44OCCncsLLRVgpUbSVvx2fxpg2IShiIb2qxs9uUGuty0L4QlHKEW7vJaZOaJFF4sTn76Ngp9wOhKE+gFm+Y5A==","last_amount":"","last_used":"","promotion":"","status":"","comment":""},{"user_id":215,"username":"HYvQuozlqSXXr3\/Ianb4BI9Iqf+pM1RCnjJpnfO0Peqg+kkfU4RRwED9Q01I32atxmLaZDyS8Iqan0HtAxIJLw==","phone_number":"s6sjka4gInX66jIrZHPhg3jRitrZ8WqBXpNdwbKSnxjV\/VNTxrsPqkeJR0HfgfeNWBx5NhUrhtDR08Wexps7Ng==","last_amount":"","last_used":"","promotion":"","status":"","comment":""},{"user_id":216,"username":"FkLX7ScstuG6QBNTgatPV4wXQiwZGLKQbvxln2aZ4qx0IKlPL6aD+eFLuVMqY\/ObNwPsxO2svoCvhjKvA1Djvw==","phone_number":"tfxJrMZjtByKLywkw4BoOrCHySfbka6ACf+hSNZqw3X15YsG4Ma55Vgn3PA5j1gBOu+Ts1CPYHzyxyJMalhhgg==","last_amount":"","last_used":"","promotion":"","status":"","comment":""},{"user_id":217,"username":"ruWB8PaGZFgBbFNymavTbfXAgj3V\/jW\/ojQUJKOFJpgsYBO1o\/WyWfs+cjUtXORMklRBAj1SP6r6205FwqCDzw==","phone_number":"FGtG6AMWqa6uMdTZ2WMPAFV\/49W2K52jZrUzTcXtmgGD7wVkx8oV90jJLdTd27saPl9og0dZUd71X48uOmwL7g==","last_amount":"","last_used":"","promotion":"","status":"","comment":""},{"user_id":218,"username":"PLqRWuwe7EL\/lVb8pOpW6Ugyvv2r8PgFWis625ofYupqCatKI\/RdUDMBpXybRsibsEPJ+nICsTt4ypQMRBjtoQ==","phone_number":"IWD8pKA34MpkTq9XtqfXo7x3wBveuzwkfzxXyn2T8iJ334xsChuMcdRNC7Kyx7WbNS3NEg1jI+xNtWuIRFWp\/g==","last_amount":"","last_used":"","promotion":"","status":"","comment":""},{"user_id":219,"username":"C763DCj4294\/f9TWM4Enl0TLypWvHrFpY5tMvrLug4+ysPlTQWKzD5PnET7QwKADi1sTS5tY75rPDlgC+R3bCg==","phone_number":"vwYccvjNCdjrStvCFQ6y5ALZOpJLwJB4XZMddAWUYeKPq4MO1Al1LW29otURX2m5FwGCnO4u6bs5WZumPzSMKQ==","last_amount":"","last_used":"","promotion":"","status":"","comment":""},{"user_id":220,"username":"n4Yfb\/YZAlf2qUIhZ7WrsgyI5j5CVdsDZH3BWh1Yf8F05Ek5YgIOQGw9tLCMFOa7fMqR1D0BNN0eCKqOoZng1g==","phone_number":"9C3q8VeARZ1nFsckCsE\/7JGWhOlogpAz7LmKd6aOHvU+MfOB2vZzPA4JnjFvO0CWQY6uJogKp7NzcUBH\/YtmzA==","last_amount":"","last_used":"","promotion":"","status":"","comment":""},{"user_id":221,"username":"4qyz1Mx0zQfU+Ijxqi0ssjgkI2roa5uYdVju6+543RPG11MuQUnMIkcPPlJm8Kw3Rf203kpBvKCLEopWrtrwdA==","phone_number":"AFO5iVevYJKC4iGHVJOakvC37iGBXzDxZKZs0IPyWxdMwVZ2g9itCXAPM9CSH2Q23Yo40fylajwb1\/yaLWhSuQ==","last_amount":"","last_used":"","promotion":"","status":"","comment":""},{"user_id":222,"username":"86VDWz4Cmbimz3LMSZWMmKvcLvN3Df1wa+KZgCdG+73Fh3JmCUpLus4QDGwOwdi\/2sNemrMcEApQbXUAFGitTA==","phone_number":"\/llpOBfn1htBaKUzJN\/FeutA6KDX5L\/1XAsgA00C+aWjBoJIqufabiKvNLKc+RyPDcYqOmO0TH5ZJDT7rdcDcQ==","last_amount":"","last_used":"","promotion":"","status":"","comment":""},{"user_id":223,"username":"u5baLdyU4MjAPtFBrzff0uXjFuggClEiBWY1873ySAO8gPJEjWND2HcLQe2SYAKqvokAvBSeTPQUoIST1TzDzA==","phone_number":"xWhiKtaxFuDQX4uf4zjyXW5dA2v3HKa+I6u97T86tMZS6q4IrcrLwj6oFO5PxZvl5HkIUvzv2oLLVVn\/DWY3MA==","last_amount":"","last_used":"","promotion":"","status":"","comment":""},{"user_id":224,"username":"IwS7LOX3QxYQq1Ndfh4Myuo7jcjR2sz0W45KYZKPa6lWfEnCnNB7+AGNl72X11xCtvq8BZW1G1ix8AxGjKH4Kw==","phone_number":"WdtQ\/kh4DmCKOpSvFsX8VEenGlkcW3l9tXNHgE9ymKfMY3\/tY7YoAt0GWbLqt1mMQ\/N2BtFgkHQxT5fFpFxh+A==","last_amount":"","last_used":"","promotion":"","status":"","comment":""},{"user_id":225,"username":"0EhhoHo3y\/\/ghX\/UgYvVj2PV7eW\/ujX\/ZlDK9nbWCRoMl\/2hyKH0HLXd2T7Jnd5bNQzrIYBWJ5kUyUagWe58FA==","phone_number":"6ottNmC2QsjMZSJzvW6eT4RFgnNN4XLn0wcvj1XiRM89wDM+hKhYKRW2yq7ZBdueokNRHjuVo0agoOzAF9V9EA==","last_amount":"","last_used":"","promotion":"","status":"","comment":""},{"user_id":226,"username":"\/GdZZjW10o2D5mRb5DMNrCAaq4YyfGLhlURXv\/5GKcUqpxMG79xPVUjiKHfT8XzaHRF+NrLNfhw1I4GC2RNnqA==","phone_number":"qMyhzQTfOWTY0ZbPyykrb6vX\/WKQL7QscYREOo4dQIuO2lWO+rjqN3eaPTCeTcKDpT+LOGUPTKc1HxwE5NvSvw==","last_amount":"","last_used":"","promotion":"","status":"","comment":""},{"user_id":227,"username":"EoCkd\/HsQ4clBqYiAwht0LaedVROazTY4r\/jPLV0x8Cz\/MX2bQBldCwyn+g36eWaEFzmPpmzgXvhsVYuFOIgRg==","phone_number":"0JKWqp8ED9EbuMU64tNr1YF9W+8DJsq2hiN7i0UifYBZkEryJZd1a7Wmfum2WXDiMJ20YwCUNa36be+w\/jsTYg==","last_amount":"","last_used":"","promotion":"","status":"","comment":""},{"user_id":228,"username":"xTPb\/ulzrvDJJQUtRoHshFEITYvx9s9ceYsCCTe+bCzRYdXVm6r0fjycqSMtOulKez1yRPcoM8a519CrP6MilQ==","phone_number":"vU8ldSenUQtkLedttUUMGusR3RNzVeyGpPNkFjOfFyWtWuVDkRFB5wdAmKYt28EpUpMymb+Hetld\/V9arm7Nqw==","last_amount":"","last_used":"","promotion":"","status":"","comment":""},{"user_id":229,"username":"1xCCIFo3lH6MbFLrmGtVwDmGIfNmTdljFuTKCAEHIwBK\/RwRq8oSeUJdzUc16TX4YOOgKG2i+j5vVdFsmuVN\/A==","phone_number":"t955QeGtVmkvRf5Ay0jtJLgU+pyeKTwZeTd43l2JBuBwv1XMH8u2srp2nDJ1GAT9cxuQHzcHcwmLRrfUF6AmrA==","last_amount":"","last_used":"","promotion":"","status":"","comment":""}]