[{"user_id":1,"username":"Acuo1DGbmnNPT5aQVnKYzxZmNxJmlH5YJTcZ0\/s8ckHc9MVquhnB4PRyuuPCiVnrT2e+DcNaSk0MVzmmRjIn5g==","phone_number":"8DzG93ApuMCKYGDT9c4fOdRqyBoAYi6syShlWTXO+VIMTo0JXQmCB7wCTiH+UZRJ3FSD2hvntA3OyNmq2fXBRA==","last_amount":"","last_used":"","promotion":"","status":"","comment":""},{"user_id":2,"username":"RUzzK5t2fieXBAQIq9iMHQIfrD+sj6TpYffNN4mK2SUfrlm9hND03prE6fPEiG78UMr+1BdPDPDbYDHBijXZ+g==","phone_number":"hGHCY5X4lZkyaUFtCv4sq+nrVUTBdI5c\/GHkL2RWjxnKcH80qMMUhLUDeSAQX9VqSfGty69gb28\/ovKyKtYRQA==","last_amount":"","last_used":"","promotion":"","status":"","comment":""},{"user_id":3,"username":"qRIg3IEQx40oERPnY9K8AJm85\/aawhtCRKApEJ+KF+jq4L\/YbonO71\/B5R1fBYnsSKQBPTWVW\/ni66hww6BqxA==","phone_number":"PlJ7GN8RrowUxeC8WVtRmlEY07zyirA9AkSfVqQu4BtY8RyJvGXcOsoWp6WY+g2EooIN0M+XSdAB+dKlazdMgg==","last_amount":"","last_used":"","promotion":"","status":"","comment":""},{"user_id":4,"username":"8jq00ZfcXD3Foc+\/o7NXKvhJ\/n32f7u241Khm8aZHrp98KLNH57phYG8K19CbhEMHFG5koHylaAe9I\/46qWnUw==","phone_number":"uWJ87itvgN7eAmeojsXpQt39A0mUY39gN8bGLwfQZKT7+3aRHX\/C\/PNgrBMmC8AdegFToGOgYHuZdDGys9iBbA==","last_amount":"","last_used":"","promotion":"","status":"","comment":""},{"user_id":5,"username":"Clz1AFO4Uz6zRnJZGNVt8SWZec5dvBLWD6sqzDP35vJ2Fp2qr8dCfC0TJ736xe0xALS9QdtodzxPA\/lX999RUQ==","phone_number":"7Ml++b\/uwvvMg1ytogcgTOWAsXFsbrSZ8INi+AjCL9snVb5R+2Ni4Q9zNWLX2QhFSISfKA2b+G1wpjYeZph8Zw==","last_amount":"","last_used":"","promotion":"","status":"","comment":""},{"user_id":6,"username":"QrF3rXEaZMo1RUj6vs4IuR4YtJHqjGWT+N8UOpt63IvkEzJ6vY2wH9wWoJ9BqDtYe2LhQ6ueSsngLYyiIcvMkg==","phone_number":"zqSkPdOurgiCa68b8Tbk7LPCjSd4AOJ3ZaQ+XfRpeiwwazHPaCdhlzd2\/JRoOQIUhRyiGBE6SWr\/m5TCj1cY+Q==","last_amount":"","last_used":"","promotion":"","status":"","comment":""},{"user_id":7,"username":"b4bWuA\/r0BjIRXvLJGX3QJQ5BAF5Jp8rfGTaq6BGFP4LOylVphvLBZIttzG2Z6IKV8UcEH3v8mVz620J2Z74Qw==","phone_number":"dCCPmBmw79OQy04wHiuRrD2FrCVuVR5N3wWzf0vCaoAigonH+wL+YOpLvV0ixVHVE9xITW8YXCnMh0k7a27Hlg==","last_amount":"","last_used":"","promotion":"","status":"","comment":""},{"user_id":8,"username":"gkBnKXZb7x39Elpe9C4HJ9FTriVMjZCNLfpZSICCuGe3lLIHAouufWMJ6x7SD9Q8+Q6nbmSRkUXz2XiIbNAUTg==","phone_number":"jfcXXG1\/l7jCWLluZ9m6nBpFIRpI48GstwunXXb4DoutD5FQggAcG+1eza2M1m0DS4Y21rItK5pU32WorpaoCA==","last_amount":"","last_used":"","promotion":"","status":"","comment":""},{"user_id":9,"username":"Xl2NgMFn9dZjAEXR4fXgyNyi\/Fh11RyT0kY7ZmrORB1vRWjjE1qcD03OcBjI5GO5d2cBuf33A9v9xs\/tRYNGPA==","phone_number":"oG6AHd7K+JKFgk\/llYT7XZqdQ4MvR8sP7ZVu06cR41dRt7zgEAjgKLQ4h9Usmh7SocNjcobOAYw25MgGJ5QG7g==","last_amount":"","last_used":"","promotion":"","status":"","comment":""},{"user_id":10,"username":"Cuv5Nec3EJ3pW122j1lJPG4opwnOp7DY03yKCVDzPH3sWuNQoGgjXPUUn7weVBSj7Lmfg4+\/S8qS0Z3CEhaCaQ==","phone_number":"7UEBQzru61TUSHvlLRrbO0TUU+\/GR0pXJcMHGQ0lCN3XEwfmRh98\/Ft9DzSTMtnUR3uez68tgut0jWUQLLUZAg==","last_amount":"","last_used":"","promotion":"","status":"","comment":""},{"user_id":11,"username":"HkDHXfEcKAP2rfBxoRE0xbjPf59dJFMTxU6gHx+cin+wtmUjjuvvhMCUjJ70DXOHiJjud33KMEA1FbPyZCr5oA==","phone_number":"115hRbQDZjS1ndEwkHxiO8YI+L2cHyAagqeneY4fA+fDjhI+BaW+\/81pKT2c7oeAyB82U8BK075eMv1U+MjWRw==","last_amount":"","last_used":"","promotion":"","status":"","comment":""},{"user_id":12,"username":"pomXDHU3XpwpZwJrTlVK628wdx135HgrbHQl2xBS2tNF\/WrLkVeeX0l00lS658ijJwozc3NIrXy+m8PijfyX2Q==","phone_number":"53adapEjmAzWa5ujiFXXvQWmugQMIlquQdy+\/F8Up5DEl\/Cjzuvc\/lVPeWuGxTyUX1xWbBNTEy5vIVartBwmZw==","last_amount":"","last_used":"","promotion":"","status":"","comment":""},{"user_id":13,"username":"Lhe3ZAYWLkm0\/VtPln2FcBkufe6DoSKKd7jwRA8JbEIOSO1e4F1ZDkjp\/EV8rwE1rgK4pJyDUqPDBadH\/g2\/Vg==","phone_number":"LQGnnIHJK5471GnBm3hwF5vWkFbC513bSfjH+lP83W2ftZ67KjVEKdzsnxXPzmv0AxXO4BcV8KwKygEp+RG8Sw==","last_amount":"","last_used":"","promotion":"","status":"","comment":""},{"user_id":14,"username":"F\/UbZOkq8s\/0E24X\/erGuZ6+EoWtaB\/UpP7DFcQASUCCcG8ZJT\/GQAgc2BP0iY9CDxhvG5EDYkdaGm1N8ZRimg==","phone_number":"DVWPASMOZtV3nsSMlqnaFYCynIpI4uLma46234dXhde4f+Zp\/px7snlmeCmtArVDq4EoOM\/prUXNN0XfcXAXlQ==","last_amount":"","last_used":"","promotion":"","status":"","comment":""},{"user_id":15,"username":"YKhaJGaeDWRJWLnpGnCxXd09NmRp1F4xjZKZ\/d7hcSaSpZSrTwxy+h3AYHn4Rs6dCTz28QPNlUd0ZsBPH95rRQ==","phone_number":"sVU\/67IUBXHfNBZs+xGuPpFIOmJR\/ne2gWQUPAFYEoHj\/QRj6pZKzgnwbHftVEp5S+wtJJTSoWAPtw3u8CATqg==","last_amount":"","last_used":"","promotion":"","status":"","comment":""},{"user_id":16,"username":"PCCXhHIiHzdotXFyrRWIHjjMZdWvEFipTgCk\/7a8TICMtywW5U2twU+6gEOshbXqVofixbvdh6yBnbzvr5fUiw==","phone_number":"n4qZQiXXxvWyyiypJ5CLcftQmwQxyN71FYS06ETIOJhYrZZq6VFdhXtc2Pv\/knn8+Jpt6oBsbBgWRr7OxTRDtw==","last_amount":"","last_used":"","promotion":"","status":"","comment":""},{"user_id":17,"username":"ZNvGVA+XADSbtZIu8ikICNfLwAAKQvAP3eEY7sDLQJtxUuYhg73NjtGuNBL+lwwac5e501M+DX2LSmZ+pzsxFg==","phone_number":"AnWRbAUEHe+FqrWF4d1RFKUw2NeffRzetNiIAjEX9908ga7MRKyFuMd\/2jySOS3aw8Mevl0K7xieqZBIgdSdLQ==","last_amount":"","last_used":"","promotion":"","status":"","comment":""},{"user_id":18,"username":"GO6pAovIAekPsCzVputc6CzkpSljRI96gUOeDuGsOctE+r3WYx+roDO+SEOhtwIXmwgDFvEzIurpZAYdLPILjw==","phone_number":"s5pm0shECHInh2EImZmHU6VILs7uC\/OolBr7qUi8ZBhag\/aRtPZ3gx+jYXQv5ju+42jsXcxhC5CuqDT9T83lPA==","last_amount":"","last_used":"","promotion":"","status":"","comment":""},{"user_id":19,"username":"z05IzYnOGqd9lDxiofOEoQ\/Ywtn9i5KI89OMBq8aEJhyTF3HI+iiIhsgPuqYcJtByvDRxOnNhUvqjt6Ixpq\/BQ==","phone_number":"562072dwPnkl8qpD+pJQz05AtEMPY4vzMnXvmON52HroFf\/K8P7s7J5FJXrUP0XQvMzIDMg3zrkl7hJ9TPTI9g==","last_amount":"","last_used":"","promotion":"","status":"","comment":""},{"user_id":20,"username":"9R0ql8GIft+jgohHhJfgpxNbmJ0YH+a8Y\/lqSGF3bnJrsT7\/wwtD9Vip99w1YeF2dPiCYBL48akfH4w5TWlpOBDJDfk4tBGuOrDrYRTqBgw=","phone_number":"T\/Nb\/RRSRijJrFE5kIElnbd9tLBA\/+a1GuEvPpsyz1\/BgksZHe7f7qaRbr+EZlxtx2O\/Ald8ijB9u6brznXNKg==","last_amount":"","last_used":"","promotion":"","status":"","comment":""},{"user_id":21,"username":"DQ0AaB\/Kcjh3MD5YvcmOAOirHUjz+snN\/4AfdGpOFM5mJ4CbdpHYGUvj3zUbIdt6LhlNPTX5\/Djs5s\/MnPef3Q==","phone_number":"Eni9FMIk+kxq06eNR3\/8jZozR6z5PgBE6gftqKJD5LpqMFkkDNEWudXq1wTTrCLx\/T+KF2T2yQfgVTme6KVbVQ==","last_amount":"","last_used":"","promotion":"","status":"","comment":""},{"user_id":22,"username":"i7TODrx5NYPAtAcWAXxfuXEMd8a5nW5LdM2woCa2bFPgtKLZk2+E4L18bgaRDBtpmtDrqSVh4KDCtKTbIDW3Gg==","phone_number":"Sgs5xOL59\/+bC9ee+jce7\/GKEBMAf9sp8Bo7lUV8v5OdAJMNEpYq6AIpPrM7TuWKrNrwXv+FCTGmim1kzDh6Jg==","last_amount":"","last_used":"","promotion":"","status":"","comment":""},{"user_id":23,"username":"F1ubl2o64vL6C7rxLSng3vf9mCiSBg3hujycaavjB8Z2GxsBByqt4sKktOpy8m27im4vsWlx4AB5uOXJVrrDrA==","phone_number":"NggJaNw+Ht25v9W94b4+GyzbruR7DVvrB1xqofmndAvHmHvrEI+f3QRzEbpv9fs1UckfaCjZRtSKX5eg8sUS9g==","last_amount":"","last_used":"","promotion":"","status":"","comment":""},{"user_id":24,"username":"T26WdAa3GCdwMS14m\/V1PxgNGCD+K5Wthnel3GeN4E+nFXM5\/yymMO7IIz6k3oCA0TUqLG3xAJMfGnCBcXN81g==","phone_number":"N8+Qf0+NBXzOQjyI+r88REtiin8oQNUBZBjecYtw\/CxqF2B6we3K+0A78eXg5IabHocb3HwpRskrHDU5dy4HNw==","last_amount":"","last_used":"","promotion":"","status":"","comment":""},{"user_id":25,"username":"qKtmUYLMlBhcT8VIHDG0JrvlGXnK8n59Ycl9p\/0fqt01wmq6ZK4pADX876lhEzp6sHJJ8zj9PYRB6WqXrJi8Tw==","phone_number":"Vi0S2nIvDfKbx7CCWc\/TqT6PnygQSAhnmyhzun6i8GZyYoVBnxEnbPsDTO+ahGPIMuBKqcZDnQYBdRYca4JRlw==","last_amount":"","last_used":"","promotion":"","status":"","comment":""},{"user_id":26,"username":"0a3OFsMdlH3L1b3dSMjyIxYctEV58PxdxbS4QwFQ1F43cc2w\/YNeHwIggRLAgEp7SivZOdxUk9+fGfby6F4ohw==","phone_number":"oucYpj1detoZ27bgH3z+fOWLw97eDm2PjXbsn59q88xs6IxpN5AdmrHfRlAR\/zCzKOawwbhaV4hqeEHG59i0NQ==","last_amount":"","last_used":"","promotion":"","status":"","comment":""},{"user_id":27,"username":"JTnrEyju5eI1hsFsdJPxO+NC3jEdzQ9dfoEMh7YD9XBEnnOQUWxo6tZSL8Yykf9D9vHPgGyPDsCbQ5iEwLR2jg==","phone_number":"uGhFddIv2n5Xn7IcIO300WuMbAACDoWGHkWVTfsz33bp2Z6X6Wezq9n7aubMjeWGUYOaCVcLat2g\/L7HsECEJg==","last_amount":"","last_used":"","promotion":"","status":"","comment":""},{"user_id":28,"username":"AqNsEnubHlwWeH86pfbjOCX4i4f\/jqNjp4EHSJAKHSVUdqmUaXSyfx8JSW8K5Gya7X\/jIiJFpMxGooeTd80oQw==","phone_number":"v0aSkf6NBQEGR1WGG3scUvWpHpiM7YYpj+zON65o3hDWVnmIcDcNWPHUVqK\/l\/b+ot9c78Q5sWoITygaV2Ma2w==","last_amount":"","last_used":"","promotion":"","status":"","comment":""},{"user_id":29,"username":"QHPNqKAflvSYCchwktn10GmHnAUWMIYcc9Q9ddwi0j75wH+mlxTzE+ksx7lqNp5tdI2\/ayMCjO6MFOPEAd7Gjw==","phone_number":"Ek5wbnEexCjRxcjKIcoGKGRHX5GUmWawhJ8q7zQTDGBoz1f8mDZwGkqofpob5AOYH0NFPaRydTy1hMUtpoCLzQ==","last_amount":"","last_used":"","promotion":"","status":"","comment":""},{"user_id":30,"username":"R+IPAhilG2vxQUKB95NE0JVCOYdJUYPJUdSP05Z+825IbS89Zn+RrHomcmcYlrAHqWvbMHws1dpk1USZycDu4Q==","phone_number":"azHesKSNVzJcLuct1a2jadP0tZ3h6F12TkTfivkiCMjALL4AmOQUOH4KuMw0KEYhiIlUk\/4Q\/qsB6KHAcGShmg==","last_amount":"","last_used":"","promotion":"","status":"","comment":""},{"user_id":31,"username":"ex8IkeuP8vNpiOBEbTZs7Lw1EEm+n3I1YZuItHDwpGqNZQgNOQ15JRu9wIR\/zBLwt8GwbQ+M9yFfkNt+yhjcyQ==","phone_number":"QM4Xq5QWIqNfFVnctMPQn5M\/kZWXGRQlDY7kLsKU35VXTm0wVBNFp8ih8TP20X3gGwP6P4g87QPvbk5oekrKBw==","last_amount":"","last_used":"","promotion":"","status":"","comment":""},{"user_id":32,"username":"96xGsXppGGgyyjl8FeUGi8U+A9\/ciwpQWLGpRLOu71dARVo0ccAnYNSXCWtn7fYFegIUbbb6jwXx6G1PjDd6jw==","phone_number":"UiQHmga3Tb0h07oddKZKJZueZs0\/r3ZUK6QEbAM8LjsnTlVliIlWcvmNSMHx5AJ4P7tDY0Ut9\/15dpk2niFjqg==","last_amount":"","last_used":"","promotion":"","status":"","comment":""},{"user_id":33,"username":"SjkecM\/U807YdcDtCmDvHtqwd13RCe+fgZ4qDB2fD+QKuaqWeV0tK4AAWvEnyYdBgCDOEdN7UTkXn8gJQPaIbQ==","phone_number":"BUxczifn4ZglpmdXmilF1thpW0h0LvzM68Bms\/HBogKsT5cphRATzwdSF1g8RiJiC+Q522hAv2Y2fSqel3frYg==","last_amount":"","last_used":"","promotion":"","status":"","comment":""},{"user_id":34,"username":"\/JsQpjF5YDM+u16xDXYd87ahgfd27TyuVxzblxI1VfR1qv0yzx6CCpXI2AdFyidmIgeBtgJThANIVyBoTjgTEg==","phone_number":"cR3vvLSwgFsXTzLo8Nb5dUabe1zf379kgfIlpca+CTrmSce97dQMKGo4R6jJd0ljMMq72QMeLqsjNxceOsnMHg==","last_amount":"","last_used":"","promotion":"","status":"","comment":""},{"user_id":35,"username":"rZaIDz\/wx3NpXHKQrihujJc4ZD9Go7mqm\/uHCCWE79GMaYGx7kGrz9lonQnjTqQnD5WdgsUv6FJp1YbtgAJvXA==","phone_number":"ukmhnujy22l8vXQ49stPCOyKsp8lX3\/itgvvMyAS8igDkA6T7FAjqm+EkJUkPhng74Ik3MZwJpKaOSQlz7KHhw==","last_amount":"","last_used":"","promotion":"","status":"","comment":""},{"user_id":36,"username":"I5at9\/mQWGMdE6SNGpE9Cpvl6qudDfeZ5Tb4fzHVhRNM5yPl8wu2zc092D2DMNwMAKH1sC4TGIs8VmNhQV71+Q==","phone_number":"xEC34g9zPVxnp\/DSZG4Uuou\/KCyxPCIt7FyVMMTYJfgBkx9Ht+3H79NlSsYCJCa19DfrDJx7lPOc0i1AwnOcDg==","last_amount":"","last_used":"","promotion":"","status":"","comment":""},{"user_id":37,"username":"h6J1h8IfpBTJugBnR8ZtMlZb8yW3nZns4xt+EQtVpya\/q\/2GEtG9CGaJg94QZoigLTTfCZmaNel1SD8hI9Gl\/w==","phone_number":"4EZOsPiNMcxFg8WsqhGf0STXG2dosy2eDcjdBohlwL1x52gZjAtNZm3qu8KK9kX\/+WlI7DE0+OSmj1QK0bn9RA==","last_amount":"","last_used":"","promotion":"","status":"","comment":""},{"user_id":38,"username":"Cu+4fgbQN7jyyRR02suPORdq8Y5t+9CDhGjT5hQhIP6U8c5HqrXS3qKcjsNXyPOhEEPu+1cQMeXegvvxsliQYA==","phone_number":"Kffe6H2ZTVzp0xCVx707H3qMHnCcxzu4zR\/vUkt3Ua7DwSVYxpM04pYVGrgfUxIy9y\/ROkGmrykbU6SwVdMjoQ==","last_amount":"","last_used":"","promotion":"","status":"","comment":""},{"user_id":39,"username":"Shv4\/RATuBZAleQXsi69jQao5HYFnsZEeeIIxG6OzOXzsMb+stZ35c30PiRqN90e4JkGTG5Agjefx\/MTB2X4AQ==","phone_number":"JSsyK9emPsHtqCaqXt6s8VQA2iOxUVZtEUCMvvJfR2ah\/tW\/9FpED69NoprI99Y8hpghhv\/iRaajK5uLGM4LJg==","last_amount":"","last_used":"","promotion":"","status":"","comment":""},{"user_id":40,"username":"lYu6EwCwunxuVDL7RUXI+VZ+KWnVX44vEb0GYqOBt8W0xF+2pgetyI2hG5FyKXOgVHPAk0AAQ2yCx3shnt\/roA==","phone_number":"P8ByU0XQZ98UZS8LKrTHyhYRUIRhSAOnO5kQISx59fZhb1sBhS\/XT7ioCsw5W+km\/018mFq4S389gFzEzV1VlQ==","last_amount":"","last_used":"","promotion":"","status":"","comment":""},{"user_id":41,"username":"oH+IcneFkc2wmk2QxpjC3YYD7Z\/BpjX1k6CjBXNC06jzYIJkgltTEaZCKr5OqqBrF5CqxWkwY2jr0lsW2cqYoA==","phone_number":"bqD227E4uTc5\/vsbh+ZUXtsMhFdygsrbxTMd5L6YoMUE9U2PlL6dyi4hP3EJ33Ayh0LNkyDOCJybLMjmc0kryQ==","last_amount":"","last_used":"","promotion":"","status":"","comment":""},{"user_id":42,"username":"9joHqnStEwF0c9rhqduIViWGiyuWuZF7qTZ8Q3QIUGV9rWLucDdH25WQEjvw7n\/Qz80clY+oTcwOvnbv+pzskg==","phone_number":"bt+6uHAF7FlATLW2fdqtGa13f9EjzxNchz5crQcudlP96rmivbY11J9UHWlhN0Tj5CXtgXiumKAS0X9Jx7nhNg==","last_amount":"","last_used":"","promotion":"","status":"","comment":""},{"user_id":43,"username":"7NPtfMTInCHvFh\/UjSaxQz5u34wmDe1Gfb+RFi72KtODyItTIPkxNJ9xgLRQsihwNqGFDEvVA68baLZmPOiyRA==","phone_number":"L0fZb9AVtd9IRQUd5TzNZLpDd+0zHBfKyxlVd2iEkeMm9hhPYVZ7KS+yiy2VdkVPhcMU5v+NUbatIHIQ6Vl7Dg==","last_amount":"","last_used":"","promotion":"","status":"","comment":""},{"user_id":44,"username":"uHPzId2SQc8KYj4CToZiZBSByqXPs25eqG7uiU6KyqJy1vi\/lcA6gymvpz+\/owIlNohqSisfE2Mzqa5tiuUTxw==","phone_number":"x3tMiB6PICgx+2D9kC11qHpwkgOi\/Y+ZdavRcXmPOQw+Ad7qjLFOe4UN+cN6oZnUpeNXaqtlNuW8u4aZwsW1DA==","last_amount":"","last_used":"","promotion":"","status":"","comment":""},{"user_id":45,"username":"wscpN+0OpPe97LRPRAndH2DYlIaqJ38IG5rTW2aZNHHHz9nAtvvq1HZL9e5TgzUFDtS\/KEfMYfEYt8k8oHG+PA==","phone_number":"TO0D+h6J1Ry\/9wrXLCbM8fQKvfn+AqLQF3bGXGLk5z6rTujP+ieAXqvEiXnL2NR679e2VY5BYb+3M6tYIHFGag==","last_amount":"","last_used":"","promotion":"","status":"","comment":""},{"user_id":46,"username":"+JFaQ1mNF+J0l081GCTSrACg9UyuBpmVvX4YaB2fE9PM4VvAo67yNwHYmDQxGQgG5Stnn1dbBfd1A84BOY+QIw==","phone_number":"FselCg3lQFBDAa3u2xkiIBumXJBEC1CU39ajvrnWnyO0u2FanUzBYtIEnuo\/yuuMW1OQBsnytrfQPDE5oatszg==","last_amount":"","last_used":"","promotion":"","status":"","comment":""},{"user_id":47,"username":"0SusVPQY71T2AL4x+FcsK\/J7n+Gd7FjlwmCwEelC+ESDMYQeky+ADkLzhHGZvWwUyczLFmANHi4+9EHnVIrfxg==","phone_number":"+WZ65biEYVgInBuLboYrQ3\/SiJmQykacfeeJaRaE+xGYBc+pcJbLAdydeAFQDgIJROQsrDrGfdFf3\/QxcrauYQ==","last_amount":"","last_used":"","promotion":"","status":"","comment":""},{"user_id":48,"username":"CGg\/ndr5tKO\/HUNW3Wmn+eFBwGMbaLaqmTHybVLxEndmCdqE8PDnvczl+LV8NcLPsqgQEoTwx9avIfPBMC+lsA==","phone_number":"3H3RAvBYDr\/A2uOdM2Mxj5NShsgseWLh6zOKm7Yhe6lnCTyfIdu5ey14aW7wiNRjeQZut5HHeHlqBDsBOeQblQ==","last_amount":"","last_used":"","promotion":"","status":"","comment":""},{"user_id":49,"username":"+NbbfVjWOjA6qbvNzKactRBuWkk+BwgHWZfW4sHORJudYQ3G4lesWvsyEKf4oZbbvTO\/Lzv6MxzZS6L6n4tRoA==","phone_number":"zWFFX5PSomirXXcHfDY09GFz8ABdFAEJiNcAGVfqQKEOhG5L107CHb1MIup+6NGr9UtePRB7ZKyT57QH79PpNQ==","last_amount":"","last_used":"","promotion":"","status":"","comment":""},{"user_id":50,"username":"J82da4jabm24xyHXr2teq4EkIJfYtgKRzNSUgvcKQ1ig7ZZ8d5YEqm+1ZSB7LEvBNSRTYtatDy66w39w6v55mg==","phone_number":"6aD3GtHb8JkakOHRrjoIU5h6ZHFF9B0yOFcq4+cIyKlYvqBhMyBHypxW4sYbzgT6EKYJXQNK3KZ4Q9Cyyu\/i3A==","last_amount":"","last_used":"","promotion":"","status":"","comment":""},{"user_id":51,"username":"RwlwAtnveSPZ0ejWrCW10TTeQ5fGVVVB6m2ECFOqFP2Y8EaVJj1lvF4VioaXcS9CkgWm1rHjD58mj2lioJu1Ag==","phone_number":"HcD7CPmNWw7UPqO\/BoSyhKSnbb06\/B0VCuXoxEJd2ppGvEieJgF0Aqn8FQqQDnvHxbktYpkX50x4MJEEVr3cRQ==","last_amount":"","last_used":"","promotion":"","status":"","comment":""},{"user_id":52,"username":"CW9cqzubcgyrR4R\/o+OvhnkDS\/1hnkV0Rj1t7Z4c9VJpxtDk1fXBjfRQZ+SZJY1A\/eQRBM8Sd6jCVB6j8unT4g==","phone_number":"KeV0ATHhq5bRJm3KYL\/IJCrmAOC+MlVjhPMHqthwu22Lz4Hm3kismiRmWt8uAhptBVobpSbC4BBPLhI5KETLgg==","last_amount":"","last_used":"","promotion":"","status":"","comment":""},{"user_id":53,"username":"nr1iZG4cCIxB5LJzBLsCKpulhYm+HIVyYwMVlYlD1x5IcIjYdostoyDnmHJUx5IOe+sHj1+EaBxGwixUQT+ifF3U0d86SeEoj9Qet42zWZE=","phone_number":"LryPmhqs4XTdyJR5uL2k1gBr4j535\/nvtcCmdOzQ7doyhpcQraklAOmed\/4vrOecNWemO\/a4FbzQVhgAPDPD7w==","last_amount":"","last_used":"","promotion":"","status":"","comment":""},{"user_id":54,"username":"UYISqGKQ07ispWftQr2C0xq7c\/R6cV7HDKe\/UZk20VRtAZYiDvj3wFPXh3ItH7Z81MHb3KITC8Btv+xlPOC\/Cw==","phone_number":"J7JxgODw8Z\/Jaw6k9dJS7lAEmgmz7UZ7e8f++rC9xBum7l2IOZxkDZgYuhdwoe\/f4P4mZAVV334JbMNZc1U\/2g==","last_amount":"","last_used":"","promotion":"","status":"","comment":""},{"user_id":55,"username":"mw056KR+Bs1O+RNM2Mc+jpX2R3MbjWsNLWnpS4fRWUQkbsjOC98fG2NnNnvW4Ly0jfvX62lpZTlYQh7w3iTrmg==","phone_number":"q7+bruwOPbhJAsfmCleS9xA1kefN9fiGqNPGERXO27AV4JnWRPqzvpivqZEuoPgX6mTb4rPW8pQ+tHr6HIIhnQ==","last_amount":"","last_used":"","promotion":"","status":"","comment":""},{"user_id":56,"username":"7U2WqRZuQpziU2g2jYM1d8j41ctkNOgsyLsGC\/NtJOVy7xDeLBJRBAFXB02clKODRbV98r4\/zKUR7MeJMacpBw==","phone_number":"WNZWUK06iE2r7k0j1XmjAeYm1Al\/+ffHKmBv39Cw2QG5QV5HJeRReAl8yotnq+7cxSWCFDHcCetxTIgfNCQCEw==","last_amount":"","last_used":"","promotion":"","status":"","comment":""},{"user_id":57,"username":"dO8MuQ8MFcngncHzEsAb9gkbGbwHi5OC\/DQl+brz95FvZKwEs2zQlApK8QFsZSmT62KW52N6C6MXmniYbWD+qw==","phone_number":"CJqVRVermREoKnZiBQwnmR8KRasI8YVcHzxv0eeMozilIfhbsLay179Zg1fBmmIJ4hFTEcHHn5dil17ngsaQ2A==","last_amount":"","last_used":"","promotion":"","status":"","comment":""},{"user_id":58,"username":"9hWYU9LecQHYQ6A5ztNXOIojxAjqzbCZprUaYFg9L9NbMTPjAgS\/hIX2twCIxDOhI2DpVCuk7U0NJKff6lgM+Q==","phone_number":"Tjs2VUzINzdkDxloZMgXK6AkEePHhITTHZjT6sznkgJCMJ4dhCI0cIP9Xu+x5dJbdu85s0\/emiWTeUmy69pH4w==","last_amount":"","last_used":"","promotion":"","status":"","comment":""},{"user_id":59,"username":"EntwNz4tRt7\/j6v7aUbJb+S\/A36kwhGD6CcjYzMz1n4wem+sfFq27cC13kHTPvZr+dS8LsdVacRiLl1Gvz5Xrw==","phone_number":"UZXMzKgCi6ftgyCosqHdpy3\/V82O1hoXeCDeJjCGguqVGultEp4uC14X7FU8wRCd2FEGKfpjbDWrSvy4IMDpGA==","last_amount":"","last_used":"","promotion":"","status":"","comment":""},{"user_id":60,"username":"R76X4C18OKjEOd2\/sfeLLp58HZiW\/Rv9yNA8RAGi\/TSrxWQ3lt9+H3hDtYQgbQcTJB4LQfFwF7vqIzc108ZsEQ==","phone_number":"08DJ69bmDJIm6JVVHxQxQRLsj9m7zX7uDB5kJb7JBojiD1mhA4Zunjdn9NylY81Z5ZMahiekQKLUOEfw1E3Tow==","last_amount":"","last_used":"","promotion":"","status":"","comment":""},{"user_id":61,"username":"Qd7\/zEItl8nq899MnjD0iGiH\/Os5WcfxKu38vEVdWm3+BGigTHWXJe1ZslTEeQNo2yRYUeh\/sIebcpVcytEq1TwN6aw8VfBcsrCif8uDkLc=","phone_number":"47o4nRuLm9xDdJiVcdAM7ziQrtmW0xnBhrJuFFN\/IJISngRCv\/DF2ZzUZMA3med76e40qozO+4\/II4anDl6uqg==","last_amount":"","last_used":"","promotion":"","status":"","comment":""},{"user_id":62,"username":"BsbuBigU0\/h4XpW9YhJOR+y+xOlJ2VLtIbCO3ShPe19Op9SfkN2pD\/ShcyiPEHBn42Z80vTgVeo3GpGQWHN0Hw==","phone_number":"NTLT15Xgjp9663+U4cN2PuRhMtdzuObTohk4UYGPbCA0WSnffHdIb2cpe4KGWP5YHsbTY8u5I6EgEYPxkbEeZw==","last_amount":"","last_used":"","promotion":"","status":"","comment":""},{"user_id":63,"username":"P\/Fn6h7WbnnghS4GLI0yB8v\/lzUFTPdCAiVnV2oizbpnfReHLBiOSMkCAq9YTgMEIsls7EhG6JAhFE2Gl4Uwjg==","phone_number":"RPiOTBQ1mufkCfcaEfB3QlMFZmYN6pPrV3Mn8y2ND+hI7p4KsVWLpz3XEmc\/VyaSv23bBrehF1p9Ed35i1jMFQ==","last_amount":"","last_used":"","promotion":"","status":"","comment":""},{"user_id":64,"username":"l9X6V\/zIsuJnGul0\/j1BphOaJMDiE90OyrC1SuCIhDu3KxzjhdhXTo\/Zurw+CCmhuW6Ts93kg4+nWmdbrPqPkA==","phone_number":"gf15+33qTr4cIgWy9U9bpE4Oa27pbcp30cfXvmJTm0izob4OG7B3zTyitnWfN0sQO\/ZYsebmCK\/NrJJqiRjluw==","last_amount":"","last_used":"","promotion":"","status":"","comment":""},{"user_id":65,"username":"FAO9Sw\/mU+1S+RzxM0R1Wjoy1P\/WXw4uMOltZCFipaQD363OIYKgRSNpNo4ja5wGFvWPmUGsDyMTcV5m2PCOKw==","phone_number":"XxLwkZaTsrlMM7qKOvqL0cAXDLqAmViwb2Ub2oGO8ujG6jQ7o\/8PmGUXVIZmVvbE6eVLIq0EX1zXjl6Z7tNzrg==","last_amount":"","last_used":"","promotion":"","status":"","comment":""},{"user_id":66,"username":"uFgMOHwsczg02kqL3BYxt\/\/k7lVGZ\/or94XSjGxjvL2aTy3+\/+P5NN4sjGTDLdPZyTM3R0SMnG\/SdE9J18REAg==","phone_number":"rfdXydtmMzKAIZKU+BY1y3dUPVNAFbhwxLv43G36xyCu0097hIRMXLcph62CU1toink\/X991TvikAvhHrl0sNw==","last_amount":"","last_used":"","promotion":"","status":"","comment":""},{"user_id":67,"username":"yMhLyzqO4uLXDiuOk8t\/4Ft+dQ8dSKMBjhNbySEKlxnjuun8+dmIMlkv9O79nRV7VBk91zZwO9oRQRm8jWKvcA==","phone_number":"EO0jO9UxdyccPGvwW6t1BPdXIla\/czbMrfW+pbjncOemEin5oyC8oAsOKuQAe\/6kbnKu3f9OoNFLjr0JggCdKQ==","last_amount":"","last_used":"","promotion":"","status":"","comment":""},{"user_id":68,"username":"rFZxyCLWY2L1QcaNRubQ73QapmfvDpc7rzPjBK5GxY7UhAtK2qhyZhKebUYPS44cfNp\/oazeGcGvuaUW7zuEww==","phone_number":"2MykEpDty\/CVA7WxPwDhFTvgXUx6lRuhNZseITXWelSfEsmIM02eovIa50sXtZCYVIDns4ViTJLQC4URNP5ufw==","last_amount":"","last_used":"","promotion":"","status":"","comment":""},{"user_id":69,"username":"qOk8Jw83qXe3h0eA42IdNQuRCNyCbGZOx4mpy27zN6Bi7\/d70GOQoKXp16hEM5iut+zc5PUIorbr8\/+8S8WiyQ==","phone_number":"D7znQ4L4cjyoVLQlDKlrubs8IqD7OGdvROLO99Lo+ebd85yk+vTzyTKpYz7BC3J8UziPf5NaIlf\/8lzeEqoiSg==","last_amount":"","last_used":"","promotion":"","status":"","comment":""},{"user_id":70,"username":"FMM\/HEZ8OxIuUs2tla+OhRWiLTDPS+oOa3mrJyNoJJ7Jx7t8npCnOeUyw2ri1anqnfVkSkAznm1hU7Qgjk9oSw==","phone_number":"55Q8MZRXKeXhLELb84mI0wNr5iA2sNeHNtteOSBeguVmEHO0fU8BVwKT3DVA39x1p6XKrixWL\/WL6krfZ+kwnA==","last_amount":"","last_used":"","promotion":"","status":"","comment":""},{"user_id":71,"username":"N2QaP15oWzbYtj4mkT1SoNFLhYbBYdwbLce5YyW1jNvHgGFmVN+WfvpZO3g4LpBJ8JuHgladEdVkX3hB82r9Mw==","phone_number":"WLyUMnac2RWyGjuORkDWsl38zIlCGf2BEBf2ixhMgDm\/6X2UwIwRpIjFKOvh\/uO97GXeAFuiheDLTDEtaqAjeg==","last_amount":"","last_used":"","promotion":"","status":"","comment":""},{"user_id":72,"username":"cWQNPQDwH18jQfO0SNg9aNTI4tiAEPVTc5v4lUKvtYfcf1djFB3eZQGmrINKBWVW+iy3KXupwXUEDSP6grli\/A==","phone_number":"USFdXI7eVtfKczopPmVwityQ8+Y7qJyntYW5icrqfZW4wlkPfkCBnrnnB\/wVcsBiiywGkIi7ZQ8WvnIXGDKc\/Q==","last_amount":"","last_used":"","promotion":"","status":"","comment":""},{"user_id":73,"username":"fB2547K1dogW77XOLbS1BFxqA2vytHm4yfGAxVx4t5sol0WV5oQhfDpHPfHEU93HXMbelsnYhgf5F\/QS+5tFEA==","phone_number":"YJb9vO8nPR\/jo+cDbIt8Yz8nuhKxfL7ot+b0bpXIySy47\/\/M4rn\/nXwZA1d8QiRmQtdz8\/KvR8kPmn748L\/+HA==","last_amount":"","last_used":"","promotion":"","status":"","comment":""},{"user_id":74,"username":"G1vLjy83WH9jVvZA6PfIakaQHGd69xjJigfWR6Wd8GA0mA4mAlLtt1imc2+hv9\/iTgydtnTsEWeSGDGMdvaeIA==","phone_number":"hIsVkqfyfSVnC4FjbdnlHdN0vPMNXRtRN+S9faQ+3XV2\/kfw9I1ihW6bCZKlamOSjb4pL3I3WIXyRFXGOB6TCQ==","last_amount":"","last_used":"","promotion":"","status":"","comment":""},{"user_id":75,"username":"rLCFLP6eenHpcNEoMwf+vHRhR7oGVgiM0u2C\/02\/F3EpbnD57+DkoCf9Fm830xRtrQntcFmZjoV6UcXkbebJjA==","phone_number":"5uV6JTIQ6XErO9RtjUnPZPhsCv8W413NhiwXcGeXZLZ\/IeNvQRxLitJF\/jUAIhRYtt65dfSphcKObd5TzilidA==","last_amount":"","last_used":"","promotion":"","status":"","comment":""},{"user_id":76,"username":"MBUXvgt3LkSUp57+IvboUcIuiP77ZS3pMcSV3btl7ub3ONaxbbzkR9EDI9eaScXjjy95hPjei738TbAFGoGowQ==","phone_number":"wsQM5sfgwPZP1PvlSNLJmH0tEWQGv4kdoeHGcXPsQafCq31hcLc8ZHTFc\/3uTMLx3UekEIqekHWNgWtNaJJE0w==","last_amount":"","last_used":"","promotion":"","status":"","comment":""},{"user_id":77,"username":"RwYMMvmShlllwQaSy8xNI\/0qQdMpzXDJp6eRwAw7oqWh+lY3LElGnw9Zg9l7AjFaPbBiV19uB+draKsKs014Tg==","phone_number":"IX4lyFc+vxNnQUxGcC4VO0xz3IME2gUeUyUTDTscZQ2x0+5VMXLyreIkemtwZOiUhMVSjxoQ5y09MSYrypak5g==","last_amount":"","last_used":"","promotion":"","status":"","comment":""},{"user_id":78,"username":"x7rset77\/sPz6fvTFlvPjzmp0bHcM0gwW0av+U55xv7gAOkij\/HAjnPDXvcuqR8wsjfAl8sK3642JSh2JnEDsA==","phone_number":"CMT5GQGN2D\/Wggi\/yw1dPH7wbm4vVsXGVOqx7V+bl7ybIinfMkVnXJ8R0riB5WwOhkP+B\/uDKAxWaLGqAv7PiQ==","last_amount":"","last_used":"","promotion":"","status":"","comment":""},{"user_id":79,"username":"QXOVdDxluEyoDwV8TigqVsajPkRMYrJol8rGgo956fcZQNZSdvG4sZxW0\/iv7Wrfez0oKoF8DWqkv+054or8CA==","phone_number":"meVs3ud5oj76jxMUA5kOIZP4BweOE\/07wOmxmmX5r9fUTSK9Agg0QzD20EGA8oArLn7XFIdtrgC8\/ghKMUEbZA==","last_amount":"","last_used":"","promotion":"","status":"","comment":""},{"user_id":80,"username":"5r\/45HladZzoTIzFsJuKSnI3Nud1UDec4w8nPnwxjlZfRGs9cFXo9uJewIV53FV4\/kCdA0XIrEaKgehydw4BAg==","phone_number":"bK5DcfNoVysi89bSgtOVq3fPCveSe+Z5tcwBPnMPUfpQz0yvi49g3WOwpUD8\/xVMFOZpbA9BZMV+hDnfrPWgjw==","last_amount":"","last_used":"","promotion":"","status":"","comment":""},{"user_id":81,"username":"ugmwH4C+nycVtmkIm+K7oz3uUVDCKlcxZUJyqAjT+KnlDNtmiEIChc9j4sd4dbVHfdpYWDWpxDUzz5BTyLKPjw==","phone_number":"0OhfDorWvfoaM81UNtJ8Ors9RNnFFn0jt+7lO8zxVOmZCyA1fGu04OUNAnDlg1naxj8yuIFF7Af5JsWi\/WjmmQ==","last_amount":"","last_used":"","promotion":"","status":"","comment":""},{"user_id":82,"username":"WdVr9CXD2eAn1sEWLKyGur1IRPnNJhVkazPAxP+aaI3Qe8KdZQH12hqpGv8TAPv4VXSXTLYBU+ju23fS8zQI6g==","phone_number":"cy5+xP3aTcaz8rmk2LusHiioz0Wcbw6CPOWX34F4l9n+qCniUccfqo2R109VNXXIhbYh8mke1FlgTWzUgJNynQ==","last_amount":"","last_used":"","promotion":"","status":"","comment":""},{"user_id":83,"username":"xSJJWGJ5zLDbToqqMinnzCvpZSDJPJwBN9CvR3MoOPGH3Jx+RgzufRI+sqeFgRLBKsjeIqhaGVyJZAR5f1VX\/w==","phone_number":"0ftS6\/b+nAXMoeP2CwdP6I\/FkQiVYWNZWRuwlz7dYdm2+3wSO1BMCyMtzD+hkAGjS6fksC6ArFIdjkSyy+IpDw==","last_amount":"","last_used":"","promotion":"","status":"","comment":""},{"user_id":84,"username":"VUs6ia\/4jEgBnRTrUHeVx43w4g4CWM18oPyl92hJMGtpLBoj0KZJJaHS1n6JIpk1GBJK+lvXRVrcaFPtqz3xUA==","phone_number":"r36Vz9ku5ig0dZscr1lPNy1h0eRu2LUIvNV40ODPqUL6YI4mfWvfo1Y7DqwBP7qXYjno2hIwHM7bvXpuCS5cvA==","last_amount":"","last_used":"","promotion":"","status":"","comment":""},{"user_id":85,"username":"j1xkWFScKmvmdY98mMfuB4OcaDZdgGnYz7e2uytAPmxHQkQlPkNDO7ydA1UUDe2OIGkCBJ4uJljEieiNRncpxw==","phone_number":"060TEfgla9OMcEDPw14HuphkaHUXzy8xu6XWJnE5W231zUOJQDNJX4WH1KTXDG6DatyQBmohstqYGlry3yh+sQ==","last_amount":"","last_used":"","promotion":"","status":"","comment":""},{"user_id":86,"username":"vlb16CpKe5C7Zl7PLK+yQYW1zt73Ez5G7fJq0lfkFj0j+JZT1S0ak9FZiEJECPe6mnDyEp8u7YI\/7XjAVOBTRw==","phone_number":"JnvVXt9tICjj37j6TaQ4iQgo4jp7C2ZXiPqUAi65Xld9eang1tznDJRg2R+Bx66cqbW0s2YgT5nN1bXorvVPTw==","last_amount":"","last_used":"","promotion":"","status":"","comment":""},{"user_id":87,"username":"+WJ\/V9jV5sZbrvMQkG9nbibAG\/h1mli+YkpnNve57lCced2XnTnigHzm9lp9E3IRBKkkleuIjR1liMBUDEWsqQ==","phone_number":"pET4PEQseYXNa4VGyZe2wuXXPOdt3bWeiXIsqbLNVPZ5RXhyx1R7I7IcP3se\/BpA+4eGREFn9NLaefJHhOGpDw==","last_amount":"","last_used":"","promotion":"","status":"","comment":""},{"user_id":88,"username":"EBYUtxttnujgf49Vfla3Df1yzQyZNi3zy5wfIZTTwXhEnqxshUkW+L2vbpSf4Vlax654nONnkGrMwvZlYdCLuA==","phone_number":"kV4aGkqsWK7mbc7qedY9mLMUchh44D+auHefFzLxVpMHYXLhv+711A2MUKNnldLFTl+vxdNjM\/2WXndhd3JmnQ==","last_amount":"","last_used":"","promotion":"","status":"","comment":""},{"user_id":89,"username":"CvUmsNALzkmD6ywXZoeVY\/HxYRaIEsN0gRy9cwJfph2AsMFSXiRpueramLP\/6W6MJ8fuA\/+JHRptgMv4\/Z3o7A==","phone_number":"Wh5f1nuB8iz4HkttJ+QfLTeYJHje0hdXRqBmHUAodNdQi0Ibq1VN4vxijSkSZ9tPEroFZbQ8LiJOD5kMc5vSnw==","last_amount":"","last_used":"","promotion":"","status":"","comment":""},{"user_id":90,"username":"cMivdnnEcDVBOToBx5iPzLBsbpI3tZo6v6NkttXWjkdKZ4HkA1gleNnciy2rFHj8FB95tmnKk0Ex2JEcKtUYNw==","phone_number":"yXVNAEzwLeaArnFCY2Sh02KdXytUIcWeP2matHYPmX86kTfhks9kw0yChn3rxIiy8v4PmAj4u6Md320WCO5fmA==","last_amount":"","last_used":"","promotion":"","status":"","comment":""},{"user_id":91,"username":"WbmZEs\/ZGdak7FrBoIQqYLwjifuOvo7H+LJ5sBDRFdo50IyjY0sFqjc2n9hvPU3bpctTQS6TOQaKcKX6xUkwsQ==","phone_number":"lhkHK1ALP0vrCdoI7fJnHlpupWpRSeY9FFfMvD9Hwe4FyOM4V1e2KtDWH\/rXbs2sThyMF6kl3nakqor25mLc\/A==","last_amount":"","last_used":"","promotion":"","status":"","comment":""},{"user_id":92,"username":"N+jTMeFJ+HYNNpx\/96uEJskasPvg3oDCEGZ0Iv\/9Wv+d5RlEZyTdI\/WWloaRfR9lOVWzp8TtiZx9XH65VllmgA==","phone_number":"G8\/rzqs74lqQ6U0g7ltI7QNFMFp5dHct2av1r5oqlr4BwVLrOShFqN9scLEDsszdRPK57VQaPF8BBM+4H\/ykNw==","last_amount":"","last_used":"","promotion":"","status":"","comment":""},{"user_id":93,"username":"5RRPjlnS\/krJfuiDzpd9s7Tpp4llcjW9Yz4WWtrRYhZbh2mQ55pJwhlOkzRrJ5T49AUnGjIQp1sXjSF1KxeL8Q==","phone_number":"3CSctkig0chyEVFDPvfvEvHlLjNrVh37uhpLhtnKg\/dKobkp8aSWaRfbusZvwCuvcl\/lEdWAGfGbAO5RdAwR+Q==","last_amount":"","last_used":"","promotion":"","status":"","comment":""},{"user_id":94,"username":"TjIfSeJMsEV\/dpXCFMPzYXXhuICyVnD1bHgAky6p2acEawXYYVTHNRPwusq7YNacLo61jCdACP7yGLLwHe0Ifw==","phone_number":"tu06iiysTUsPUMbkZjrMLlxspCzJkqUiJMdligrAN8fquTC0CqqS3lctTUYbzpc7\/RJf+eCKf\/0W6tFzdslv2w==","last_amount":"","last_used":"","promotion":"","status":"","comment":""},{"user_id":95,"username":"IPHbT6GTDiviYgp3y6v3PGF143s5Olja7jTzw5xuqU5S+gLJ07YE\/DiacBSPdmc5qeZsXcDpxANvODKKxHbxuA==","phone_number":"O6nqLPVmvHTY\/D8vbIebLzZUaFQ47CXto+t5ywUFOvOgvqPNggEide932ISXNOd5KpEQPgC7D57tXIbYVvek0g==","last_amount":"","last_used":"","promotion":"","status":"","comment":""},{"user_id":96,"username":"9Wwon8zlaPqxxlhWKpvyoKkfw0uC\/pLbwc0jeDer\/TRaA2icWGqiYBw69DdYAwwnM5meU7p7TixDHWGBeAvCSQ==","phone_number":"61rtiZDwIuMNe3b8XOrPQG9S9XosyXaEFWPc\/WHELEiu6G9iZVIWjOydk4u6ZbJvgdrKJX3cGvgdgqPvr1HAPg==","last_amount":"","last_used":"","promotion":"","status":"","comment":""},{"user_id":97,"username":"KGKJUHispAY2lORqnm5imgje3pFkseyLExnGWodrctyRm+kLOuK4fzzZkzqwC6v7sC58KSFBiqAuiDulzr18WA==","phone_number":"TE9OMYDy9V2GSQ\/aHYG+lBeAtHTkNvhKQOjMQZNTI5k8kF9Z+3i5XkeP1C5bBTdFucYDvowu6E1VPVJ94l74NA==","last_amount":"","last_used":"","promotion":"","status":"","comment":""},{"user_id":98,"username":"\/R+BjGCBAkAFaavBWpgIHDwomtNmUWh\/P\/EIoaMcGU4fYHJzwTPZ257rUZBAfBtj\/ZJL9Y4WNxUwQFUHzAzYcA==","phone_number":"WLYFFgnVNwR5eCNlF7GJxYrnKHlNuT8R+QcrqfYjUg9HzQJCGkpkrVA\/vKPimVvoAFWnzHaAW2o6kv0aoCxGrQ==","last_amount":"","last_used":"","promotion":"","status":"","comment":""},{"user_id":99,"username":"4d39FyhUfHToN625OGhMuV11M4AtqK7dM0dzoY0jxGUpJivuiNDWe6gzrPGgv8XzeJML9wLidQaKAQk2WA5tVA==","phone_number":"Vt0bmhHLsGTZ1E6gvLlW6wRdhDtE6LZL2bxF31UFy+geUxAeLIoBBpprhP53tlpnRST2S5Aa1lpl75gnKexcyg==","last_amount":"","last_used":"","promotion":"","status":"","comment":""},{"user_id":100,"username":"zBnq8KrVGqjNyuPYY44FQ6DtZ1eoQ3U6QuakDZ9KzmdpKCxwFJ90MZ2+T6ZQJ3qcr2\/RG2aUOUphI9s7tDCy1A==","phone_number":"l\/9WwJDheOWmXyzQIZFh1aao2Am07dH6bDZUnngssha864DYatEl0v75KYCgHSCKXgEuOULUnW6M05Kt3CGQ4w==","last_amount":"","last_used":"","promotion":"","status":"","comment":""},{"user_id":101,"username":"S96W6i\/rOx3lBY\/o2lBdjTwBj0UF61dTqEej26GI3Meec80Gve2yODiPKWsCW1go7ymbLetB+7JJ6wqIOQHvJQ==","phone_number":"79bzDdhjZTrfn7R0wWMTTnVD+jIneyGJ5PWUrARsZSv5qcUMRvVSad9FHvoi3qMHilNMCIuawFuewP\/E54KuIw==","last_amount":"","last_used":"","promotion":"","status":"","comment":""},{"user_id":102,"username":"1oYKw0jPKjUjmXtPyB73KM4hmdO1Oq3Y\/1IEFtMGQTU2sZDbjC9xVyRluVixIAMZCEE7jzyv9WPgOpuK68TgoA==","phone_number":"PH3djVhBy05pzyRA58NanZdVsFceye\/hamZP4GZkfF6yAS05icFMwpLablLvtEblIWXipnWVqldYge0z1E5CXA==","last_amount":"","last_used":"","promotion":"","status":"","comment":""},{"user_id":103,"username":"OFa9gBn9No\/6YPIxpPQYdSc0164STjdv5V5sstkfZxfAAGArwrbYrXWnRHG77ystGx5x8ajPUkczslrVlpuR7g==","phone_number":"HuN4pr3KlozKgj3g9JMy7zU8X0T9xUZN6cF2qZkBl2LUhQ\/CtPAO+gnB+DQN36GVGp8nWkrH8Afo9lMEBPg6cA==","last_amount":"","last_used":"","promotion":"","status":"","comment":""},{"user_id":104,"username":"mUtLwSFAz3XO2m+ee8yHskRVAdthZD97Gca+TjdbKidInwZmpzEI34L0UbHOtD09Y3x+3sJ8GVQzCAOLLe6QkA==","phone_number":"j6AkO2VyDdm\/M8i5puL8BETR5tbJkFJShMuC2GJHAxcnN7qY3UXEo2\/U2bihbj9tJKb66ZbahKLN3P926FCuSA==","last_amount":"","last_used":"","promotion":"","status":"","comment":""},{"user_id":105,"username":"7NX4Rzk2sxmrjmzsxWq57JwDhpxQUh39T7+GVjb0tD1HOutIATMqc0VZb1J9S47IY1eqyKsCyiepYi6XYuP7Sw==","phone_number":"dwh\/oA7xI8xwbhMAC7Aig1l5YSiseoNGC6kF\/+n2JNHtxAtMK\/Qe9abEUkCocQbZ5xWkT3IueXqUVNivQj1ZwA==","last_amount":"","last_used":"","promotion":"","status":"","comment":""},{"user_id":106,"username":"0DxPRa13IOLL\/9pkZYxJxAXK7yd7URbP1jykL3MIj08HeCZ1mo3oVKi620Xc3BJ9h4R3LsPLijEOZvspEQuYRQ==","phone_number":"gohFml6GvTk9h2JWRaJM+VmSgknKpALhiU0cSW2cqLXE68JgVU2R\/1ArLuwFpC3ixJJwaOHB92ouXfVlEeyrgA==","last_amount":"","last_used":"","promotion":"","status":"","comment":""},{"user_id":107,"username":"Rq5ZHZbnBVivP9qDlvUXfNC8cw77kwwin83SqQ4\/UjM7NGExKoDcYFq4XPq5x+MQP+sNTOMKAU\/WWTrFFpS+6Q==","phone_number":"ptGY7R50LrvPjlTaIRoz7gycdtIp5o1+oiyhM0E0lT723YhUH7ZhIIeXg9\/iHB3lCGVzj8d153kCtc\/70AJflQ==","last_amount":"","last_used":"","promotion":"","status":"","comment":""},{"user_id":108,"username":"7n4YpqAlxUTyXLbOLnVi2SyxRhe68X4gnUgYKtznBcaj3dvn+zrgzJ3L+Qfxyjnc+NLp6oq5Q+vWBnlrx9PlLw==","phone_number":"TqLskfYuQ\/mHkyz0yuZXa1WphK0R23yaCdQ+QnPlnnCiKqdpuRy2zuBrbYSvkNg10axVEqGzxOhX8bM6BftXvg==","last_amount":"","last_used":"","promotion":"","status":"","comment":""},{"user_id":109,"username":"7OG5XVLMWoaxzcxpVGldn4DZdD5Hnozp7LJXPG5Ut1\/ZVb6GShviwFrcWVZRm5aWoQofHkqJdwSS4lTWbP1drg==","phone_number":"YGVUmzlr9rE4ektGNJs8D9A\/xXeUSV3HN7tdNAucETlGBl4vzawNXHHaC\/\/nOLd\/DZ9dGkt8Q4TraMVO7IyFmg==","last_amount":"","last_used":"","promotion":"","status":"","comment":""},{"user_id":110,"username":"LsjbEPfAVL4nCreHH\/Xw6s4nUfJELC1gpIIYbsSAp91+x4IHUZ46LGOqcI7zCh0Pp9VVEFrWW7xJOAuYSwHODA==","phone_number":"YgDlRKN5Y5PjYq2l6v4RiHztj6b7lHu\/5Ma0gsp+0LjVmEjjUPu76kwrAsqAVcrn9oqS9B2W47zGQk2\/Gic5rA==","last_amount":"","last_used":"","promotion":"","status":"","comment":""},{"user_id":111,"username":"x7tP5J4wE6VxAlWGNz8xMHnfsdnJx\/AhGK+6jyngQaXK2KAdSvY2Lo86tZsnl\/RMudJqkKeiPzrTUJM7zsYUgQ==","phone_number":"c2PnLqG01nOd6i0aq2yYJnip3S+AYK8WZMUGSxKv9LV+tlVU\/cJef0pi1A6Jeyna7IIEFxWY3f1iHyCkmDe\/Dw==","last_amount":"","last_used":"","promotion":"","status":"","comment":""},{"user_id":112,"username":"HxHavSjBBFlyMOKIi9uDFhxazxisvHJlzYpqpCNRU8OAmoERAk+db2Umcks0XrIaofimmux3TjpUWtKMczmAwA==","phone_number":"SPZCWRm1SO8GZLSU3dD1LIXiDRoa3NlsxaqP61NgtXujrDG6WYTttJ1M0ldbYIIQ+u6BkkpRHT8Gi092+bddfw==","last_amount":"","last_used":"","promotion":"","status":"","comment":""},{"user_id":113,"username":"sog4BUqxrV3huAH62KaRnopLVaMyw8Qmka3cQjZWACBEFJkNSN8HCwZuhEGEf8G2h9lFBBM4j1\/3VGfMtIwZkA==","phone_number":"5aAAtXbwijzMF0rqN7zKv4RRHSIhPpgBzZq9D6qmcY6INos0\/dStB08uVE+BYgy0YyBYwmRiI+dBMd5+BY+mWA==","last_amount":"","last_used":"","promotion":"","status":"","comment":""},{"user_id":114,"username":"F+Fxo7vmSEZNuirmsaq9lMIhqVOgC7VgD968oprmghYaFXujuKjmXSilJxm8+xpJd9v1w7KthDv31+yAZQBOkA==","phone_number":"nIapPsdXFCJTtJikAkdRCXosUFuVfRmt8HxgFnOAvJ6OKc4cr0a\/VTcXl8YT2Ya5qYSvHGvDh1Dsy6va809Wkw==","last_amount":"","last_used":"","promotion":"","status":"","comment":""},{"user_id":115,"username":"EFoJeCLoaSfJflirBedJpxozElQ69kVIA75oZkf5ItbmX1PsR2jHbtH5WnT74XXO+kZwJ0xoLASBsLYuWN4OcA==","phone_number":"AHD38g6NpBfK9mRt\/8AGIlVoV5hmQ+4vpkZvYl3BfNOB5nmPYW6UQgQ9GavOX2SzBS\/zgSefYAyeVMfOqNS5Gw==","last_amount":"","last_used":"","promotion":"","status":"","comment":""},{"user_id":116,"username":"F6WLHtZ\/XNLygMLBBhmQWH4ZWLmXwMSFDUZqVKzO0\/fHPqYxbb0ew6lvrDa7ffAya9KD8GN+6YWTWBI\/4ZO5Lg==","phone_number":"lfzN++DrPv+ru4BzLDtLLnRmGROBg5Tt7s7JbPPUq2c9IasG17mQpBQeyMnU0otJmyWwZjSyFrN4SJe9E1WwuA==","last_amount":"","last_used":"","promotion":"","status":"","comment":""},{"user_id":117,"username":"stQRJ++gvEzDHGXHL0dUcKB87gOjeoAJXanZY4REzkrJ0tEgvAnImdzpYAG7ZTOwl4NeGaIgGGu\/K1I8slT8\/A==","phone_number":"rZZ\/g\/Ckjdz6SdBoFkR6wLAT67dq0zn1\/r\/E\/kAbQHiHfUFld+KRiICihcKVeVCqvho6ScAY98I9tvSOl1p\/sQ==","last_amount":"","last_used":"","promotion":"","status":"","comment":""},{"user_id":118,"username":"8gX+W1LPU+72STKI5jhsiuATFOFTvOkusJsVRaOSExE\/HnllYpWjuloOYEP3JglhyZDV98J32Al0lj+wr5v+WQ==","phone_number":"G5lTxdDygzmHjyfL5y9FDU674+sOOVabvdtQvykGyNwVtZBpXH0NE9cS9xUW\/AWIwg0eXCoaWiluMse1gBJwrA==","last_amount":"","last_used":"","promotion":"","status":"","comment":""},{"user_id":119,"username":"tCql0eGUuOF67wn+ynsFdBY9gQJLCeYUQyJAfICs3+rGVxAQRSON9AcgYMxGRK8GVNpXFzpYuSWecEdpsqkYfg==","phone_number":"VN1t5XqrirRlw\/UiPkHg\/khFgZ2cICfgiZYveRhqD\/dnEtvsBZpA\/gM2dxWWJA+Y57piSGSxG5O7eyLUyR4lhA==","last_amount":"","last_used":"","promotion":"","status":"","comment":""},{"user_id":120,"username":"4qclB69\/z\/qhYB4sJxj5rG3KhvNArKGXEt688NY5My9RfVTdgxf+H+vEkR6E0qg+LmUSnhN\/oYpoKTrIGxkPiA==","phone_number":"8VKrivaSyxf9Ccak1lV13pEcqBg2jen8NvgLxhmr584Dnd3siWMrtUENZaULFPiLO5tc9hm98QbqH+0ecMcRYw==","last_amount":"","last_used":"","promotion":"","status":"","comment":""},{"user_id":121,"username":"2WFqiM8nu\/9HUaB6bkwAqTgr4n1Ow3OdmkWV6QzcYiZATlBLlGMxa+gi4SRw0lbDCbSXtMQbt7Dv6fP58z+iHw==","phone_number":"VjmviskFNysINnNQvwNTym2CosXEoZq8bFG\/9YV3GumzjN0\/PC5UwcbpTwLbhCjx2nQpmaEMRWYaNj5J84OHbQ==","last_amount":"","last_used":"","promotion":"","status":"","comment":""},{"user_id":122,"username":"hBl4l3\/7D9ueazOFruwTWRNsTchCiw\/wmPkdeokFybI4rkFRfcL\/VbU6l\/3Q+q51jrFGXC\/BnTUe975aighQ1Q==","phone_number":"Cd1WWl7GlXi2XluLd+GvcejDYY82IJ5Bf\/ZcZONd7zFkiZgKFFN1qoekhTqUMA+x31maFNottoP4c8NXqWAZEw==","last_amount":"","last_used":"","promotion":"","status":"","comment":""},{"user_id":123,"username":"1GxQQayY1X5NqwM3QVZnUauijxVC\/9PxCwGEMwowSsYuivnSs1cY7xkydGIJXBf3CsWy2DmO3gw1Qr2b52e25w==","phone_number":"O5LwUegu9gAcB2HxoijGVD2tExnSReLDKKW9W9UdxWj5aqsmecU6tOqhgVJDVLuxy6E3fRfuPVPHGNG9uJTyeg==","last_amount":"","last_used":"","promotion":"","status":"","comment":""},{"user_id":124,"username":"iTNEWmmZDIsQ9v5zRsXjU8noO5JVHAETpNpATbGIDYyQTDcWs7XYgDqNqxMWlHlwVmM+TaizXEX4P+MvDqe3bA==","phone_number":"taAq9AFsCqW3YmQn49EjB70Idjt6QFujWaKNY5UgXC+P\/VMzuNToIaqtq1wJg2XkHX0KrbmMqf9fKk9yjdOGLA==","last_amount":"","last_used":"","promotion":"","status":"","comment":""},{"user_id":125,"username":"DW9zOXs30cXARkB6RsPuELyQNODRGHAZIGorbhYP4p1DOZT\/\/2TxETdqnv+SzsIdJ7yYwlndKGQlwfPqXbtsyw==","phone_number":"8zkhn3Teqbow8O7DCXjDWKbc77TPlh+A71UaV\/IOm0sqNW1vrDipHniCx7+sGgq4tw+uLpr+Lx41XifwKFxCcg==","last_amount":"","last_used":"","promotion":"","status":"","comment":""},{"user_id":126,"username":"GVyB+QW9zvHKTO2kD48m41DLSB+TlZRX8VKvTFxhM73QvUaqPe4GKUhrY6I2urIxD2\/f9J96tDygp2ddTlZtzA==","phone_number":"L7IVqHza\/c9hK1Z74eQ9ay7goJ\/4BzkYViTX4+csUzwTRleHGWPrW2maO0Vh5enctenxEkMFp5xLDvzbbCPoHg==","last_amount":"","last_used":"","promotion":"","status":"","comment":""},{"user_id":127,"username":"I5HymAFIJNPABjTD+jrsW5eXS3P9XgJbEe5vsG7PccLWcXSDQ0cvk1nQzaMT2\/IjbfVf5UnhTSEAcOf7Jg\/SXw==","phone_number":"BhC3ACupSvNzE\/thTLOZdohV7YF\/1XusbjX9+JjWB7IRZTcQqY3JWr8hPdxCpqNc5YhaCaBBp609RC8ASb7OyQ==","last_amount":"","last_used":"","promotion":"","status":"","comment":""},{"user_id":128,"username":"Hvnri9erxp0DIMmIg7\/9nW5drn8xESN4OR4JKmZocWMqlI0g9ICHn8\/IW6ZErx9U5tnRLZpIZJ6EbYTt97KVoA==","phone_number":"dCSSQsqLrLP6nWgsLcy9N+QgfQ\/xJOYK+1NPBkCQoN3seOs8TyhS9WpoLHUo+vKO72O5Rq\/i3GQukB+WzMETrQ==","last_amount":"","last_used":"","promotion":"","status":"","comment":""},{"user_id":129,"username":"bQgxztVOjiV+jS\/5gcpb3xPNTsFp38O+kaN9fUPaX9mrV8\/Gi8+OILEZl492RcPirxPRUV5r5BopJAQN3d9oEg==","phone_number":"MP5gTz8IdAj3emMrBIeCnD7zKwxcj7DDJ4HuCKxqdxWIa7NYU+6xgQhLRJu+2+Vux\/UXcJdSyi8G7t6SZWi01Q==","last_amount":"","last_used":"","promotion":"","status":"","comment":""},{"user_id":130,"username":"M2QE+pIgeTpm0AJnCf8YmVgOyS\/6T4BfJjhAlmE6hU4fmqmPAiKudY25Frk53LUBye\/Kwl1sV9qXPcdJRKAqWw==","phone_number":"eiyIWVLNCe8YdhjMYIxraW\/K8rzeToD5N9TFGH3uKMGoDDETqGJOYRsQgBKm3uE0sd2mgG6EEDmsbHfs53BqXg==","last_amount":"","last_used":"","promotion":"","status":"","comment":""},{"user_id":131,"username":"G0KvOR13jbM+t0Wzhopc06zGIB+lrqwzrShOP1VHELQiIwm7RrFzU2FrW0x6Nn4Vna6oU9PVUI1a+3W9KrxV\/A==","phone_number":"4XIUcMvvl25dIzghUia33r\/LjpMruOMg23kuEA6Y2OIPnpLCP5+xBiclCkY8MAD2eGbdy7sbIqU+F1nFPYwHag==","last_amount":"","last_used":"","promotion":"","status":"","comment":""},{"user_id":132,"username":"79\/LEaU3Wj+VQgql3+yRaHR8NnxfbapS2X5re9TxnknHdIxaV3h+mTmDlHrP2H2ifiG2zMGegu6d5msyd3RItQ==","phone_number":"JXBDxXEPn2K4z+1VEcUKC5xEfLWgbJkwibH1JQzhQopBhWy1HDky4B2L39cWLLoGG\/kTkdGv2\/iWNZXpjrORJQ==","last_amount":"","last_used":"","promotion":"","status":"","comment":""},{"user_id":133,"username":"RAEs7AwE1Dz5M6Tufc5xnFcSenBy1\/SZgIrsXJMq09FwbIJTUE\/1mA1Rdg4UwTgTs02zqra\/kU9zrQOvTIkKng==","phone_number":"kXily\/OYh7Spx\/3Jed\/U7tZjtk7m09BYWtbwJVpeivemN0AigwVnmhRA4kRSiZibTC10A6+dQ+BGMZC1KGyFjw==","last_amount":"","last_used":"","promotion":"","status":"","comment":""},{"user_id":134,"username":"G\/orjLgFs8P\/Xe8\/aw9xBMGcixMlMVcAVlVT4dGuSExa7VwhlnvnRWKkGzNmFFnqq6NmgOKCGwuhSdppW8vXhw==","phone_number":"8wpXy6lwcS9mp1DDMgz9+jlz5SXQEm4y6AVA9nkeOHJziItU2c0w8Q3l0wW9k4\/iUJNwF+6jrckLWrZuehB7gA==","last_amount":"","last_used":"","promotion":"","status":"","comment":""},{"user_id":135,"username":"BICVJIM4oY6xj+TSjnQzmdLDChfV30kkrq35oq0ba6LWZHRqNEo3Y+i+JSnjXaGy\/jBsQduHqFMPqPy5ybtpDA==","phone_number":"00VY1wfCaYTFkccI\/zydsuhSUwAAzjZMvrToFFFL+YYaUtkI5hdXG\/TTMpsTfbgKEBbPrpzanluehPZNK7MmNw==","last_amount":"","last_used":"","promotion":"","status":"","comment":""},{"user_id":136,"username":"jC7QwscZoE3XekbMHWnmGSOuRZJNFO1f+MvJf3Mgy5j96\/x9i8nST1kyHhtfzA1KsFmHGVLqECfnwxPvYA9Veg==","phone_number":"OWosQP4YpvNig527\/ge+9aakS4fJBRenp1YlDil4lKtCz0uNk4AJiO7HOBVun2\/Xb8Dv68lF6ow8Sk+KxY\/9PA==","last_amount":"","last_used":"","promotion":"","status":"","comment":""},{"user_id":137,"username":"7U+d+nUZ38OnCqkw6oyHY5qCDGWFnt05QL5oRCfWU24sH84IzjSiDyiD4zi9DojVZpdQr4NDm8GJJwRDqD+e8w==","phone_number":"CFk4JMvtVdw89d6QHuGt1L8gIxPyMcledC+BeWzxceeaV6Z+M5D5HvJCG\/TkrdzH+y\/eb3LBiQ2sw3Xqv86pCg==","last_amount":"","last_used":"","promotion":"","status":"","comment":""},{"user_id":138,"username":"N4ETTNz8IsiYE+4IQvLjO7tUPiLORRblI6eB8m2GlyxPC949gKXndf6+Ptr9fqd6QtCMmuniK8CUmJmikm5SMQ==","phone_number":"dkV8jjS4iF3xirchdC5djJlur1mtlQP5agMwoyJgwiIuIFYIVKJnZqn8DcU0QRfGKGtyPEyzPnCfDtvo2h0RgA==","last_amount":"","last_used":"","promotion":"","status":"","comment":""},{"user_id":139,"username":"UpMik+YHKLG8rgGxGKZ4jcWqe\/BEOToa9Wv3x1XgZE4XAHZFYjQ98qQiCSORxUMlyFt2V56fdTC7JGQNohaufg==","phone_number":"Uv+paAuCHCTZ1fTIzte7dj3rKc7KzROq\/cfXTnMHCsMa\/wbjOfLKUqD\/PFiNgtUm4Wwn94HlAzxnIO5Uf9u4FA==","last_amount":"","last_used":"","promotion":"","status":"","comment":""},{"user_id":140,"username":"xOLtRbTaVdO1soMHnjutEVngiezKo4t7ejISbGL60x\/v3MfoUDeCNDdWq8AzAu6mLcNC+ztzBhMQ8KakTPMlbw==","phone_number":"vupNr6D90\/0l6nNn50NAjHF5\/\/DOyz1JlMT0TadiMezI5763cjIZoIBSs0\/FqCtHL7QclUPsA4TWnWNLBz\/k3Q==","last_amount":"","last_used":"","promotion":"","status":"","comment":""},{"user_id":141,"username":"PNpaUll7\/E6PRCMYANW0pu9tku90080wwfKe8A9oXsa3ETn2PVUJbPHfkZpVGLVc4uYhRIQ+qh6e84lokYzGjA==","phone_number":"s46KTHYEmwdXGp9DFz93thvvL84+uovUW582sjkiVwFg4fagO\/LO2H4DdzppVYr0z6aFd0IHww\/92OTL3mKsgA==","last_amount":"","last_used":"","promotion":"","status":"","comment":""},{"user_id":142,"username":"7icHYXdllt61VdxbaQ0V9BsUHC0sUaqJZ\/gGZJbpc7pFEnjTCGHSFHX9Z72YVAZij2ftIvL+ZCsCHzg2d7pLmA==","phone_number":"WHXJboMDRXWscOXOWdNVVqXS8\/nelpOg4ap9g4gCzloEeFk2bhXd1pgAEuv6R3O6TEt1f7Q+ZvAyJ+06EUnsxg==","last_amount":"","last_used":"","promotion":"","status":"","comment":""},{"user_id":143,"username":"rrbNPevAqMsr9z5K6RkArI+ezDlyiJso\/GQjosmTCCFswsbwjhA7ffIPZHtpCh\/19nutwV1GpSXrXxZx0GvG+Q==","phone_number":"SM7WATu6X+GfF\/6QnDxlh4bPdvV1VINGOSiUIIDGcHnKG9gdwyZy+Lq7SDf46nEJLmx1SRKrh\/OK4ubGy1\/OMA==","last_amount":"","last_used":"","promotion":"","status":"","comment":""},{"user_id":144,"username":"nHBxldTsdK60nr+r8zj6\/URwsSuLRaaEzpFfJj+ZZGH436kCcs4NW1ry2MvG0GWrB6H9zADf64pAy6LbNTQNvw==","phone_number":"05eHWNk3RuGnlSNpA0LRFBIwTUSFnul5LhDjSn9Kj7or4gwY87W+YTG3YqT+ViguOiHI\/GimeZlqHbxyw4p0vg==","last_amount":"","last_used":"","promotion":"","status":"","comment":""},{"user_id":145,"username":"FghHsMMtZp\/0cYiBaDYvEts9tjNbsNUaKzf63TGRh2VlZRrZLaW7iieX8RNT80AQ53AtjYJWd6DE4YNBD\/BTdg==","phone_number":"eGIzzJOUSYxwZcpMzN2DwiV0nEGCHw\/ysLPLOSTD4oesXf8IipN1fOSeQ5Qa\/c205iuyRyAlju8p\/dYLUEBhHw==","last_amount":"","last_used":"","promotion":"","status":"","comment":""},{"user_id":146,"username":"Y2ZWRgq3pJVkWy1OyvuCbmqt4IfJW8fkqmqtbODNRPiH4LNXlw9CO8O9FUuuNNV74tgPCWCyELvXS3WHaHU38A==","phone_number":"OGJGMpQ9fAbSiE4M1nw+Z+\/i0P0kNoPc8slSrVRNQVL3o1dy71mKdo4dkhepQft2kRp+5ufYpX2e\/RwMUrXSnA==","last_amount":"","last_used":"","promotion":"","status":"","comment":""},{"user_id":147,"username":"i4It7BOMqpS7oru2JkgItaWSNdL\/M\/dJOF6blldosgtgp9nso5x3ISSPtjHXgHcDbGUvTFT5qIH5zdsVkxE1JQ==","phone_number":"yvgkYCZrqkawu86CSjJ5xSMF1Oge8016t8wKBJfEIcea+SzXeZtUmWzfVfXHDYobWMLVki5lWNJHATwsvAofEQ==","last_amount":"","last_used":"","promotion":"","status":"","comment":""},{"user_id":148,"username":"k0Jml85eC6I07vnDvnJb2XYqHQNot36UK8fgVaT1ZkxePUkagPlH31U4T9+Y+m8CP4\/rMlP5vG3\/VF5PywDUEA==","phone_number":"pxHbOTq93pacfGwrCWGUG1VRdWzeNOCHuccgHo5kFZU0a2gRhEO7YqHu7DocakMnFD56eGVf5uioFJsSoZGS3Q==","last_amount":"","last_used":"","promotion":"","status":"","comment":""},{"user_id":149,"username":"2vFS7iOzxt1\/2fLOjJf5QzOH4tVLAtPu5dedaf\/IcbnaEhOsvDhb7ybJrwXgG77TRiuDrnFWE15WHEMwVk2CSFlXC38KXjq\/L+wK8ywEDhc=","phone_number":"HdNnhS8rXSWo76aUwSkgfuaP9uXda0vC\/XNlS3d0+IuKSc6rgwTIp1selzj0+fmFfWj3cyuSqp4h13c6wfImbA==","last_amount":"","last_used":"","promotion":"","status":"","comment":""},{"user_id":150,"username":"v78upA3gE6iMZwHImu1A6PkvQprYLEappLNE8mXN+yXu\/ko39yHfLEXxYanMq9X9pdoYy0hEs5FqbSjFKvrc7A==","phone_number":"8hUTTXrXhQPEtoIHWmgU\/F3\/m8xRgOpaz7BFWgNRA3GiXAXJxVmt+MInc1XvY7gzHhCPjxatLsP5LhVVg0cpbg==","last_amount":"","last_used":"","promotion":"","status":"","comment":""},{"user_id":151,"username":"Dv3YA7sIqDFKrRbtG7yDK6J6sCSUoCYsH5u+FS7TBkReuGDu\/C9bopPQybCopM9tld8jeVxbxpMCGkK2i1ZCzg==","phone_number":"vHn6XIIMl9T0Q6I\/C1JIAsfUDKzW6KdK9oH8imANpvS0OvfSZYxfCgq94Il1dPdWWi8luwNBsNFC9TLgoke4Wg==","last_amount":"","last_used":"","promotion":"","status":"","comment":""},{"user_id":152,"username":"f0SV1AzmtKhJ1SUYg67+xizno5qHNRXJoaCdYHSkcuIIlPr2DBmP5rJos6sEZ9Blf8WnQ3nDerfAhMUvDZra1Q==","phone_number":"5k8Pmdb8dw24P+olg0D5gtO4v8ffR7UKVttj3T3NK\/1IbHNlpnFJVYkVO9xEC8GW8L6a3SHBnzNCrSouh3636g==","last_amount":"","last_used":"","promotion":"","status":"","comment":""},{"user_id":153,"username":"nwZlazImKwlRDteN\/4eoyz0tg08e7WcF0bLU6eNmyR1BYkWKaZ\/MDGnmrrtzCwykPvBvP74QNa6\/jh7OJPie5A==","phone_number":"ronmkYDD+QlOPgfp1EhRudA5xUQShobCMMpsl8NMQQdBdqJGEJ6fcrW8xHHMd26E59rVFW+o6CWvS4W9\/RwUBw==","last_amount":"","last_used":"","promotion":"","status":"","comment":""},{"user_id":154,"username":"zQuwgsrmnBnFT3SaUZ49TR+IZYMXHg6nVK8iwAaZ3902haHLOg0YKdVr038A4pE+ASrIVTBNekDOKQKWJbwY2A==","phone_number":"HpWxA+D51zmMiM6YpQOeThG+FOJGiNjaEG\/litsNybtQ7y0RpCfD4hnW1bnr1z3JuQBKQ3JaOAGTJcHwG5Kk5Q==","last_amount":"","last_used":"","promotion":"","status":"","comment":""},{"user_id":155,"username":"v6V9LTEcIvDll3Fu6C5\/wzk\/l1RDal0mVZqLl0s+PxymU8kwH2idwwKYaODWCY2KtbBqPUrjQy2p1C5S+h6Dlg==","phone_number":"dLHRFHlD++eDOkWJWgVpsCcwcYBNeIvTUb\/XubhjPYuqZC9+um2ZVjGlaW9Z23iXeW6pg+n6rf5ByH0PQkAsig==","last_amount":"","last_used":"","promotion":"","status":"","comment":""},{"user_id":156,"username":"N8zVvGVpDex8pVZn3s1XLF1OnRlKn1IVi7azGSElCQhN4T5wmAoRfBESi7RJz+owRO73WOb+UaCRT8U8eMqmYg==","phone_number":"zKPAJXM+UW6833p5d5jSj5fXEdxaBEui\/7GMadaSyV8fpr8wGG3uuYZAvS1Qk6WehXlfuzy3YqFL\/togZq1Xnw==","last_amount":"","last_used":"","promotion":"","status":"","comment":""},{"user_id":157,"username":"uqUbRyuZOqzXA1fsphhpozUyXqtyfiaWetKhsYMgiBshHH9upTtuMzY1jy+ihEibWsjEh8ZAXKi9NQoGzjAY0A==","phone_number":"cCbfij6YrXLDW+9LUovebCTWHcZrY5FVPpZUx\/iTtJJ0Uc0FS+5gznEhh9jyrPfrxvk7dDfPURf1QbRSOs2v5A==","last_amount":"","last_used":"","promotion":"","status":"","comment":""},{"user_id":158,"username":"xl8RfPjEK4jcTa\/aCrlKkE465eJomeuF9zCUShbDZhjtVTR+BMmjYBil4WzjnNpZ\/AdqXkOE9ljM5b30Eb+RMg==","phone_number":"h4z71bzVKKk5EMCSJOOSaqbVe7UE+FatboZHBhiyvjLmb7SV\/qSp1qJ7oZzf7mdng8BJkFSm6pGRnrKfWG2YGw==","last_amount":"","last_used":"","promotion":"","status":"","comment":""},{"user_id":159,"username":"z2tp5KHyePsDh\/i0qC9aRDhKSp9FS+psoc2abL5siFK1LPo3RCDnckVKhGeTwpL9vVPJ0AMOBFYI7z7gi1LJPQ==","phone_number":"ZdJFXP4cgMsOaElj2\/XMgHFQHtWvBjqMxNFECUnIhWZrOGgMZk4JbmS5cVvCVHWdpYul6ZhYfFv7EpdgXh6WAQ==","last_amount":"","last_used":"","promotion":"","status":"","comment":""},{"user_id":160,"username":"Mj+wA4g6IvekR4vJCkW13YDqoyv555Yy3hQpQD\/xaGWcuLNjFU+eW\/VmZSFUacs3gIrHEKQ6TNgoYtaHmDT5Nw==","phone_number":"CBMmh4MB1BO700pZEqLbEHAmAByUX14qXTS88FIQ4ercSUxsui6xu6MZ2a5fkRQlYX4aKvhFthaitR\/0awhHWg==","last_amount":"","last_used":"","promotion":"","status":"","comment":""},{"user_id":161,"username":"yVLnhR2exCFW5d6mb2zyGuxNvWV+H67Wulq44QDGRRjLmjVQSBYfnfHiQJIjvfoBOfjbQaKg3xVdFzpGmDNLWA==","phone_number":"2kbLsQbpDIjim0kC7HkpYGTlxkmLKo3fPKcIoqN6RZ8Gq8S9DGIOP0T00To+95AgAH\/1LK1lRnqcLZ2W1LtYKA==","last_amount":"","last_used":"","promotion":"","status":"","comment":""},{"user_id":162,"username":"kEQCNgBF61zFnQTJEBCMz2VIhp\/SHCWjCyqpJibegeX+joLnccL\/kxGZjDSjWdhkHnMV3jCcykRNpDuV1I7JwQ==","phone_number":"JNOvujXjLcuWbkH7KwBwx5utZmAj9wurq0BYzRKJND8H1nVAfEcARYxoF09XgX7zzQD7tEGa69Bfrua9KwV\/rg==","last_amount":"","last_used":"","promotion":"","status":"","comment":""},{"user_id":163,"username":"ur1APqqNepsOL3dxTs+Su\/Iv2n35JI8\/MypQHQI6OVCY+EMcqBIZEoDJwtUmQq1lpc30gjGaAoIr98KRfiS2Nw==","phone_number":"jLLr+5PBz67Hd3FgrSAI48SM74Y9mhhG+pg10gjaVZbRzczq1iwo2pj318cEHqUqoS4\/ip6Esrnbm9tyroL\/4Q==","last_amount":"","last_used":"","promotion":"","status":"","comment":""},{"user_id":164,"username":"Gut2tts6oC3zoHC3r\/4T\/l551ea8NMZIYEvPcF8NjeEaQ7\/SB\/uL0IRIVXPm8natH1vOVdVByvW7BoK5jUXgog==","phone_number":"tL6VmY7IxfOMW44djfHWiHIlbablsX2vRlDN5ytphSrYvN77QT09Siyk7IkU3gH7ltLCV8hHWSiW9GOCw4KmNQ==","last_amount":"","last_used":"","promotion":"","status":"","comment":""},{"user_id":165,"username":"MmPo0b3Pa9Fj3leH1AH4AviMWwOBFlTAVb4RUyVcYfMEbe4BRX6Jaaj4xV16gYBonOlJzvgF2NfNhIEKtqSHCw==","phone_number":"O8ByW0gsGz0w+Mr0Gf775L\/7ITeO6XePwcYZ0x12Wger2HSX0ZcFVs5s4Y4a2NgglUhGku3pvv45fVdklRJxgQ==","last_amount":"","last_used":"","promotion":"","status":"","comment":""},{"user_id":166,"username":"B4vc\/WCnu\/bZzmoALNyAqGgch2NYaTyY4mryCP4NLbrQS0UoJaiLgKBxNgsy88YMZLFN4iiPH85N\/iXN\/XJsXg==","phone_number":"+szV\/4yLA0Bm0CiRm3Ffy8YLtk0t78TrPz\/hyGUm19Sj5v07vqqanQhJY4NaqGAJldnfPvogQkY60AUYJ2TYWQ==","last_amount":"","last_used":"","promotion":"","status":"","comment":""},{"user_id":167,"username":"USBa8jHqs6Qt3IjSESif1D9jJuuotQem2voLyv3+Pl3DoIPeJ2UAyQqcLRNadzh3qVeRCSVzPxpPlO6wd36gPw==","phone_number":"8pkjNB+yAhEqJpDr\/20cwvHqEo+sVansriHiTFA5JtjkNZ6Ji35+EsDvQVjkBlc4Pjd+3DadC5mZVtUvGG5jPw==","last_amount":"","last_used":"","promotion":"","status":"","comment":""},{"user_id":168,"username":"MQZIHAhuv6bg3\/d4cmaE8A7eLmdmiz2KldFqoR7cfTh\/+6jz0iM3jsG459Gt9M8oPpHEUqcB7DvzO0rA+\/Sayw==","phone_number":"MGwHzCmHiv24PNH4Rz+CC5FLGujOFXBgd8irrnkqjD7PkqQTyQLTnFTXvNnDf7bJynkRRoOb8ixZi+TckvMcEw==","last_amount":"","last_used":"","promotion":"","status":"","comment":""},{"user_id":169,"username":"eFCheuYpWu6QPo1CIMLVgaWvJDBw5BLjeaD1evqzy\/3zpw0FLa20PQSkaZlH6AHmnMD6g+cIpP7lYLwGcyrLDw==","phone_number":"JEQyaFczgVZoEhr8+sg9JYktkM7qkb5IbuQeZi2bSAFESsJEy+DqQUqYnaBhORk63\/XDhEfUcjoNVn6mbhyGqQ==","last_amount":"","last_used":"","promotion":"","status":"","comment":""},{"user_id":170,"username":"+avu9h\/Qgo1mct3CNGUTcqPWmq7ISu2F1AvH\/YkV4ogD4mx2rIHCWibZm9UxCNemUSHIFzhrHGedlLKP+OlaBg==","phone_number":"BtV+8rB1nR52Jp38VQtclz6\/aiQl3IkEqYM1oUFPTkJhWOT2NGIPWngj1nUzzO1\/s+AbBTXrZibJ8uXibZr7Wg==","last_amount":"","last_used":"","promotion":"","status":"","comment":""},{"user_id":171,"username":"16\/CRw4uTJSIJ+jyiKA1yBJ0v9hKUu9AKIgw6NHyeOrPpkegi1gsn5BiG3UGo+jT8ubrNPq3IWpNbdUik1+FNA==","phone_number":"4+CJ+yA3yZoopnrK5G2OBgXEqZVfh5K+UCcoWf3NaZyJBrJ8ZeFIzooTCHIzdEMZvpHHiB1L5X9Mk\/+3WSBkrQ==","last_amount":"","last_used":"","promotion":"","status":"","comment":""},{"user_id":172,"username":"vhDRHA3uKkWyOEQPT3yIgmwDyKqm7HmVZLYLNSUB9eI6gdwDON7h6jl9QZ3ILlLKkw3D6kgPsHahL5Dz3ucD4Q==","phone_number":"kNi2f6PTDb7WPnNBD9bxJzgM7w3aaDK\/0JYFe6Owu1hc3y0LJbmsciqIVUaRxKaSzwjkvSJghH8COKi3OZkkuQ==","last_amount":"","last_used":"","promotion":"","status":"","comment":""},{"user_id":173,"username":"zw2PCG3GLeF54QgoQTNiSfI58qfE8zwS9sJeRRqR77S3V\/gmdeHfdHyKpIm7BHiqA\/dHtN5IdPzdXd7pviVzSw==","phone_number":"TTcBQvwqmXKt7bm86zJgrmQentBfS6rcnl0uKWlafgKJ+9LZe1iRi9Dcu5pYO52eOBV30JFK8+DYub9z2Ky\/NQ==","last_amount":"","last_used":"","promotion":"","status":"","comment":""},{"user_id":174,"username":"OZn6iF0gGv604mhHuN6Ib6o7WU5b2GNi5yVTTelsA8q52X\/B0sqTeOpwQKj8gyuwwOPV\/6MemBNdI6GEn\/L0MQ==","phone_number":"Uov3ENExPYZ+SK44IfIlraoH48wvJrb5IFK3wxmNmWzgTbQLklx8IzbVESBDo90vab0htd8yN97x4OdRtKsf2w==","last_amount":"","last_used":"","promotion":"","status":"","comment":""},{"user_id":175,"username":"22PHYJL7KRl1aUKS3yGDb9Yb0erSr72CnAx6E3VYKTJ5SiQ5PJLNjhwkiGRfRkouS96DYMzfuSNcaSAvA5jHMg==","phone_number":"lHCeYCNKudPx83bVPZkmJM8rKGWreUSvz9s1h4yKz73gxB9aJAR40fczoq0k+WUwGFvKhsEqvtoWmKpylZAKpg==","last_amount":"","last_used":"","promotion":"","status":"","comment":""},{"user_id":176,"username":"a4ABy8jjORSKKQlfb8E0cQ\/skLlx0DUCmZiDLHPQ2dVV13c2sGOtqjpGHqSyxnjDLZoXhbfwEw8krAEmn5p92Q==","phone_number":"2mfol3JQik2H62B4IU9FosN1Dx00bgluyYkg19CulSijMekBVTiNBqYZxCalNt4eoj0k+VUj+oL4sCWgN8d7qw==","last_amount":"","last_used":"","promotion":"","status":"","comment":""},{"user_id":177,"username":"+gcWWM6chFoZYQu7CTTu+bpmpvVj1Jss+BO7VvwrMOt5xVPRSonDVFuUvLNpwWxTyt\/C23L4n3xMtLqbxcAJwSLHBiH5jtwsHX+\/UYYA1B8=","phone_number":"kSpdViTUgqGAEqWGc0uGntlgte1RMqwyCrMWSw1QUa+GyYQJJ+ElchbCEqz3rjI1bucMSvLWjblpMidUzKSUug==","last_amount":"","last_used":"","promotion":"","status":"","comment":""},{"user_id":178,"username":"us2rBp8mpXWtRa\/zPSGouRfpf+PVda2ZhWO3BLRuWaYb4m4YI8Gr+CaYvg3l8zIyH1+xmH7Tmxzf5wuZAoZ+9oOIuvx6TZ2SZSvFLcEjEkw=","phone_number":"1NMXZI14JeX2P5\/dcpSPGJKE4TW7HEytC16c1aPVDsntfHXAnAGM+UI0BTRy6++2AHIt6g0nsg5j1H4GG8gS5w==","last_amount":"","last_used":"","promotion":"","status":"","comment":""},{"user_id":179,"username":"nea13Rk\/RWuFiiOMY6q3Vli6+cja0RxKfxc0yGKo7ZeQIZcijyDkKHIUXbNNoSsAlDl8JYsCMxXwMnqtbfTgEQ==","phone_number":"gI+Iz\/VN\/F\/35ZvTe9Swrr+snmQGIxScbTLb4sWDtSXVXLRkwYmk5RqSb+N2SjIBfGpoe9EzDi3ZflWtviHZuw==","last_amount":"","last_used":"","promotion":"","status":"","comment":""},{"user_id":180,"username":"H1EPQivEidT2fDDfCyRTMVMFUUmMilwVdar8G2jop0dOE0gL3ZhUu319m3ExYWV5S3MIyxP0Rm1nCq3UoPtEWA==","phone_number":"sFhoLXVjQSs7fJr\/DxxR7whLXs1LjjGFvlFNKABN5JRSX9+oWCFMpnb7scUYj2ef8ofT\/495VuQ8fXXCJuaOew==","last_amount":"","last_used":"","promotion":"","status":"","comment":""},{"user_id":181,"username":"kSF1c0Q5ksC53mlnsAdJz8XwOjXyKYILYiguh35Bts6g39zk6ygWQWcBGxqf62jnMLXud1wyvGSqfqVuriycWA==","phone_number":"A9KiwprkuB1qJefPFV57p\/v505m04FuJKBuWjAaUtlDMj\/A7RsBWUPyAxwBlpbFns1hNtYxDwWqSq0zKWzzD+g==","last_amount":"","last_used":"","promotion":"","status":"","comment":""},{"user_id":182,"username":"l4v2Yae7RQjY5lNVbIrbBbUJpTXNk9ntjB5PV0\/nXzxkFrq7bhnr9Ef2id87mZpj9XuE43EWb\/5nIXctFZWVLw==","phone_number":"YOnyiq9No\/90IoZgjP6s7+5WK0EccbRHldraGNfHX\/XSvFRGVQR5MqcXq9GqmZj9HDiZCqmvqbOtgOszQmqanA==","last_amount":"","last_used":"","promotion":"","status":"","comment":""},{"user_id":183,"username":"rx2VnspWVbwwVYiaSaWnekhnfb2MzN\/eyb0ahUdCvxR+3oeoweGVasD+1gpTR+\/rDJvKehatD37O0cpR2nPuCw==","phone_number":"WOC2\/0GnFH4apOzLZCB0RlT\/X3E+L3HWV1Ul3F+F8k0S9\/8vQsWKUs4L+uNGRPnak0W3nk2n8HlorTOek4nYOA==","last_amount":"","last_used":"","promotion":"","status":"","comment":""},{"user_id":184,"username":"tn70o3\/ZUYfBThsT3kuftncvfsNeiyJ90q5yHZW8vFXb994VZiJgOcxRxRhaswE6s5\/HUEiRX50qhRsavOKf7w==","phone_number":"txAKeZfYPF4NkGEtqQ9UpRtsklqPwLQzEOJ0YWJrNoMbXaL0cZLF1cYXmda\/iTwFilzuZCFBWRF6\/5qkxMxIPw==","last_amount":"","last_used":"","promotion":"","status":"","comment":""},{"user_id":185,"username":"Gv5RDto+lSm6TLEcuuqEIuqyPG7lhZUVs5dVyibUBW4alyAui53Igefty5o6bAl7389zuCdXmyjCAa3QpTWjAg==","phone_number":"d2ncVS+Rgk2FaLGO7pOcwHkzd6XIokiof2AWoUxha\/IVejnmtDZS7yBuesfBZn8SVrJWtpjjm9TDQT\/jOB2vgQ==","last_amount":"","last_used":"","promotion":"","status":"","comment":""},{"user_id":186,"username":"QanLQw2Ie7O3Nf\/0hPSscZopFLl0sIGPkSLMg7V8KtXZ3Zftng2h5UgiR7v5x\/yJRGTl952EVsDc5Iw+7BKFJA==","phone_number":"SlZH9qQsvwVLtarxEy1qs6\/cUcrvxNuxnW5Oo\/25dQsy46LwWwur9tO\/o0r99DzuiwpaujiJg7xPUBqrhxec3w==","last_amount":"","last_used":"","promotion":"","status":"","comment":""},{"user_id":187,"username":"f8Pao763Y7VMV++DK7pe\/Yu8ylHV6hAAEpq3eIgEjhwzVujbG7w43w7lQM2Klr\/1vMK5kc7vbcxYxXwOEy1LJg==","phone_number":"Smu2xGhsGjI9hYqVCmY0xTNXtOBDYt7f8LMsyFF4g2HkQg4YV2Zm9YSdn4gp6aFs9C6LFT3SxJN3aTwL68k\/Lg==","last_amount":"","last_used":"","promotion":"","status":"","comment":""},{"user_id":188,"username":"nDT1YRobma6lIMQzNonEAj+J54qfLQDlLIF05ICILWzSB8vSnPY9xMTrjwV1joRP\/Fc1ZJe0fl9KjulQrng4TA==","phone_number":"CJgsAcfu9OQwVpTWvIppm3+5SE3LQ7lIk5CUy5Jyy0\/exi7zuq2FwyXGi4CMUNLido5IDbvOdF\/XK83o1\/0Y3A==","last_amount":"","last_used":"","promotion":"","status":"","comment":""},{"user_id":189,"username":"2biHX3FEkqSIlvq7nGFi\/XzF+MLNnahO1BhJ2T5BjrdXEQYAnXpqb8GufN8X7LHLsXBZ6FB4UEU3biG+oljVNQ==","phone_number":"Y3yDMISZOoXetKMuOfDJAcueaT\/\/6If9+1QX0wh+RzJSQ87u43MFQkyoVGYwXsOyGy\/3wK9t2iKkt8FxEmjKXw==","last_amount":"","last_used":"","promotion":"","status":"","comment":""},{"user_id":190,"username":"UdfAM0f+Ib3HrJQ0Sc\/BXco5sqjQaqEC06PtQ40RaJSSCOqOMhVDZ8zmfUMUdI0fSHZZ4CBCjvDA637PiOB7uA==","phone_number":"L\/waVqew87duaW9qlrIq2bioGOv8SVATQxbzyesuKlZlroMsX1qU3qVFe7xiJDmVGOn2ysyXn6ZrWc0tgQZKIw==","last_amount":"","last_used":"","promotion":"","status":"","comment":""},{"user_id":191,"username":"fpMvb5Yfgaby6jrOlArtrjdO\/Pm5sC9BJV4ajHfPLLSenmLiMbTgyoRb6y\/tVjLwj9WTtw1e5jyDZjJcHD3nhQ==","phone_number":"pdrJuyPa1e7ChE\/CRatLtTsPQ9eBsTrrtUIKx8mFCaKz62\/KSrzuUFz6\/3QAYDobNKeG8F5CKr0r3yYW+QedNA==","last_amount":"","last_used":"","promotion":"","status":"","comment":""},{"user_id":192,"username":"7uH6JHhfyPkTsoJlFAJwMceTb1QW3lyxxjmUkCsUwHq2zRHPdDKXW7BxVMeiPPmGeClzfTrZqCtPgJnFQwJJrA==","phone_number":"8BBPK3Du9wBQhwwdXByJ6SdtTSxyMjkXtEBbmG9hQiexoYA3svMuApQF2jRhdi00k6pR2IzSjwPFLPfxPM7Lsw==","last_amount":"","last_used":"","promotion":"","status":"","comment":""},{"user_id":193,"username":"8+U3R1\/ZsFLHxKRvpQ+G7aiSCJIyGM5uJ0PEyeCWmUAY8FXofGHZ8RzMc26bLRBQa5PhmKHsDWARgkAnLWc0fw==","phone_number":"f\/xrceKzqT2bKUiYmaIKMHVEU47Bi4k\/UpZ+snz6ga\/Rm3SVbdUeea32mswHzx4+mZlwXEXKSMzb+SYkfGockQ==","last_amount":"","last_used":"","promotion":"","status":"","comment":""},{"user_id":194,"username":"QaoXo\/2sccMjaeVFClX5gtwssqdVX0SCnQphYPpRS0gkkwYryHvR+FPxslhVNNVQQaLEBacuRDmJidPCRQGEXQ==","phone_number":"0b7akA8KHlOqEWCsQ8\/NDkm3GTwA\/jZcLp8DIxpAy5M6uueEh10JomHvBegZ7UYGx7UNQJReVzkmFjL8RJ\/4GQ==","last_amount":"","last_used":"","promotion":"","status":"","comment":""},{"user_id":195,"username":"eHzC2eMiRbNLuysaBcxgs\/YV4fJd9x1iNcIsetXyzcusl9w3UZmNiGciP989u6E4v6OX5tx3Yn\/4q+X4OuoabA==","phone_number":"DGGPn42e8ViERP9H8hQcNsC5DSgk2Fbfd445i7j0HxCDqVJSXkLHB5IZs\/J76nHaTPrdAw29GkGf8jqyIH6s5Q==","last_amount":"","last_used":"","promotion":"","status":"","comment":""},{"user_id":196,"username":"8FDozmNpaKnKHgRncNz1XdpZous3hMYqS92lV8uqEV923YPUvG+N3BBJtYXvW+kzV0l\/l47BD9TPVRSWZSkPDQ==","phone_number":"ykzs+Fva8hVBfhOPhCCvUy0sqj5EQ\/m0OStYoCE8Ij+u2XuSugUOyuOn+k71LcyTlL+qQdqV6GGTf+\/1BwUmKg==","last_amount":"","last_used":"","promotion":"","status":"","comment":""},{"user_id":197,"username":"ZoJPH5ktpvNCnkpmiNNnJ3ZEwGq0BVcT9+BPrDw5OCeud4aiw4WQMXwGDGAESIo1VZE3FgMVXnqNCCGwb5hXdw==","phone_number":"X3x1e+PYcbqXMejYdvqLFR7\/2KUpWJSd\/s4yBFFkTxTfeUw1EBBVtZ\/WJ6FiaDISEvep1z4wOxLmLdTWzjBQuQ==","last_amount":"","last_used":"","promotion":"","status":"","comment":""},{"user_id":198,"username":"5kzusUGt8E3C+ADGHwB96IA3wxoaXTUGBph8BEBs90MJ4lIvI37GsPMcR2Kvj0\/8WlDmn4Zo39Z0dmTSNXBWPA==","phone_number":"sH85sT9oO0\/np1KdRRGnuvhlq\/OwAb4hIFYx\/MS6NZZXAlYAyjAAp9vDGqxES8t5sArpfwDQ1K8tNBy6U6WMRw==","last_amount":"","last_used":"","promotion":"","status":"","comment":""},{"user_id":199,"username":"2VSuL\/W8J140qsM788dPdBYEv2zxpaH17cQwdvA7GJIsVA8ZW\/ivRmT8DkZR96rDjuaS9E8LVbqPBDiFuNfqVg==","phone_number":"vQyKWI4VLK79BK0SWpPk4rKhHlr4J\/68Q9kP3Cdi\/uy\/RrIhdq\/ILYnULgR87o\/mrlp+OMKD\/7V9EW8o2lbIrA==","last_amount":"","last_used":"","promotion":"","status":"","comment":""},{"user_id":200,"username":"0ub9AvEdEzlvg1KIICJ4s15RVBxRAN1Oygk9ZCDlBg1mD\/DVTWktJJ0Bp4+GSQ6tTctqHis4y\/zH+jb0lCVsqw==","phone_number":"j424Mll2MwtX\/MPMV2mXGCjoZ23+vUyo5sg2pPwEzHFkeSkmjyA6n6R2khecti8Vx97TutEpNI0+4\/dC9OhUQg==","last_amount":"","last_used":"","promotion":"","status":"","comment":""},{"user_id":201,"username":"kyDbBqdsGajQLq\/eXqXvIxQJ9zF0cZdQy2wJUOPKYQ7ORSrlGVzKFusvyiFGZ+k6Na7lcahKt5jAoAoJQTXs2g==","phone_number":"0SN4nIeHZ\/RisC1bvqd0zAxTJ+dv5sLKEnSLlzNv1skbWqQytJv71mUWNNV4g41IVdhVzYeRvr5JMxwZmcxqZA==","last_amount":"","last_used":"","promotion":"","status":"","comment":""},{"user_id":202,"username":"24IZnuzbFqFoqzsdBbF49\/9Ug\/UmURdprh7J9ahvaMdk65tr9DMIHeWsOroUkRDBzteORWX6Jqv6n+DKqFncyw==","phone_number":"KKa8aMRPq5EVd89IsUljnwR6xZn+nNVzJr715aZMjgu0cj7igXq2JBUTrontvuwyAyePxKhMKu2MhO+kRFKEEQ==","last_amount":"","last_used":"","promotion":"","status":"","comment":""},{"user_id":203,"username":"8hMc1+oLLQDdUXrcpXNE3MNlxLoMe7impOXkY0CyrOjMwWrfZ4lF4rDUcZmKMRl4EXiR9iYPTqZVSHKnTNbbkw==","phone_number":"3xBnBLF\/vlAWY9s+GzqyGbh963IDX3oxMn35TMzjKdtv0ZXRme8nxlJEszf0nw+hTn9gjFv9p6uaA2BumeRWWw==","last_amount":"","last_used":"","promotion":"","status":"","comment":""},{"user_id":204,"username":"fGn6t90TpjGK4imHJe0lBwmrDXNtRLx9IdWmdkH1PH5i97cIcRtaayT8snBriSx8HjZN4lcAZlBVeQ0OE4n6Jg==","phone_number":"JI3JyCpmaHi8Qv6kmLttJAHdb955SMYkJZL7SVHQ0j\/Q6pFtgkA81+NEMB+fQ1sXigqFWqWMXyoAH37swqseYw==","last_amount":"","last_used":"","promotion":"","status":"","comment":""},{"user_id":205,"username":"Wpf8\/ALCYay7eeN\/CCn1mLqfLutf7HhN+MuE\/96QVr\/srSo\/APmdzz\/FbWPuqG4WzlCq89hfq5toIdgrVPWzjQ==","phone_number":"\/oKGsOCCLmr8+7BB3Xio8UYdupmC\/NXe4hHmjt5QscCjPU9Tf5p71oQkz3tXtK2lMSFDltmcVpEGIopnvb+f8w==","last_amount":"","last_used":"","promotion":"","status":"","comment":""},{"user_id":206,"username":"RLpJmqZRfvsMGygw\/RRpwba4NkdBXI+LPpxiu3ypVIFD\/JTfb11sMPxz2LGuxStpQ0mIr6YVEaZ8TVTCbXTSxw==","phone_number":"+Kh2WY0rBqtCGxZPFO41X2nuarAYTVMoEsYFg4N+EyPSR\/TLbrh2bVviM\/O5PBLzFvl4i2WCnmoIFZeJzGr6OA==","last_amount":"","last_used":"","promotion":"","status":"","comment":""},{"user_id":207,"username":"d0dwWSlhHwGs92sQmow6tdHGV7s8IYpZAATwT3\/WQkRpF9GnBBERU7W0bjlauK1KXrcDnD\/j0ZfGa2XclewrUQ==","phone_number":"i4ZCfpL\/isV6vBSX87KDcEQ0bhklAFOBizDj9tDtUAwnpmVIFYOp5uVGzjIC2fwvb3dfTrI0iJtgMMNaG59a0w==","last_amount":"","last_used":"","promotion":"","status":"","comment":""},{"user_id":208,"username":"+Gj7lTx9fEIghkGrlk6WHA8pTkMHUuS+MbI31E\/N54gggo00TB9A2fB9IIrGiuNSDXJVZPR7VDVWfmWv8fyKzQ==","phone_number":"fSjCP2Tkc9gZrSoCFZBj4lbRE\/VmeQXtUPT6NVgEOZJA6UP20VMoW8PXyYqCBrLruk7znm+VY77fuF+CVXY0aw==","last_amount":"","last_used":"","promotion":"","status":"","comment":""},{"user_id":209,"username":"txaNvtE\/8c+r\/F4fLipmuo0cmxToXi0cPRQtpdwQzYrzeMS\/x7CeAhmHoA1VugECypUbNnRRUtBSXP85tNztqA==","phone_number":"YNF8Cg2frCGnmsyQ8M8yu6U6s+LnPKarnFpz5s+DD4I0lKMrwLaUwG5tz43WszngUm9Wzppja1gRlbEzpU0mjw==","last_amount":"","last_used":"","promotion":"","status":"","comment":""},{"user_id":210,"username":"xGgY2WmpmnHmVH6W\/KK7aFM2\/R98TosmSfylY1E+GGiFaHUkg7zv9S0b6KnFXgwYJz0fWO2S5EBUr7ml6z6ByA==","phone_number":"7NJZ\/k6bzAuvJfv6k7Ae+UZ2hcAF7HpzN1RtN2d\/7F3cvD\/krX6xmELwfRK42biWZeAjAaTeFKC8Aq1xGa9DMg==","last_amount":"","last_used":"","promotion":"","status":"","comment":""},{"user_id":211,"username":"IcHb7I42jmjYd6NxBVJpAHlevveZ7CVV2mCgRh\/Ru0pongnDjflqOMHhRwzN\/mNjFshcngCCc+galTU33P0yOw==","phone_number":"pfwdL7omlGdUeKvEJzOFvJMjK+h141148TWDLTbp8JhdTdo89V9+4RSvBqOK8ePZ\/cTnSiAJoFBYwZvjaTpxNQ==","last_amount":"","last_used":"","promotion":"","status":"","comment":""},{"user_id":212,"username":"354T4F2v71UwpcJmZNw6gXQYoY1xYpTlbgjO1DG6bvQXlF8aYIDbWUF\/goDMy0k9muG7OQ47fp6rygbow1I8MA==","phone_number":"669k3VcY64Y16Ji2X01WKyEb40G0fu6B11eAktySocxlv4Oya3zak+SOJCamcm3qVRhBQ1nC3TDpVMCiQMxL1A==","last_amount":"","last_used":"","promotion":"","status":"","comment":""},{"user_id":213,"username":"IM4WbGSvaVQR2yC0clg7amXJajrgrtAmyG\/Z2nuyq0+4Ep1xkDp2E0Nbuhmfs3Pio3nDAbxhiwX371wOt0Intg==","phone_number":"qZbvpii9sHNOuGWNq76AgjFYLuVUd591DYF9bhc7mS6yEvgB4S8AQ\/aeAtge88GQrgDkw55lS94et3MzuoOyvg==","last_amount":"","last_used":"","promotion":"","status":"","comment":""},{"user_id":214,"username":"dwXH+77XzZBka2m6IWPT8QW+Rxr9UN2LZwI\/aV1GsLjaV4B2s+p9WEUQPfH8r8e44LMCsfHIacPMlfWay1THVw==","phone_number":"aSqE3ItAhEa4oMmcy9dfZeLll1oc1onDR4hlMJpCjD7hRk31\/4GTzTRvjOoIDCIhcyLCTb5K3IBlKtumHq5rhg==","last_amount":"","last_used":"","promotion":"","status":"","comment":""},{"user_id":215,"username":"+b+TbAzefXgSRHk\/t0GgdXQNwUkvmrGddL4\/vG7MmkjcAV\/OWHvuuPQFc+H7DnX3D7Iu1uOQrEAszbZ164zFYg==","phone_number":"sMb3l37xyVK4JKtNNrbSfFteWvQPzOadbEFPxn\/nDCbpN9i71TTMUrM9JQ3B4IVMaHwCUsSPC3uWKDMnTROT7w==","last_amount":"","last_used":"","promotion":"","status":"","comment":""},{"user_id":216,"username":"0v0\/DleTEkokKDlGHYe7uVXexkRNNsJ5Pngh\/xt0T2xbjonS3T4h3yR\/XmwScd2yWZdemywopSYUZip+H+q9oQ==","phone_number":"YeUx476Cidbp9bAJ2hbedu8ZlIsGTRPBte06vEY63Jcvp+3J0KGgIfkvDFEoVvps0nQH0t2QQiOSBsldtuKuzA==","last_amount":"","last_used":"","promotion":"","status":"","comment":""},{"user_id":217,"username":"YNtL9ZJ+ONxr7JhYetcexT81HYWDpQ9Sv5Gpap6HaU\/rX7wgnLodfk2ZHCqvfUMRNQW\/VRUUWsqcZtrfHYSu7g==","phone_number":"2wz4\/04UYOXRq8k9KfzbuCo3VoOuO0k8iVr1k3wV0twCPbNeoVi3eBkrd9B3+xAvHoXAzHtTp+2FFp0VCI3Yiw==","last_amount":"","last_used":"","promotion":"","status":"","comment":""},{"user_id":218,"username":"NM0Z6zgSplTSd1\/87mre3\/yzvwUA+qJvLD\/U\/Wy7f\/q7w\/OV6rtOFKrh6GRsPa\/WFqw2dNVeEyyRhTOZH2bEYw==","phone_number":"D9a7alBuTispq345I\/wcrQvUm4cg3MUWxKvL0gDjLYKzh0Po18KSLF2Sz+M5U+fbn1VTq6PMYIZpYwe9xD66qw==","last_amount":"","last_used":"","promotion":"","status":"","comment":""},{"user_id":219,"username":"QNsqHi9n2oW1kOyhecY48aFsRKBhRjVMBze\/+ePY1Kx\/VKXVAyw+sy+6XTaNJILTAyvyXa65r3nRwkasMyK7SQ==","phone_number":"0KfMcckl2d1LwdtMr9LjLx944auqwQ3yIaTdQI+0dwgSXGIhiCCHliwoZm9MjgOP+7Y06s6oyJnnIFT7LejQbg==","last_amount":"","last_used":"","promotion":"","status":"","comment":""},{"user_id":220,"username":"lY1P0qjvKcTSu3t6mH4nHCmbdFXsDIZ0cK\/vHjdu4\/CRy5HxZXMWU5mLDfhE4\/m+11DK2RAhku8DRr6B8wqpWA==","phone_number":"+Wt9QpPGqYMx0NOIDTJwPwoF+PPj2Y4Y\/+wWE5Sl6TejrW3COEk2yZQDUbrfamzkhViT\/MzxAHiCTOmY9q+xXA==","last_amount":"","last_used":"","promotion":"","status":"","comment":""},{"user_id":221,"username":"f2mP7qBiE2Ya94k0dYcv\/Fur\/1Avb8jIw8lGevTtbJ8Y9zhg24ACzuNBxIDQsuRj5zI3wxScBSD6Skbp7FsN0g==","phone_number":"W+XIAJ4wqPC7AJRbVk8PUWgADsB47wmA+\/UKb\/eEahl3sYMBRMa\/Cl7QN69YQvUC5IdjBTfjcgl6n8Owo6jytQ==","last_amount":"","last_used":"","promotion":"","status":"","comment":""},{"user_id":222,"username":"cYOCZkyn67SyX9chRDlQSII5iCGNcDJoaIrYA1IykjB\/Y4aIIRGuAIoJXxLlHT58eTbsOKmyB8N0xdJjYv8oAA==","phone_number":"jseobeiQDg3V4tj+VmUfTGbUo0zO2bw56bjjSNlZwgoXwNB6ojgF+rGYEsu3VjLS0ZyAk3A4Vsxt1lFP7DoTLA==","last_amount":"","last_used":"","promotion":"","status":"","comment":""},{"user_id":223,"username":"1PXMHhSdlMNRfDmeTITACsnLwOf2tutskteXDTchxQYdSbjVOUnJoP5vdjbjRb25\/8t\/JpXtNQ1GsgldxIwYnA==","phone_number":"d\/+odHv0UwRpJRJAIjTaLuMVZKdldlduHF6kB3gdZJIi1S09YSCon27p4BNgUrpp67NuGQEZDemwOq+dhhMk4Q==","last_amount":"","last_used":"","promotion":"","status":"","comment":""},{"user_id":224,"username":"R7FVl9YXgi8HgHkIB6Ad+M4mWmJSTjEFj7vzJ6YtaVpIZ6JVglLQ7bPEiawXJWcqrgEAGjzRxaNwxSXDJ7dReQ==","phone_number":"Ra5Iq2B5lKaAGiqn86cUgRUfuv\/RncKona6cklypbMgtvefvR5+b4\/RnhEVJqCKNxOYWirufYHmQj3B+9i0vlQ==","last_amount":"","last_used":"","promotion":"","status":"","comment":""},{"user_id":225,"username":"PCMSzXslMRaydfGH7cvjqFX5ktFY3bofmUWpP5yNfEJ6cUoItSLKOL3\/DgP3ANcRYs0dQTM2eCRnzJDQ99hebw==","phone_number":"rgWhI1CtmbRQFeX7P+SzROeOzTfFC0A9dmIBw4pK0taXXfreDqANQfY+xvXjUW8HIRFZFjFKcB2w7bLhVMxunw==","last_amount":"","last_used":"","promotion":"","status":"","comment":""},{"user_id":226,"username":"ksMuqyuGo07Sx3kOKc2V7iy+SLdsZSo751L5RNHAsMloQLfUQEyGvBaUBGo+eS9kzt8mUR2aeUoGbMd\/tTwTiw==","phone_number":"ZdnAwSnCh1rBkwiGbkKyk+PVUpJ4eMsrDsCQSyUEdmuno0cPDjC0NCA\/8lKagBQyJ9vNdfpeetsu\/WOdRPURhQ==","last_amount":"","last_used":"","promotion":"","status":"","comment":""},{"user_id":227,"username":"0muhIxpOrZRwc+duEcOwkFZIZiY3i7PYabMQc573BomUqYc5NREGSTxUhdnQfA16PyD4JCtu\/gpxnICKN0VrCA==","phone_number":"g2YIHV4NeMbA0+y7awg3tYUl8Crds\/zPyIfoBs83eIrxkjfFDG2wr2nQ029DeQ1PjDXwWAkP\/j4G0CIBJesYjA==","last_amount":"","last_used":"","promotion":"","status":"","comment":""},{"user_id":228,"username":"qYwJBAUskwdIsrlCRNYbrCFCUL0W2HcUD0ZmD0qCutPhrp4qavKM7IxpzYd1uaWsGPhBU1pfliCQhCs41zomxQ==","phone_number":"tj\/QWOO4nl3E0DSp0VvTI4nTXQCdVlAvLNPA7m8uIMcD4srs3xgeO94EoHVVb9Snsn4csXGp0BgTy+PwWvlrBg==","last_amount":"","last_used":"","promotion":"","status":"","comment":""},{"user_id":229,"username":"8Rs4zxiXfsLdtOJHxmDOTjgG2rpoFawwxCX0E4ygYDIWbY70nf+nuGeS5LSWeJuXpDGw9i6P+70DzK8WKtfFRg==","phone_number":"S1WhPYE3gdB6wVS7AZqgBu1Lu\/ulgrctdloM+PE9MWJw\/B8i6tjDU4\/Ku15kM3miyLxJyM2frwqE\/RRjAGEFNw==","last_amount":"","last_used":"","promotion":"","status":"","comment":""},{"user_id":230,"username":"8M2KuAyECrxi+hcEdu+nkVJ8KnVf6n9l6g7HJ6WrL05yrEp3XxAlHWGzPBunGSxUPnHGsKuXI4VpD7yOHBHJMw==","phone_number":"F9uwf9yZo+u7jIjEgY1dhu1fTZLvVqIQV4R++0N\/wXlx5IadUnCl88afr0RbQrgSpy7glRJnFnV+80YNlc+NzA==","last_amount":"","last_used":"","promotion":"","status":"","comment":""}]