[{"user_id":1,"username":"g1BxKgLuFPwDwFa3Ma6wvl\/JDK+AKrOG+cidJWCJeC0t4zT8DnZRtZJ+GBeSlDTZxjWr2utoIU0bG1Mr8TEBlg==","phone_number":"crmhybpZdYizw3HT74lmgpdctgkJ+Bfy5fRqenlrKZR4Illn84VwtOzBglo9ZXidU9j35DcCRYIR8Vnaui32xg==","last_amount":"","last_used":"","promotion":"","status":"","comment":""},{"user_id":2,"username":"GxBG9KNWvr+fhj+IkgtMXbqWuxnCdqKiXr5q9euSSvEX0KK6mtYoV8BT1E7A8dy1CZqghvdQ48d\/jbJdoSRrtg==","phone_number":"tA\/Z1wIWg\/fTUS3+sPhSdmM3JRybEzj89GcknV11A\/UGzKiZV+utlJaEU7rdlHStRDJRViMrivHCDeJXD\/Epig==","last_amount":"","last_used":"","promotion":"","status":"","comment":""},{"user_id":3,"username":"cshuZvNLb+eV0kSzfsGgLvkTBVtOK5AZyHeUy9sGLGMwIEM\/V1IzBWuD85Dm8V5uvIqTQHslJ1xwY5ltmMToyQ==","phone_number":"3bI+ymnY+j+cp7k1dMmOqgbL3JybGjlyuI6ZAQXc8bM8X3Uisnziotn3l2\/X\/JmV1e0Gfc1HL0dESNI2zBS9gg==","last_amount":"","last_used":"","promotion":"","status":"","comment":""},{"user_id":4,"username":"JDu\/KifU0g9BXfyPWkNo0NnOf6CMn6KtZ8Vi3u\/LlyBAMdxEa\/OvRe6+g9yhzccxphw\/KJ0QOi6+MSWGROzVAg==","phone_number":"Ly78QQdYVNF4UMyN1udTgWFfFG\/9ILfnGiMp7asvCcYyEBpIQvjnnyYJjOFQA20AQdfNfDcA4OWJ59EL9fOhwQ==","last_amount":"","last_used":"","promotion":"","status":"","comment":""},{"user_id":5,"username":"5AQJOXkEdshvyBnymkENbne0hj4fEKa51uPVlTubXzEPLBCZWQEfvPzEePPxyjrbW2kijsbPKF06+29sADkeYA==","phone_number":"yX6W+auEmn7hXmJNP7fCF9D3fKE2wzzR+QOTQFi6R6HgkGTNWOigEoofvQVA7\/b59QXIC0ShHkYm3W5mkPR8Dw==","last_amount":"","last_used":"","promotion":"","status":"","comment":""},{"user_id":6,"username":"QgsqacZl5gZ1x2HoEctlyZIhMSkvKnK+KmSaAUSFX3HDCtQrQxwCIUSBZq7RsW0xiL1PgaV0XoxQsCMSNGHGfw==","phone_number":"mfLUDdHoH7lurmeclWZO6t6UgfJm63vad4wU0s2EC78DNlif24ngzC1GZLCpsnbOcjaUxoCTpN4Dq18Y4bS2FA==","last_amount":"","last_used":"","promotion":"","status":"","comment":""},{"user_id":7,"username":"w57Kv45c7oZDcu+BLBkUY19JJCBrP6vX4xQkcf\/k7rdyA\/iiGavOMyF2KVvsztFGxOq6j6Ac0PpFevSqoIWY7g==","phone_number":"JWwsGmYC4iufEIu\/aeCxY+RKbFvNBjnNvc\/L7HqOQ\/55qRLcwWRZl+rA+2MvHumF0zUXsesMANO62HWcCzfoig==","last_amount":"","last_used":"","promotion":"","status":"","comment":""},{"user_id":8,"username":"oWE9i7qNvMIHr6K+3DKj0h55BmRFGbeY8M8\/r05UXbVQnolt4vX4+P8\/vF9EBzJqUGvTGu6PR6MTp0UkGQDe0Q==","phone_number":"NVz+TdKBhFUhgxzY6GlrwwORya7ApYGkdq05YM3hyKfDt171Db9\/nUMe9qy+\/atGdlq3Qni2gYZchRuYdhuqKg==","last_amount":"","last_used":"","promotion":"","status":"","comment":""},{"user_id":9,"username":"NOtJjABjRFd38XkRGtxKEoSG5RLyw\/MGox4aTVYdMBXl9INYnONunm8PyOnKU9MLl2VWZ701l9Kps6u6dKpsZw==","phone_number":"p3R7A4glCOxLHo\/bDgPZt68MVEmitcv7SKctAGtO59tdDXXLR6lVYroCsrQYTMWxIteojXQZf09kro8xJ8lEXQ==","last_amount":"","last_used":"","promotion":"","status":"","comment":""},{"user_id":10,"username":"7tyNXWSOCbm6ldZHd32VGiCcGmXs+rnO7CIkAun9IaOfZKlAwVWtHF7cTxpU1OO3Cyxvb8A4XvpJQbIYFLK4zg==","phone_number":"SDGg8H4OcfxzEjMvzVFjWmBAsSwTt3Az0Kxp2pZn7MnAkTJ5xRy+\/vyUF33sDt4SaFhTsKnmITVrOXj\/A6YatQ==","last_amount":"","last_used":"","promotion":"","status":"","comment":""},{"user_id":11,"username":"9zL7NCNli2rhPfwv3fUDasgEKKS3d4+CsSe\/kXb8aE3xw7A4wzAJNRTQ5MBVag8ohBKEfO63sm6R6FcCphwMcA==","phone_number":"PpRyVsQ9jDjA8RmUcoafizdgLZI+tuuP+AVNc4U7+L\/k\/R4vIU1q5rSuzBaBkl5R8lJRROWnqnHSgJlpnn20Qg==","last_amount":"","last_used":"","promotion":"","status":"","comment":""},{"user_id":12,"username":"S\/zlGejLcnWHFnD1MLeEhfYOrYstHuTThqVYDbzaCXrsstM3uvKZx0tGOePcvc9Xzh6kNG7JFCb5prqlpzJJzg==","phone_number":"RlYpW0U4XDzsLUsZemsHtbpV01DkJCWEPRPyGrclUSPG8Vx19l8zrAMw5vXYstj0u0bIiB437azXwmYb9yF4pg==","last_amount":"","last_used":"","promotion":"","status":"","comment":""},{"user_id":13,"username":"KwxXb7BCeCXGyigwFtkJ6Eysf9ErhEKvX8ajloM+yyjzf4iwKQE2vGTdgoON82NPRdUbM\/9N0iEcZkJ0tUcMJw==","phone_number":"5lDa0COeyEaGACM5mvT5\/x6mXYf73tYVQh4zeox0MXTbRpePozN59Fn3J+mn6sxsFXO0grgBGsi0J15B2T60Kg==","last_amount":"","last_used":"","promotion":"","status":"","comment":""},{"user_id":14,"username":"IOguuEFe9nRwbS7hprnmc3hJdkJQ4As1KheHA0Ypb9ccdY40RIwGyDSl0kVYVLwbJQQBoMT0ceqZUNBTFL6Gdg==","phone_number":"KgIPv4x\/UTeaKLbcPwxAWYR7fUr36Vx7AspkiJ7FKd\/lXgkkNE9tHwFAHZ2qZP9XOQ1K4M6jHidQquczYhh\/6g==","last_amount":"","last_used":"","promotion":"","status":"","comment":""},{"user_id":15,"username":"5ZwM1eVHZBkWzEgx9Z3+kxNXUjz4H2kIltX\/tDG2bvNtE7M2+wyO4QR9kNy\/4Yn+Ou6CNUhjqzY5stfqVPmQyg==","phone_number":"CD1B+Vz6\/\/rAY3NxCV+rhJT+Vo3l+LrGc57Ji05E5chmNyOTAdpjCW8Yn04Y1QsV6PB5GN7I6g1IaweZvoZxnA==","last_amount":"","last_used":"","promotion":"","status":"","comment":""},{"user_id":16,"username":"y6gt4Q34EJh7OjFwSPy4qyN6+fATe2jzDeFLTBjeC9SBHUNa+VXIiefXMMuMWMz4kVNTQ2ga+0T46wYc5aqVJw==","phone_number":"z+PQnPbgNfpL7YttroiC+ELNLyHPnFUU33TIpIDKp\/CqDu+eqB0FNZPCmFof6vaIUH8bFbVXiEBqXkZbH8Tncw==","last_amount":"","last_used":"","promotion":"","status":"","comment":""},{"user_id":17,"username":"Z0kca8OAphRAfYBUR6EordAqSxiu0wmYS+sv1\/gW+uJqOk\/PriyvqwVBW+rkuLATAMiwOQMgyhBrJzCwyHpm1w==","phone_number":"h2N1kMU8cz07cJkB3hDEM9faVdGIWOmiS8vOxlR7Va8UfnBu2ALM1tQiMEBMDPZA7JZc8\/E2dH3lQceFQMkhOA==","last_amount":"","last_used":"","promotion":"","status":"","comment":""},{"user_id":18,"username":"fW414nOzQ1\/VrfDycKkI+WWSA2rFyBzb+pjQHpxJUBvwFZ\/bFWBzJYuc2Xoet3t1q\/I\/4a0sw2wRfXe+JNBezA==","phone_number":"LPH7EQ25gNQwqL1\/818gkRIGSvopTj+FFziEnG2Smm0bVuEr38MRUynHWU4MRs0W6s9mnkPKJFMJEGv9itolYA==","last_amount":"","last_used":"","promotion":"","status":"","comment":""},{"user_id":19,"username":"F95\/7J6epz\/1G7C2lYYqDBGeTjfDG9q\/pRNO72dhplQ74YmFP3H+IJvkwRkl0HvA+05guqOoGiLGDhojwBcJyg==","phone_number":"vHs6dqtINZjycejDAeazwJA4ebNq3PGWNEA\/3EVljSkk6U1+3SQpWXEcU7n1aUv4dVqLLrE\/uOF7xpN\/Ie5yqw==","last_amount":"","last_used":"","promotion":"","status":"","comment":""},{"user_id":20,"username":"SviegitOQ4WRt8+X+fOpwZiYIAMJaM3iI8tELpmQfXppsCJD+WrtgxxOcrHhFCY9+5sErNmnxrzopUuh\/TFR+w==","phone_number":"u3pVjjXIb5MwEqHzJzW06b8R0BjxFUOmgjmV56b9BM3J3Y5GLzw9wJaHbg3HY2nBXLquJxRVWuTqc+Pom0vfrA==","last_amount":"","last_used":"","promotion":"","status":"","comment":""},{"user_id":21,"username":"9GxsV1CdzUASOoac2PoJbOF\/UHHjLxmlSUpEJ1KgksnDaO0Ipj7tCpkyuDgkT+HydLbZq2GofWyi24t39J+xOA==","phone_number":"upN9918zSdcgVQbbzXPn2\/KOBsjhJ9sXImmtdf9z8skUtcMEp5UdnxV\/wd\/txNPRpr8\/0XhDibRiQ5IRvgSzUA==","last_amount":"","last_used":"","promotion":"","status":"","comment":""},{"user_id":22,"username":"raVZaaM2iFQFdQIJ7CXe9HRLWVhbbJo2JAIx6FPZweLvPYgH6nD0FYasMftiHwy3F58u+nEewDjujh3y2xwZHA==","phone_number":"FbyySkR8uExzvezh+kUGf3SYKNaPtBWNq16\/kUf++XFClejPvnGfpyPRJRhzReTl3FO2JrL8i6A5xK7weViNbA==","last_amount":"","last_used":"","promotion":"","status":"","comment":""},{"user_id":23,"username":"98fX8NJ6TZDaJRnifNMbiDetZ9FdCkI\/69JbHIZzoTaO\/azAWZIJCW96cHgFjDSSWRkJTzb+guiXdJsOAN6PoQ==","phone_number":"EhXDGkmswx5s3Cw70XsfrIrniZXEGow8Co36XqMy6syMPfwZn\/OmpM2V4FxO15uwsXrg6CCR3a0d+UQ\/tps6pg==","last_amount":"","last_used":"","promotion":"","status":"","comment":""},{"user_id":24,"username":"J2c+r2NdYHBDWhAVEzcmNvV6ud476i4lihQOYAOzzKEigSQJ1Lt+rqMh\/9wgnM8a1EK+mWVge4gFUw74FZCDEQ==","phone_number":"j6P3Q5TdKy5euLmjkGGQJXrW\/jTn9MnCp9HE512oTxrQw7b5\/LkYRTYeLWD4EJ0dovh3he5DtB9wEtGKZDVuDw==","last_amount":"","last_used":"","promotion":"","status":"","comment":""},{"user_id":25,"username":"hC\/iE3jtIscAevwQ3Lyhj7icVj1k2ldr6fcx\/c\/sbfDjJMqEvqZcKNpM4q7lQvZEidfywdCWhTlcAwU103ceTg==","phone_number":"7HTh7LoZNTOO8iQb06WSQ2dYjHuJTt+zj2f3x9hR\/cFF2Kc6KQqYI8uxgzC\/r2Jr+nk61j2LISquEPAmOLqcOQ==","last_amount":"","last_used":"","promotion":"","status":"","comment":""},{"user_id":26,"username":"esdrmfhAIRYi2LbJC4bLOqdSXYTa+0e9tIyYqhdwVScFaYWmD569P2YB7OrVqIIU4msUgiDwBZLmNPs734ZU2Q==","phone_number":"4kAApZFg5gU0\/rFGb469QjtswVzonrdk3+ED0HDIJOJVTuVAm3AhtouLoR52Ju8swTLglsBRuEXaKDLeET3DYQ==","last_amount":"","last_used":"","promotion":"","status":"","comment":""},{"user_id":27,"username":"CMRitv\/JNqbbI65GSz5VBmslZvGcTUiE2qLtVbULwubx1m2VMnqa8yhER4PHBC6EZOANJ3EEDAILC5nJ5uoftw==","phone_number":"ZnesMrhns831h4nmgl4yyGZCMLnN1+IwuYF78YFNwOzdDOgCqZenwwQ1suLbb9l2Y7ZzUwkinwHhxQW2e1NfLw==","last_amount":"","last_used":"","promotion":"","status":"","comment":""},{"user_id":28,"username":"qlovQ6PemzBnanjG2iiFhVPaINcbGXYvkShktfraHLEbp4dq8hQR01HMZQlnyyY8E3b7kqYfhUmYIO8NmLyV3A==","phone_number":"ByryViYZxc+DzfSc3PGhugSnJHE1kY3jteO\/ehFAbaFjAb1EhDw1BYqaadPHZcyjfrP78sw8oalLWagRw6MCng==","last_amount":"","last_used":"","promotion":"","status":"","comment":""},{"user_id":29,"username":"FEsXug6SglkLQv2IY8KZolTJUKIVIhuAkIG5cpi4qSpwrr4NpCvKve+VWcZxtdHMBpmyHAo8UBH30FsEDLbHYw==","phone_number":"+LvsEnEy2q0oZtexGslA9F0mvtXe\/eXjNseX6yInSE8q7FtF9F1SeIGCiOp81tna5U1kV6UKroksu3eA9JQPjQ==","last_amount":"","last_used":"","promotion":"","status":"","comment":""},{"user_id":30,"username":"PRBZDsmN\/HderJkSM9ImAY422BjXk7DkZUDtXUbGZGLpokbaLHDWakciTv5wyLGj4h1lomDoQlli9oGdqzVQgw9svqsLuwG4qV83akCTiS4=","phone_number":"B88HIDlgrF39ZewvL\/SL7MT7maeGf008mR9HmMfuq\/yVcOjrrmJ85pqpsbETUlFRNbYDkfyf9rGJS\/nlQE9MbQ==","last_amount":"","last_used":"","promotion":"","status":"","comment":""},{"user_id":31,"username":"B5WcvkFtIzB0DhpT4Xs4DV+aOnaZAQbZR67T6Mn2FT8FS+zpXNlSSW9MNyS2kAe0ITLlx2KLHRRN598O0Ix\/JQ==","phone_number":"wNN58aTyHtUEsamXQNj\/hbNZWv0PoR2ms\/zz7\/llV6yJHnUPRzVUV5NnsNs89645SYtq5NquVxcQ5NYTio29KQ==","last_amount":"","last_used":"","promotion":"","status":"","comment":""},{"user_id":32,"username":"7Kct4QDylq6+DXnhy1wupuoGGL\/dEV5dGZ2d8Bb\/pJmlHwQDO7egXmJyHLvSf472AhiQAYbKWSj2FACk+91sIA==","phone_number":"2XMDH4WKwVYBB4C0yP2DESbApnjzW8dImsXSNg5+wvb3y50lZ5Cc0SEBqBgKKnK96GHmIrnNaSwZzwedqDsRZw==","last_amount":"","last_used":"","promotion":"","status":"","comment":""},{"user_id":33,"username":"BYoQiJph8AkI1RR3k38Y7BebNKuPu0Y6z\/LkVKI72ohemKg\/XPVySEVkQvL1FClkelFMD6KR3ouDHNaOPRsGqg==","phone_number":"\/A9MQnhnmsoEaRzeq+74267wGfoyb8ovBKeA1DyD1HW1\/dO00IEU+ZSb6S84aHWTCNQ\/S3\/JxOv11ddNv5wPmQ==","last_amount":"","last_used":"","promotion":"","status":"","comment":""},{"user_id":34,"username":"pGYG4ERNr5QAuP8U57AqPSxBTSsh0bQsJzK0Oo+knF+EQ+7ux6WLkl35P6YDrPQiTwKvLPURKVsbuChIiGJzGw==","phone_number":"dCxK986XGl2ddKEOLeAEdx\/n7XvP2eXcXODyBn0kiNz6UDcZg\/bcQLY5ymOvLwm92uTGF+dd++D255gFIlaxnA==","last_amount":"","last_used":"","promotion":"","status":"","comment":""},{"user_id":35,"username":"cb5KnblSLFIUUYeR\/BQHbz72mQBQG+DfqAMIyK1JilZb9vuc2ERNKRILi1GLafRERPbRUrGTs4rTAxxhDXWkvg==","phone_number":"Ao7q\/XqQ7Px0iL7H06Z5ckHaABRODkb+Vfj7SV1U+k9jSjQjGd23vdMDta\/1eUeElOr6b1F7tQhBh3yOheR+bw==","last_amount":"","last_used":"","promotion":"","status":"","comment":""},{"user_id":36,"username":"v5hGKzYvdOwsWDwPJHuyRDrqgUo3p376bF5aN996KZFYMhKja+PLjPpB1z8wc1qPFDkAiumbzNe8cQW5Ge1BiQ==","phone_number":"Cz8xlkl7nFm5xynkzZvpBwQLLYVJlxXSTwOA6rO4yhoXADlK+z\/4XpbKBbGY5OCFqKjRKdHAmm9kXYxC0AZF6g==","last_amount":"","last_used":"","promotion":"","status":"","comment":""},{"user_id":37,"username":"8hM53Es\/rvrA0S2KPxQMU2unw5moDQRW0tXnZpbXvh7FztjUUauHMhgS8gbSMCdb1i5IsxatCUA67SaIa7q4gQ==","phone_number":"5MTMijgXoh6DgHAZlpd9GAQzzDuaXEZbLxxzLKoyoAGSDSdzGsmNp9AiZa36Y5XCX+Vs52fyZgQj3Nj\/2g9jug==","last_amount":"","last_used":"","promotion":"","status":"","comment":""},{"user_id":38,"username":"s1Chl0UQMbCNebX9+AlDgW6hqkB+GgtVf6XTZdCcpjKedUHQzy5bY+uaasIhBy4BVgkQiIGSprjrEctuzYMJfw==","phone_number":"oOlr+oHSR0DTCKGT3k\/oX4wIeaAYTHBBTk0Ku1AiillbvLu\/H64\/k8JgcxQ5HQWsutDwQim1dDNJPx2eCsKhiQ==","last_amount":"","last_used":"","promotion":"","status":"","comment":""},{"user_id":39,"username":"zfJdoSCWOmetMLR+YPCt+g6DhrFVx04fyTsgU0qZ2qgGisvkHlVj\/7f3EXLR9kIGayyDH50eMR+rtNRB\/6hQRw==","phone_number":"hnVuKQhEtmNVkWecDgxlvVk7\/BZFvJH6XlO2h0+kZ8ydcSYKJiwTrk+yXhkukvsLQ+UtMVGIaRD46fe6bwuY3A==","last_amount":"","last_used":"","promotion":"","status":"","comment":""},{"user_id":40,"username":"Ccq1NQmj2TVHs5wRRGWkiDm8bEaCS3Vvs1bRa5a31g20PyAOO8FZxKkdgV6RMpthU5uQh3AewYrRZvTw\/7zXvA==","phone_number":"GotLC7Pw\/gTpkIV74BTgjmwsGZ5N09m\/6PcxMsuXwUpKlz4MdGntpr696khW650yZrHp5nA2y0sxEz7T4amIRw==","last_amount":"","last_used":"","promotion":"","status":"","comment":""},{"user_id":41,"username":"PwDlLTxHl2oCfV4N0aq8yX9GISPa6FRHce1E+qRqv4o7fhUQFA\/hXCbGGemafEexU5azXZ7FOfQZGpWndIIZeg==","phone_number":"SvpquS4PZ8l9GYTjUl\/7a1\/rjhwC5DuhNxJbstVG1PVuo0oKc4iVDkOz3Fd9AXGU5T3xTWcFwp5YCzfNV6sZdA==","last_amount":"","last_used":"","promotion":"","status":"","comment":""},{"user_id":42,"username":"DUzF12m4BrRbUEobOZj0YfuxGHpHOFaPBrB7BylJMRho04SaIRCt421UM54zIXHvBk91RqgAGq9BhJ4MInqreg==","phone_number":"2+D+W6Q6xeU3tsueFAgmhM2ZxpbP\/NjOfXuWr0V0knRg+RK2glICiS7xLSGiY8N9xGjRzFq94CnKBZyr6WELbA==","last_amount":"","last_used":"","promotion":"","status":"","comment":""},{"user_id":43,"username":"LCBago5RHDLqg\/NvMidhuJKPLFbUqe8GIwPqA6PJFz+Tyl5HQqZzIgHduPbKhruQRQ\/y4wAewY7vRbl9OnNuJw==","phone_number":"bzrSYF0RRsTbLGc1k9LdqoBccAz5Dyg19GnAFhoLQLOqEn9dAPi5GbiUEVa5tcAYLIUo+FuX3fY69LmqZklX+g==","last_amount":"","last_used":"","promotion":"","status":"","comment":""},{"user_id":44,"username":"f2xKWCQJz1\/JvugZraXhP+9t6xIc2KeoNtxEKpLTs7qT1gsJjxM\/eku8fx\/P60CaOauCmQKkm026AXSiSf52qg==","phone_number":"aocC61qvXNdyOLXakGWNwrwTacCGuA0C0vGuKb12l+\/I7iq\/OxwKs3vqDKdccyIM2I7MZFD2XEcMB\/+QBGOj6g==","last_amount":"","last_used":"","promotion":"","status":"","comment":""},{"user_id":45,"username":"HaeJcTj\/QERkFQUbLxTQ39bdzQJ3f1xHX2AMO50JMuxfYZXMOYbNQJomJDJBWEHVAijyJ1Ghmn9qeNWDklUPLA==","phone_number":"GjNts\/KLTNqe\/ooOt97es3AThrx+9LnI2Q60wj8qxEmqVFOlZtd8WuOmbJNiRpM87LmaqyrEpZ3uhT9q8B+Tfw==","last_amount":"","last_used":"","promotion":"","status":"","comment":""},{"user_id":46,"username":"R6lYK\/W7B9G71kM19+KkW7\/PWI4E8RmfdMZie7KXCFtdxye7vXRl8QFY6iDCuSaaRwagfhMDsg1k1Ocmrx68Dw==","phone_number":"9V6CTaRULt2CAq0lXylHDYEveLc5c09G3KrrEIjBEKtrViFvfPRhysjoOyCUSUs9a2Jpi629EKeyJzBPIxWRTw==","last_amount":"","last_used":"","promotion":"","status":"","comment":""},{"user_id":47,"username":"00Y6uRZmJh5W7dmCYnWgZcbwNVKWvQSiL+0uK76eMfJOhKw1HqNX6eD7dYvjRsf2tldbiZ+pWu6lkDBhMtOR+g==","phone_number":"MLYbEpDfMXKfFkHwnyVxPOTY\/bZ12y3d81Lu5pFjQ8ZXjCcHMVioL9prnvqM7I5s7mMQcEGbzOK\/NmT+DiVJTw==","last_amount":"","last_used":"","promotion":"","status":"","comment":""},{"user_id":48,"username":"3r94nyPfNpRaK8h7JnPMcHxGUdfwht3YPs3iFdOO\/O1DuVwCGRyWewG+qSqJyJRGUiQ\/bV\/neqavL2A7273DGA==","phone_number":"IXFze0wyJ9nJQAflth69\/lLne4Om1Svy0QrEA\/zlpr7myfhWT1nixJXwpRke1hRJbgKmCivu9+6gW2OECCbTOw==","last_amount":"","last_used":"","promotion":"","status":"","comment":""},{"user_id":49,"username":"X1Vki1CO6WOHbIqHrMQPN3y2osiwxNiRVLk9fnGOI7Ou6PRqu4xa454Np9N71fXjslV4FjQ91aORVeO4\/IpwgA==","phone_number":"xJHc0wxTZ3hVH10Sg4TYpik06ekZB6EY18PIl5X9ld1yojntmsmBuTcQILvGgslKlmUDqLTcG7XNWNY6hgDR0w==","last_amount":"","last_used":"","promotion":"","status":"","comment":""},{"user_id":50,"username":"5478W05F1DCx8iF5ui5Q8K8+L0nj4YHdDfftRirUsBID9O6bnMiDerp+RJZ3dqcz38dSb5+u8DDOPIqCXxbQOw==","phone_number":"2N9gQfz0PKsEk7OrfHsl3Nvd4I7RgwZ6\/I\/PhWoPOiboK0QsPyestSLBHQGj25gm4ZzT7yYe2TZkldqUr6bcrg==","last_amount":"","last_used":"","promotion":"","status":"","comment":""},{"user_id":51,"username":"1uQHZBZgBsflE8AODYEahh6RhxV8BkowWhGfAHryyKgt+1uzvZ+su4N8vO2Dy8VoSdVn8P15d0mlzwadaRt9TQ==","phone_number":"AJ\/I4+yR7SFkqicqnC8U\/W6Wb\/ePaczNwKGAO5L2S5tXzdm8ht7bcuYBo8ZnLYyzRde5vStIT3CxD+A7JvYxVg==","last_amount":"","last_used":"","promotion":"","status":"","comment":""},{"user_id":52,"username":"tYMs7CeZDN51dA\/v1zF5k+1xiRkEVX9MribhZcOrIYokoT9G6EvP+fxwGS9a5RnjHF5gy\/\/ycQsxVJRKEL4w8g==","phone_number":"owAF4PDxSqFmNiGuCkwLoUcPOP49Ogn\/6HgzLkzkdKhiCJPAA5ydEyw4oSETN5g7HsyCe0oFzpAUs4fbEAzU1w==","last_amount":"","last_used":"","promotion":"","status":"","comment":""},{"user_id":53,"username":"FM4ZxUDsBV1nI1UYCaaWrl0VOBtOi5DI6nTb50fqAHqRIXSfmCxvCJzwgV6X1metpF55raajL5keh+xVsYDy\/w==","phone_number":"O7rdAu8QqiFHZM+jD3jK+IeP16W0lm6NQmfJZH\/mwra3iKcHV6a+r\/2E9nFLA3fuN9z4eH9rQ+\/D2po7TBJeAw==","last_amount":"","last_used":"","promotion":"","status":"","comment":""},{"user_id":54,"username":"dUTw4exGB5betuSJNZt7Jc1wSqTGitSvH5OUhZlHWzXYvROO34EkTs\/J1iMdpY5k+V4qACHED154qnTHiv9T3g==","phone_number":"zcIq2AH7GwjIRxwIPTEOwMZBRbQb7FCxSC2lyLd8Pme2OMlAczJ4E8xXQMDu9w0An\/B8jL4IWGVbt4or97xRfA==","last_amount":"","last_used":"","promotion":"","status":"","comment":""},{"user_id":55,"username":"+vrbEs3LYuAcEEh+\/HayP+HimW1ynshx07UYiUAx\/00MB7pCYrFg0Af0nqvTmK3Oolnbb3ReziYRLgbnaFA3hQ==","phone_number":"lUYBBh\/EV+gpupOwKk3\/LWznglz+Q8wOWv6yAEwjpAX33n16qfRQmaloRTKWNYelSYl3dwK\/AmhrU4fh9ZMuJQ==","last_amount":"","last_used":"","promotion":"","status":"","comment":""},{"user_id":56,"username":"sTPY0jCcHWdPqlIOce6wK1RA96EC4AftICuQ\/oQ3Y7p5nTo1HYR2syXqvgCRCX2uiJ101spAC3p1IH+9Qo7LZw==","phone_number":"3AREUgfBbbjBRTpv8qP62W9gfEJZxxwc+iEqRG4mS7Wt\/RU98NzNjH9lX9a2LlJlbr6FVfX+kpGClg3iTkXvmg==","last_amount":"","last_used":"","promotion":"","status":"","comment":""},{"user_id":57,"username":"2Es8+CA3jpC9qZVPT7Q9C6lfB7c9Q9ZaD\/sJmS\/wp+Vr04UuRC1schBhaM0MInHSbtoYkAtl8shNW1YmUTwUMw==","phone_number":"lgeO9317S+Tws3e1otbcSyONKz2OvTDZusVkgYt3vn5X3wr+Dthi0VMDCBsHkQrMEam3ObvawCVZJB7g4lsrCw==","last_amount":"","last_used":"","promotion":"","status":"","comment":""},{"user_id":58,"username":"zFlR3mzLX6Uop14xyzNVmeVzD\/LkpUIbpYI5GCrVQZV51PqPJKiUqgxMijEOeJEgq4jmnwRyX8igKpSnNUrLxw==","phone_number":"Za1C+OVfdyogBIkvJLfDlzL+eNBWTiRS2\/Ht12CX9jmwsXi48EHzT5Qw9l9poGxWSkP8SIeiPHXoFl3NgCjKMA==","last_amount":"","last_used":"","promotion":"","status":"","comment":""},{"user_id":59,"username":"0QRNa4Ut8uiH6+f6cR7WUWrKt8ed00sKbjG+uxwRKCMTM5AhbGfUQkkVLH+p8AODB6\/uXU9acJJ6vEo5mFRAVw==","phone_number":"R03N82Vwdvr7TaTqBgpYBzBIqc5hH7V71pSZENZqlR1L2ybd2A4IofFD+9SBeBN8yIjtthHQzuN4PSduEMV56g==","last_amount":"","last_used":"","promotion":"","status":"","comment":""},{"user_id":60,"username":"r5aJTkhsWwtMCQ8AyYsUnWmA\/EE4ijIcct3+rHRjDKOGKII7u0lBL33msxAJWPGGZgOZ9WdD5qCPDeE9XqeTrA==","phone_number":"7Wugx1grVuXKqtK9zeuy342Q5OLT\/L6yKXRSf5+HEu94ZasVeoHSJGkUkMWgnPYKxLQtwwCaVrKmhULn9wv+wQ==","last_amount":"","last_used":"","promotion":"","status":"","comment":""},{"user_id":61,"username":"\/IAULHBFaGoNvVlTWbq102QNudnDV5dCSg5XmCtpg\/kTsEZFW4OhWO9O1tznqDd20p1sKbH3Wo+IBgdIGLtzuw==","phone_number":"G4mlzfrRUhOVNAO8J8kLTWLjlRAJnVAAWaB6eq+ocoI4M1KH7JEncTUQIT5MSDlED6yGI1eisMB8ak4MMjTMgw==","last_amount":"","last_used":"","promotion":"","status":"","comment":""},{"user_id":62,"username":"zumHmfFHLB7elhU2Bw5mus+uYMEPfhTiL8VPr+6Sc61VcFpJacgrrfoNn8ZQ0AzyIRzOs5zXax0FuNNTNVMWVg==","phone_number":"c5AQN\/Rp01yhCNYgYtIE9BgvKCaPnghKOaMwxnhYsoTQ6yF\/2T2xVe3nIwioXJyh2ivYJ6BD98c7JWq\/GSBA0g==","last_amount":"","last_used":"","promotion":"","status":"","comment":""},{"user_id":63,"username":"rN3AyidztBB8AkFjaa44sXGKka0bmhgTNOhCKzJhHxjQRh\/xH3J0gWr0M+0uvJapP58JkMKnHDTPwgW4Yclwgw==","phone_number":"H8m\/N6pFksYzTaV8sxh6k6LGN+rGcLed9Q9csfpTy6\/96szsg7R4ca1hIkpFLsqF9JqX9UeMGfY0LWOGMjz3jw==","last_amount":"","last_used":"","promotion":"","status":"","comment":""},{"user_id":64,"username":"\/lEVA7ORhMa8l2FNl6dPi37vtJYsyZcOQez+YBTYMMKlxLUZ6HGRs0yj7WunK+FH5YQsH87cwetr8CNalKhldQ==","phone_number":"spL+q9VRn7taruSD4F8xbgzPGwt238BnyEQ8\/GyvN88hh0adr+ss0j45v2cHPcEN+wgfqtddyMXylNRaCBZpGw==","last_amount":"","last_used":"","promotion":"","status":"","comment":""},{"user_id":65,"username":"z10thQEW+ajicFpYP4n8c7QrZpGUYsOH8RYqi4fICx5zVfX7ZBDIZo1mnnQvZCnnDz8vFKv6lxn53rLEK\/00HA==","phone_number":"hT1IDTm3xTcr4r+czr4lh07\/U23can0XYMNZ5i7Zw6EQavCk5nu20ilcJSMtoHbHwZf0jqBWMrhvNDeE5bSJ3A==","last_amount":"","last_used":"","promotion":"","status":"","comment":""},{"user_id":66,"username":"09hj+oSXV0M1oss8lGiVHgRnqV\/nEms9CMoPuo7NTV45idhOy5FwqM+eCKP1FDMkNrlTAo92NxU\/6wjOQ75GqQ==","phone_number":"UPz11lZ+djryTS8ZrT43EI6MrhpyspmFboMAgwKPEtOFMrqk0h6+HLESaxKAx79YlRag5nUXwUxFsKdkhJ\/\/XQ==","last_amount":"","last_used":"","promotion":"","status":"","comment":""},{"user_id":67,"username":"\/q39b2mr0RU+Oa7GMbY9ZAWhEMWKqZkbMnIzK0LB\/l+UZ+HEjbXpFumSkQpkZTU9DeZ4NaYhL\/mp932WhpcGHA==","phone_number":"zzO+5ZUOEO5h+G\/3\/S5UNz8P788kNtJB8YLz\/h8Jo6Za2\/CX7XXq\/i2dSi5FuZCwk35QuKXDTzs7\/qGCnFvz6Q==","last_amount":"","last_used":"","promotion":"","status":"","comment":""},{"user_id":68,"username":"4ZkIgOGEKDb6RnIpZEve7t3iwCGMG1j0ozFmRPMFbpZB1JKZHhkkg2LqHsUw263+Xzrj869YWVyXgM0MrQMuag==","phone_number":"j+AM6SCoWv4L1YrVsbDkDXfvE9kR60qp90Og5rfzEflnPnof4fZDTTsi8FjwnLHRwQMh8\/cNeY11IbCd1+2WwQ==","last_amount":"","last_used":"","promotion":"","status":"","comment":""},{"user_id":69,"username":"\/AppWzOg3SI37SvaOPOnPm2NFTQXkeQksFpges5YavnQX6KhMmdz2mJORVmh3aX8a2K6Qz69BHU03BNV+JaPDg==","phone_number":"k\/WnTdV4hTchbevjML7OqUhgfuD3da4RlDlloXUTbgh1jIMTnIrR0oQVfSATpWX6G\/JOLX1EqcdV+CdOhsS+bw==","last_amount":"","last_used":"","promotion":"","status":"","comment":""},{"user_id":70,"username":"sXikH9k+C0LcwhgD\/6e5pvPf+JwcJfq+1uhkoYX1JTpTYn4J0tM\/98w4AMb1vvdB2Bf5W2RZA20xAlSIiYi5ew==","phone_number":"wlDeLQRncX3R1I07I6UAohA05ANI3LvR3Bna6hQsjJwkBY63vmk4cP1LtkHB1IZdCtQVMdj7BB4pdu2eX\/seYg==","last_amount":"","last_used":"","promotion":"","status":"","comment":""},{"user_id":71,"username":"l5t4a1xngaH3xT3QISMTpNV8wfGYv7+Zg9IDzr6rwBjjrGat1em+T38Zoil2f3aSGHY\/zukTO5C3R5fxC0Z1vw==","phone_number":"OyjgxZ1pfUVaDQWydhxDmUW5O0Ft1RO\/eMeiwmy6CBCN02zR4PtMnCCiUCsdnbeK9rpa3SLOEr3E+bz4pE+tRA==","last_amount":"","last_used":"","promotion":"","status":"","comment":""},{"user_id":72,"username":"lPMX0eNmpO2nMXaVaBJ6XsH4ZEsi+JUab7w6n2fTnS+tWPKBGVyBcvUWu8yp6v13oMIrhhibMsRv6bYjVM4JYw==","phone_number":"06hHSDt+bWr2SCLOxkiZXhgrKt8zWdiVxBu8bwxo0gHhXtIRThD0qAKQ81q\/38S1MwAR66UIzZR3tID5K7w1dQ==","last_amount":"","last_used":"","promotion":"","status":"","comment":""},{"user_id":73,"username":"k0EKC7CPE99IOPIRoz5Q\/FpnaqXtR7pAL+iQ3xsQ5W2Exgam0WTiWn6r6NH5VmRby+AbCeTVm2UjIAKa0Kdh1A==","phone_number":"dwitwKtj1hRMDDU9Lq9UzIK8e4H221EBCh7UUIRIdbxNiBDS03NZVG9bwTyTmC3+BahFV\/F2UVvi6iEHU15Kvw==","last_amount":"","last_used":"","promotion":"","status":"","comment":""},{"user_id":74,"username":"OYQkFWiH0R3trRhv\/UHMBmqOUKFj80UiEA49q1tw4+6hNO+gpJEOAgVLnmFtZdArXHEsyqfRQ\/U81rUVeDOGfA==","phone_number":"nJhmHRrKptxaulIgibmJOLsEBfbGBlsG\/yAe8P93bcHoWoySCtw4X6iM6G4Ycl0ueqOr\/V5IKrjfd6d7zU4iVg==","last_amount":"","last_used":"","promotion":"","status":"","comment":""},{"user_id":75,"username":"Kd42QHeTOCfSt7AUT5++P6JZsqBOR8GbkMhlEkeSREQYOqblNry6BCWr\/6GlGyUu1GTrvCU5q0ivZURP+jjnCw==","phone_number":"Hrbx0o2mJ8YoVDJwvtufjPjBfW+6HHJZy8zffRnKF441vuhQYWyT6onPl9STXzrEgS6WwKG5yl\/nE13knhMtpA==","last_amount":"","last_used":"","promotion":"","status":"","comment":""},{"user_id":76,"username":"pEZkuA2XjADgecFHAculgnthEvb2m4CtS7iTfwcwoef5PncuG5JXLJMMDIBZmg0GrL11zMlVcsc\/Va9LYMUaIw==","phone_number":"Qr0C2GMIdrqj7j+HhlJ3YkOXshQmYSsPB0VtBCfSDQAMf5lzBfMH6d+Nbt6MoLvPaH9wUURgFgFsifwf+Ouc9A==","last_amount":"","last_used":"","promotion":"","status":"","comment":""},{"user_id":77,"username":"L+0AiKaqdgE\/UmfI+bHqyNiym+0YD91MF7CH9ZLz\/5\/4g4qY9AYnJP5L+XTuWi9VCCWgKGEMbqU5ozdW3ttJAg==","phone_number":"Kj0FUPJtxpipcJpvFTRWTUL\/hZopNtWanA7r91gtm1pwmsoPKNlI+5KDWqUA+OAdOJNuQtFmecqXRmgRHkgh+g==","last_amount":"","last_used":"","promotion":"","status":"","comment":""},{"user_id":78,"username":"HFgvwk2W7XH6yAJVD8zvT8Q5kOhkV7Kp85jg2PQCZRub4UVQrX6xKROWfM38tBPmivOb5eV5mFxCjw29sfsV9Q==","phone_number":"2\/sLzeKgTAJExkUXl9z7iXpVrylQfCLBaR2UrIe+\/BkWiAdCteksuCpJ2utqhki\/fqdjBKhZJkGBvt0NI2HP1g==","last_amount":"","last_used":"","promotion":"","status":"","comment":""},{"user_id":79,"username":"7c+dEYytcKO\/KCNWfJhJOFdobg15SqAdpvRJTPsgBR4M04B94g0xFziNeagFJaScXOqJhZcf\/B\/7aGINgMkdLA==","phone_number":"zf9ktIIw1qQgFlsLpAN9014KDOeGNSCVZiuSW0C42w0QDJ6hJ6XlOYNy6eOZeUDQlEAITc7cqoAcHYtwCEh4lQ==","last_amount":"","last_used":"","promotion":"","status":"","comment":""},{"user_id":80,"username":"XCOiYW4lrkEJW1T3nmyORxObB5zIfsfi7LrzYNK1WhjWEafOvQQbp022NRFj9wei\/eVjqTbJL9SbLooRL2c\/zA==","phone_number":"nOBEONHLVz4NEtkL\/xNNhNp6H8DBywzugXvZoWqD9wNeWqCFjd6A4nGPdEtfkzpcCCTQKB+dh7djHdahSPw16g==","last_amount":"","last_used":"","promotion":"","status":"","comment":""},{"user_id":81,"username":"PlcK33VSvgRjr0GKYF016LCQyj\/\/Vqq4wt+RrOn83c76M6NaPBmaQWhQEfnqWkvnT4f+PXpTbh4w1222LM0J7g==","phone_number":"jBpp\/UTOmh1YuEeOMZUQNn9PtgRmcp\/Oy+BboQwc\/nyZhS\/VRJU2GLQReXxpUWlTLLu7PfdTLAUqu+FflxbJzQ==","last_amount":"","last_used":"","promotion":"","status":"","comment":""},{"user_id":82,"username":"pLzlXb3ujqoU\/M\/tCuYn4Y9h139muR73mgLju3HoVdOOd0Rkn6ket3eGzXek8zHIn\/oVKdevl7KsBmftAhH8UQ==","phone_number":"qaIUjw4NuTt0R4A4w3VfOuKvFaBVKe4z5hIwoVAVNzM2mhcly+klxCdYC714yTzj6Gu8lQst+LxHvTagW8lEZQ==","last_amount":"","last_used":"","promotion":"","status":"","comment":""},{"user_id":83,"username":"7ED5iI41dx93pSQKC6mpDXMkDECwGONHy\/1BenvDHiqP3U38elPH44itWwuZKY6fugEv3XHuoU10pEkG5WiHPQ==","phone_number":"Pijg\/1MmDHv3jdxqHYurWyI4xn\/mpNwtdjT1EEW26ho5p3eMRRHgr+OUvxy3eol+VphUAoGY0XM3gEbSHrAotg==","last_amount":"","last_used":"","promotion":"","status":"","comment":""},{"user_id":84,"username":"Y9yKNXc4r+eCrDrqHbzGINu86I7BP4DHpubWkKh0q\/Ip4FZqi18aiKYzlPi8bPNi\/v+lwaBZwkrF5kZ8VStFfQ==","phone_number":"zrO2bfIoJmHsc5tStpcmZExo9j3P9kwPmyb3FChW0yO2ifR21H7N8rXKx09DS1Huz5VizJEvdp8bxbnapTY6yg==","last_amount":"","last_used":"","promotion":"","status":"","comment":""},{"user_id":85,"username":"54Gp6i5r9dhVlKk\/h0sN4wVz1WjCkPby3+x9mSrlaKKwoq5XGlsQGMAJiAwBTwUL6QWg0r3upw2JDEWHh1Ck+Q==","phone_number":"xtLUyQHN8qL+KfuiuEJISRmOHZM4nWlLX3HCUssQ5gjZgL\/NQGhUx9OkAbTQctFBFCEEsg2PGAK3MjjjiNqkRA==","last_amount":"","last_used":"","promotion":"","status":"","comment":""},{"user_id":86,"username":"\/BdY7wkitOwhj6xBsQeqWSmFYhkc5FAewegLgqS1BIXJ83rJ4d5N7NkYtb3xKru9f6q1SoxPU1WQDcMwDtk0uw==","phone_number":"qIl8ZZ8BAfdFinMvO9ahLG\/tdGoWdZP+H\/9971ItDrGgPq+FAYwb0RdBNNG51p95dbz2om1CJ\/EsbdO4B5uTbQ==","last_amount":"","last_used":"","promotion":"","status":"","comment":""},{"user_id":87,"username":"TXnfLhAWNBHN8+qeL21nrEWK3\/D9RFJpiYNzCLhhzxMHXV2Thz2tPRSyqeQRoaFlwWyQnTaYARJUq6yoO9JtLw==","phone_number":"M7n78OIsfLsHaLgFRP07epqbY\/nz4s+Uanx+VNRILE6EULuXB3Tf9t0OgqHljsrmz5gsKY+IfvT\/M\/UI28eChQ==","last_amount":"","last_used":"","promotion":"","status":"","comment":""},{"user_id":88,"username":"IS8\/ml5AOvTifIdjUShupI2dmGa\/Ld9QXTERaYVPp7f3AaWN4YkZwRSWEE0z9+b\/G0KTRmpSfDvqYqmNaS9idQ==","phone_number":"o\/QAaFd3Qz9yvyArsZF3cT6R5I3qCBtdeLktWdtJ1FqmlCK8u0cfL7JSqIt+by4KCFA3u4s7R3FD7bCuIOuOZQ==","last_amount":"","last_used":"","promotion":"","status":"","comment":""},{"user_id":89,"username":"G8esjy+UwgCUXT2sT65JQ0y5+xCagG\/rfPyv\/AEHW+5QQG2cM9FBz5sB4Ugbu3g4a53jFEAj9gSM29K6LvhYbQ==","phone_number":"iu+dX+cX\/vEyG92SZLwRg6C35rnGsD3Cq4mupfIhYNGKT0JaEsXxUzd3TFuxj0Rvzw3hnSsexHtpRWNFniZPFA==","last_amount":"","last_used":"","promotion":"","status":"","comment":""},{"user_id":90,"username":"eq+uxsIrc74jSqBNlWFHQbzm5nAYKksLx6RAfEoSgRtUypXMARL2KLD6dPkX0Cq4b36dE9DFZ5Ku4VREQarV4A==","phone_number":"MZhnJYMqbdp\/bayZm3mdPEnVneTBQUaxuEYzxAj3+W73P5UEh+cRkIOiUosQ0d5yVHyAqTA2XMKOjSt2kp0XIg==","last_amount":"","last_used":"","promotion":"","status":"","comment":""},{"user_id":91,"username":"uajCPI2OGAReT1uMCajJvlL5a1NS3mUusqXRlnzYJS\/sTNe6XxGcZ3FnzrMOGcxZO5Irj0Jmex9Ur3vJ37KAMw==","phone_number":"o55ywmP\/olZY0hYabBZpJWadmVNjbt9WSKOZ88vhFs3I0tdU48RdQR4K2Au1iQZjFx0KILv2CkP92fiNJR+Nag==","last_amount":"","last_used":"","promotion":"","status":"","comment":""},{"user_id":92,"username":"uU0hYTms0EuSqmM8I+2Ab1cPCqJcuf\/HL07Cjalut2nyMKSBwwaWhqrY52lrARwQOhIHq2mdUObIvAIFNzczFQ==","phone_number":"7LbL8E0q3BHXuxjF06YCMgIUEks799CfS1ord\/uZ7PsUD0EGTo0wpti7tRUq+aN+8ZCHQvfbEzEhgbw31USY6Q==","last_amount":"","last_used":"","promotion":"","status":"","comment":""},{"user_id":93,"username":"7xy4FcihN3cx\/2CxAJhOjTP\/CJOrWb+pc8U72CJjo3B7l6j5zQ8fwrurlmuAEpoR\/bKxIPFXf8\/1gjWY6MTp2Q==","phone_number":"aVBsxtAQYsgI9f6zEwjlR5tF66y1USkwaoVll8ZXk5H90grH87y1CjH1kycVkJ0HCtxeuFdDub+WaSWAJL36pw==","last_amount":"","last_used":"","promotion":"","status":"","comment":""},{"user_id":94,"username":"qfvrH433T5DJZQVtCAhjTFWuxwUF3Wy6mLdAt4RWD+vbgOx69M9UbEfk55hb5khVCEoGJwdCHd9m8w4i1hTh9g==","phone_number":"Ojxmhz2XNTFJet2JxtmAbkVGg9vZZOHL6jGJ8ruJScP80E6xVGfw711CGqy2qrAWHw\/0z1wD9SRNgy0O6SU9EQ==","last_amount":"","last_used":"","promotion":"","status":"","comment":""},{"user_id":95,"username":"axotnRQduwGJ3OT6Yx99JSaiTc3YsP4IFWE2vJUl1rPivkkwxo7oTdODwSPegP\/2l5qil6DSUBOitp4XudWTZA==","phone_number":"akbLnnqvF9BbWzO2KJGbViJdrdVTJY0beOPWEVXm+BAVTrpvFGp3MfQ+gMQ3bR2qPKQWqManzG\/T+ytYrKRn+g==","last_amount":"","last_used":"","promotion":"","status":"","comment":""},{"user_id":96,"username":"hD1eoKBNXN3nNczBl7G1uMRq0dCGKGlMYjXRNIChMnEGyOmQbhC\/0vgGwEM3HbF7w+WcTozP64qHoquJqrIAXw==","phone_number":"tpazb08J4Z94LJI6y0CNbp1peeGfRy2xbfKU6Czk03clws5VtRNZBMA9QrnqlmuHRh8CUL3z45udLdB\/bZNdew==","last_amount":"","last_used":"","promotion":"","status":"","comment":""},{"user_id":97,"username":"T5UE5xZGygbHpaRNcxgx7Awq1Q4OLmCpWp42IKkeWFoebqv607lM9aTz5L8YY9kiJlEG7Y2ldh7ST3Y8qNBjwg==","phone_number":"k+vCY\/CACPkau\/6nvgJVEZpH\/lSdAikmwvxmji9ZDJqYn9K4i4jCeJbWy\/M+w+xyulO9J+j+bh\/HczGzpoDLMg==","last_amount":"","last_used":"","promotion":"","status":"","comment":""},{"user_id":98,"username":"XySlTwbtxCe0i6L0U43Cy6SvuTp2ppTSmD7RycGONmLNZGz5i1fdUF78+8YYumkIW7XcWTHMMwT+tUObZ2pjgw==","phone_number":"5q6Gy1+ZBp5NZbxoFs6MRS7qjG7VJi48T5Z6cKfCjHZgnh7sfciLP3OD163t2FUBd\/Cz\/Pf9OIR3rvuWg+5ZRQ==","last_amount":"","last_used":"","promotion":"","status":"","comment":""},{"user_id":99,"username":"za7AA0SX7fM8TuH5G\/d51PABJOyO627u0D4B4RSt0UXSM8\/uKdoybcGSXEFi2dAi8O9OvDPAWxuWdgacOSHNhw==","phone_number":"V2xBydTWSXyJ2xExYi4eeQ92FxNh\/zO7BfPaUZtQAWT9xKnt1AsXBHjnGTfgIsww10vlSq+ZPFs5GIa9FYPhLw==","last_amount":"","last_used":"","promotion":"","status":"","comment":""},{"user_id":100,"username":"6rNA520DCTqCFeR1f9hksB94IPkeNmrdNbBtjye2k7aKgv+fsJnYoY5r01tbnJjzvzxnukduRc7P6EOQMnK1gA==","phone_number":"o3O3EHxrVL9fEQaIO3iqouBaHTCVqGMHdpV0WBWgsO4qovGS9l0dwQSfy5x2CI589UbxxheFmLKDNFLqjCjbAg==","last_amount":"","last_used":"","promotion":"","status":"","comment":""},{"user_id":101,"username":"WFNrn58JHxWWsO5hedkU9RtFexeIIb4r7+Jbg3Uw0MfAH4+rdKS63a\/H8TIoB4t+Yma019ijIh4DsaVbmYInyQ==","phone_number":"x6\/IBCoXUDFtMwGeu+YUYgFMES2WOYK5a6Kc+fFAqLb4KQ5xeITJf2hzUN52b9nIycfSNlXB\/Mpuby42qj\/0Yw==","last_amount":"","last_used":"","promotion":"","status":"","comment":""},{"user_id":102,"username":"QRhyI7nReAWrguOklVPdFxDnhZjjdW6Qls\/sgBJ6LwgFyNcrvKykvwfdXmO6epYhMXTFCFfdVGYBZwhkkEhiYw==","phone_number":"veuWcnRcRJa27g59YzY3GFkx5A1p+HPY2neV+K\/Geym8MM\/zt1Iv76A7Iw7qvxxTIzmG3JFbC\/UVVlKcCEqMxg==","last_amount":"","last_used":"","promotion":"","status":"","comment":""},{"user_id":103,"username":"zQVOtbyun5SAD\/sZDo765g6wMCajgXToF2j\/ultw0OkjvFI084YGlDxJSYTGP+7FS\/ehmPQNGPxrDV\/WwItbFA==","phone_number":"CVb4j\/E0V2dNybEFg3bOr6wuhw1Iit3YrqVmkRrLiAFgzHIS1bN66xEVwvpRERWW6Y9Lm2nX2PbK6jovB3EwvQ==","last_amount":"","last_used":"","promotion":"","status":"","comment":""},{"user_id":104,"username":"gN7QT2m1SZGx7wWzE9WgoMfkOKJWmqg042F6FXzTJbuIsOngSijj1N4XEyaLTEq1VhDU1A5LLII\/vg9DrPjO0Q==","phone_number":"8DFr\/QbJrYSS7wnCqO87FNKhSfwZS892Z6gnrUg9leaSUQrG+GD8XiqYhKjawkWKODxXKOnN818W1oRgLMn\/gg==","last_amount":"","last_used":"","promotion":"","status":"","comment":""},{"user_id":105,"username":"iTXcl4DTZr6qleByZaQlW3xzd+VMoTTqSAEoFY\/lJgFiDn9JkaAJ3gmgD4kJHFGVXxFIrUWxObdQ+PE7N+8JnQ==","phone_number":"tVjhVw\/wGXw4ioveJe6n4hxir4MktZ92dwToRvvs+6l4RECOgSPpR+mBNgvoBcM56KAwN9xckdkjXOOwFazz1w==","last_amount":"","last_used":"","promotion":"","status":"","comment":""},{"user_id":106,"username":"621AgbdL8uhav5Cx+MlhMggORrcMA3ewxUxWFCW+ak1YaasiNftHl1uCNf8wIgSNeaIaAUvDa9TfjyVz4enFFg==","phone_number":"2eJj3yeqZMGVwpWDNqv9ZOqhYAtlHNgwv99dqqcFy7s6r3t1UNyO1upfkQqFYlMfYk+\/yEUjM+aBcr57f\/qj2g==","last_amount":"","last_used":"","promotion":"","status":"","comment":""},{"user_id":107,"username":"oGXKuD4g9ur2+b644I2frNMUW2u4n6m8g\/sY6tKD8DcTFlw1b60yE3eSV2xcIm5nUbw4gb8htdYSNUxYJr3RVQ==","phone_number":"ZidFI9O1OzUNBxPPef27UbWZkxKPbdkiFFdubQ01zxUphVwA6P\/nXqLKQNXIf89M9wZB3aD\/3EUjAo08cvuiVA==","last_amount":"","last_used":"","promotion":"","status":"","comment":""},{"user_id":108,"username":"carQt5ypoFD5gUSy0\/z9QE22JyxKo1qQruOOAJHf9at1Vb1qBKlLAhd8kZqshiRROK8jAdTZ\/ersCHzmWJjueg==","phone_number":"ntgXuYP6FGdzMJ9XUu6R1jMvMLWqLopSYeUfA5Q8eEVcJEjU6STrbkaDJaCJPqUs0uydFlZv7Lu9dYHDQnG67w==","last_amount":"","last_used":"","promotion":"","status":"","comment":""},{"user_id":109,"username":"yhLi+JtHlzs+CHGhb9F2nGsZIn+LCOfaUVSx2Mol0gZIrYzPXVpPWkXP8dwWdqy3LRR8+8clN5V76fQqTknVwg==","phone_number":"xShJg2vgMqCQG3lwZNT0EAxly1T25ImcQlpyIloos\/rXue1tryWPu4LL3qaILoBB+B6AdUGuzzFET59+a0Dfug==","last_amount":"","last_used":"","promotion":"","status":"","comment":""},{"user_id":110,"username":"zvsuIgTYlx277U1Q9M6WB5IWAV1nGBuZnPIHlEF7JaoJM5oWhIM74Psiznh65t1yvH41TxALUC0a7cwZvwo3yw==","phone_number":"q6nebWNuEPWd9drYhQ+m1tETzPz\/V3vPSS0\/NDt09PmpPccfvDbKztmPErOSiR7xTvQsGh\/E3KnsvbGpTxMtGg==","last_amount":"","last_used":"","promotion":"","status":"","comment":""},{"user_id":111,"username":"MGhH75AeIqQ7Qw6P1UFKcktGjHln\/h6phkYf8k\/5EZA2xlkKIMldafXzARRf9IB2nKq9lZXPlEJIlUqHzsqg5A==","phone_number":"3w2k3fnKiwcQ81ZWU218sgGK3lZJQlVhvEkpwcepiSUryKlQ9x9x2WVwecQlUT1xV94Oa8tgc0QjeqO5V3G3Bg==","last_amount":"","last_used":"","promotion":"","status":"","comment":""},{"user_id":112,"username":"Zr+hhfmb3c4DHqgrUtWhIRdykMT1A2mVxM5P8G+sx8MVuYOr4lc28CBYdcYL\/tqRn6LIfuRwsngiGywXLRcTtg==","phone_number":"8dzZ182TOUkEDbVqfPbAqt5zmPwT9Iz+KZbfeQZlKiS30dE\/wZpS48vzvSUs4NiCpFWitRof6na+KwLuT1do1w==","last_amount":"","last_used":"","promotion":"","status":"","comment":""},{"user_id":113,"username":"rUaOXNYOos1iKemlLLq3sPYzaE5dpPuxRth0inbDuTeCXcmF\/EJt2zsbre5HWTVLmMyRKVshd6DESvm9P6kL1Q==","phone_number":"BzG78uifFQOPd6d0yuyxY7mosPgu\/ywTlbfe8wZPGDoRd+zES2cYWMFZGcsuBEB9CvLAs5JwPNwfz7W8BddOPQ==","last_amount":"","last_used":"","promotion":"","status":"","comment":""},{"user_id":114,"username":"SsFjkjCES\/FyUfGswSsVwYg+nM9ibeMed67Q4CmoKGHkLEoM6PtvoFCD6FfGjbwATow9oXOpVwp0KL7+fxSNUA==","phone_number":"V5aHDD+ymaqVwTWVaScHJPDPuCROws+Fwa9PXJamP9jVYS9+mfMgtpj3cInHkWFPH\/c\/JNSiNwPuJja\/4dluGg==","last_amount":"","last_used":"","promotion":"","status":"","comment":""},{"user_id":115,"username":"3YDgx\/Gs0cmuF1gXD0ADspNoVfU4IymlT8wf2deK9VQx0QGmr50Mh8NKfKFMabRftyzdJt+o3imjVKOADkqwVw==","phone_number":"+0qPndT8OiBkz5etYg4AHZIEo\/bIbTz2GP2oIJzqV6YrGKlMotJMm60Yu82Gv2fp8OwnI2OWaDDOLXDSC7d+0w==","last_amount":"","last_used":"","promotion":"","status":"","comment":""},{"user_id":116,"username":"Ccvu1Z2hLQ5ItRYeKOaerD535N27FZx1\/V8CI0EIji8qBM75BigBzbV6Bwu0MsylGdPnkADb9gv0AX6mwZIgxg==","phone_number":"BMxUPN8SqLcTDgbnk0AD\/PIEV1+9vBU6OMAckifNPTzIqPlHj43ZSVc6jPMDRKwpLG6MdirrMd5t4Q2dkbh1oQ==","last_amount":"","last_used":"","promotion":"","status":"","comment":""},{"user_id":117,"username":"LrFSJOlgbsSp0clySQ2oQi8Tnd3J53q+X9kjSZKFIQXKT2uqWH6ydmrq2Ba89+54RJ\/I7UQdzac0Eu6ypiazWA==","phone_number":"KmaeLutIz62TyzXe3IJnpo+4g+DLgLsWNHpE5TP7qGMgdqiIqs0kzQZlEQdbGMCt0\/RQhzHhDgvXxcR1a9b7Zg==","last_amount":"","last_used":"","promotion":"","status":"","comment":""},{"user_id":118,"username":"e13A2bkt5vsJYQ3ibGKF792R2ogyjXaQghwZbp\/Iqo0ePZpEMCYAPSrohZk5NqyCSbOvoj9CxmRaAtJepsuquw==","phone_number":"7aAJ6FQlKs5Jcy1PI2\/xPdoEwphEQO1UInHXbeLHEeZ8IjoZw1Cknl0ckOs5ZcXKyNdSGnMmaydkGNoS+CN4hQ==","last_amount":"","last_used":"","promotion":"","status":"","comment":""},{"user_id":119,"username":"XhA0YDHxatbaYqqTkSooTKxINdqae9e33ePxP3A9gFSBIFnHGOz40Hly7rPdfPk8yee35X7ZiTfVP6tqEIeWgw==","phone_number":"p04LsqrEQ7B3uEN4Fs7QA70Q8GQJG069eyJPCwYFb9oarf5O8xTVCpcGZnHsMZ0Zx66djOlizYVyq6pg26\/TvQ==","last_amount":"","last_used":"","promotion":"","status":"","comment":""},{"user_id":120,"username":"6Vgy6VpACWzDfTwofOuQLaXp+7tfFo\/lYOKcaCTBQhpeplLACb1A1BoFKqcvp38oc9yG0FfgrDiKHDHJyCeW+A==","phone_number":"gHW6K5bqKjj0CAgAvOGPu55jsWsbEkTZFKoXqMpI7ZmtsVAbsM8eOhyHY76vamKVEAL9lMlL\/SB2vlWJcr6pcg==","last_amount":"","last_used":"","promotion":"","status":"","comment":""},{"user_id":121,"username":"NPDf08eD1aF\/iKUJ3flDgxvzQ4hO9pqvLiNGgJsH8VPDlg3Me1NkBItkrrIvwoDBhggj+Juz6JBHfDfsdzuJqw==","phone_number":"MI+SLsLzHZu1Piwp14YEOi2txIon6c+5G\/8dTlSbdBpUZhaCGNmh7721xy5guwI+gW33iM+VntNpIgTITphgEg==","last_amount":"","last_used":"","promotion":"","status":"","comment":""},{"user_id":122,"username":"LHVEdt175l\/m\/P7rfinvQopvs5MDJ1uSECmsOTvHobfczX+l3sqzOXaoElBS1CcE4XEg1lob5Qwae+\/01rQqTg==","phone_number":"oDQz1f7lPqG13t3hE5dL3P081Zm5EbjxOi+KU1XWfjJBE1wLmmybuEgWjpWWh86\/bG1uM54ZHcnS0fp23fUoYg==","last_amount":"","last_used":"","promotion":"","status":"","comment":""},{"user_id":123,"username":"SmHr+IEh4\/tH23B1DizAmUBsv\/4VmALLOEd4IMC+93TNsEZ+UC0f046MpPiD7jFew3RqPoUc8xd\/wc4J0lBO7Q==","phone_number":"dhVOUAQZMfpggjX3Zi2XO7jWMiGkPxQ2mP\/0skKPp9cBTElk+wS1QOjZgSpWsJ81f67diNsyQTfIpNk4n\/yD4w==","last_amount":"","last_used":"","promotion":"","status":"","comment":""},{"user_id":124,"username":"CDORmroPDkFCvAE6gdCs9JmNve\/dEFF6YD96DnJcVkjHedRfMQSV\/konZDbGY9+AECfv4fglojhkXLPCa3+tKg==","phone_number":"q1UPJKl\/nOFY7SkynzxM8tsV3bd9unYixzFvxaGoS2NH1dKgCX4bLKSbho9vRD04vF1CtL0cwI7SsHf79daztA==","last_amount":"","last_used":"","promotion":"","status":"","comment":""},{"user_id":125,"username":"10ktpRvXcKdsv0QeipgtQ61jU1RIJM77aWkm2njHaVN3JV\/iXfbQ\/dIx+uOIya7+WbbNDKamfZaJmQEFCi8krA==","phone_number":"mosZzaP2jV7rlFmv1oq4pU+rLxfYVs0x2PrpiDyxev0ZrCZIUs1umvBAIkXuS0TOq7j5nxnXF\/mNTbj2LenI0Q==","last_amount":"","last_used":"","promotion":"","status":"","comment":""},{"user_id":126,"username":"ai+oMu0Wb4k9telijcEED6rsql8CDcVDupPQTL6Xy+nm\/sXbJSZGEHrhhIT0UHEl4nK5EGB4DHON8uSdNDVJPA==","phone_number":"3L7VPUG2dVHuLTsHWG3YVkePE7T\/yXuEdp\/D0i9OZIB5mP53ofiKsKMJ045QPl19igZS8lkpuIs25pnzZ3+AMA==","last_amount":"","last_used":"","promotion":"","status":"","comment":""},{"user_id":127,"username":"CjOXDuhD5+2q9\/AKAeTEyz7N9OdU1Si7w5GvhjNLnv2k9+Pts9awbSM7lSueVJO0nLtdMod5mcdfckpsAAjE3g==","phone_number":"\/wWzmWtNCgaBqFsuFyBxuPZs2wQNRHpPH9W4SJ6sVYhMDkm\/k87lCSaizZoPWo7U9KDRe15RUyJThDYi4mxu8w==","last_amount":"","last_used":"","promotion":"","status":"","comment":""},{"user_id":128,"username":"b5GBLj3m2sUs\/D6rRY3J3Vix0PRzsjrkLSoveCwIeVz83+n3m7bvY3Xt1Y5ZwnwquvDGVmxgPCF+yvqJxeU4Qg==","phone_number":"UJuj5gjWU3zOKmaWY7B+sAMwYrxQxaJ+zrjAEfnLKJHu25hrG5qQHrvgcmj5idxp7b\/GJLugXLlgKNdBidcHyQ==","last_amount":"","last_used":"","promotion":"","status":"","comment":""},{"user_id":129,"username":"qQBSnTJDM+wKW8KwdFQi1iom5QAzS2gMkgbf8waJLsqTi0v7s7woREhf+w2OtyBSFgJ0ysCXH+f\/387t1z7Aag==","phone_number":"C3K0o4l67LLhrnHoO\/YNxr5TCVuxft5Ij+UsjhYMpDFCt0QxJ1C3SPKNCenBmBEtRgMTehIVzqbplvuYXCWliw==","last_amount":"","last_used":"","promotion":"","status":"","comment":""},{"user_id":130,"username":"RwCC7BiH+BPfIil4WIvfWSPyJ6\/TrBbZILMDXbr4ZfFhP9IAsMDnjsclV1ZivpWFVm+QjP6EUT9WF9paGlJKgA==","phone_number":"Fx\/HpiYIonnIMCSL43x62ZXU2TwPfi9Km8NDZN4PKzwFGXO2\/jFqQjaczOy3ppW0S88PXI\/R1qdSFOckgBlUsw==","last_amount":"","last_used":"","promotion":"","status":"","comment":""},{"user_id":131,"username":"19yHi7nYywNsTPBNQP5vFwwPZoPa66EOgUNjQQtJwzNKFHnASMpan73VsWADOgiRfB4G0Ut3tb4NbhaQuCal3g==","phone_number":"U3vwsUCG\/72K29e5xGAecQM6q7XQGB11ESd9aroiQlFrOpYmf4ouvmS5Eif78DQ20K6SA1kbAG772rTpkUiREA==","last_amount":"","last_used":"","promotion":"","status":"","comment":""},{"user_id":132,"username":"TmcwF99jpH1XbvofkHnYrdnj3L0qJs8hgihWmwmMA0vl5yG5BRIwNuHGAihXqLicYVeja4vGUR8Yk8OT05qWJg==","phone_number":"8tNNWDCM8jyOjdiGIRHWw171BCLDZanTKxcjQUmqzkO+9NN1fFsGfZx4ID73w8qKVb7KskcCZDzHm4hx60PKpQ==","last_amount":"","last_used":"","promotion":"","status":"","comment":""},{"user_id":133,"username":"zVweBFYr\/yXn0QD4iPJwEn0\/a6EkchuY6cu5pzFWSx5w1vSiuVneMfJhxBzD2dn2GJekaDOlTeYwUmDcZXuyew==","phone_number":"0A2FLYrtl4Nc+DuU1npmxjAI66VevwYMd9E1hT0bsWfxImFXVzxWufWTK6SFZ5Kc3jznqZkVCkS54tkwBu3w1A==","last_amount":"","last_used":"","promotion":"","status":"","comment":""},{"user_id":134,"username":"TZJviG\/pYXyXz09pvWWY4Ii8MPeZmiaJNmszG\/\/whGbT4nrcfTpmw1gHmkEXc2jt3BkG\/zES703J2yyYiSlrRg==","phone_number":"ofdQ15k\/SzTUL6ZC0PoZjX8mkYg89IBV6TYAWaQhhQODtEyGxHI1ABBirzKMvt9BqKIHU+1EZLvCdPZm1lBMkw==","last_amount":"","last_used":"","promotion":"","status":"","comment":""},{"user_id":135,"username":"l4EB3sGJUMAYTK7Ww5tqoJiIrxAzpNqMerDcN0Ym7xT1ZP4TAdh\/Pevfto+BoAsx9KN+J5J4WXLQvz4i0R0RiA==","phone_number":"IGY6byODYXmbKdHq92DprOAsrgcdHADBDzWOEvyy45oWTq3C7TVTOqpF2LeJtHhPgd0dOdr+EPq2lA0NZ2NjpA==","last_amount":"","last_used":"","promotion":"","status":"","comment":""},{"user_id":136,"username":"nd5uLcyss6523CI1Z7Q5mvPJAoI6ileRFmdMBhEsr7O8yqv8yq\/leuM98n7GemPrjD5ngSHr+fPDIEOz\/i1FSQ==","phone_number":"iM+J2UlOUsCPb+Puzn6iY7ckAgRCcK8lgYal+vP3iJTrlps198nMEL7reCY6vlp5g5J5H\/rfZ195sw248M7aig==","last_amount":"","last_used":"","promotion":"","status":"","comment":""},{"user_id":137,"username":"IopZP9IiwgdJGS+frXCkRoWdAFiPYUfjkrr0F4oAdPTzujnfZJumKx+SJJhH6YypH99x+2qvqDR5JhSsjGYjhw==","phone_number":"u1DeXhKIjI3mP\/MfTWU2mgUZpIcEo3Z0C42g8C5L1Npf\/oknIk1vjDOqnEgQ5DKwcIfgQ+Nn4FGAFpYF3D9Zxw==","last_amount":"","last_used":"","promotion":"","status":"","comment":""},{"user_id":138,"username":"\/z4W6la++B8EZCZQXXS4rSmVSLDq27avHzh0iCBsrvAyK7wQIgmYKvjzcKuZmIipuskv2Om0cjRxr+h9WEy7FA==","phone_number":"lQSxTEgUSJOFFuPmpMHwPtN5JofokOVbhaibLeHKGfXS3\/buoS8JS3NJ7+imQGIjkkaFYoItlc8Vmj0ATwfSIA==","last_amount":"","last_used":"","promotion":"","status":"","comment":""},{"user_id":139,"username":"XYaH5wJ2M2\/7vVW2ZDmhiokCscsB7ijQVySTKeArwqWHNc9Sfm8yCfwx414Ma0H76QCGKIIys5aXu5EPJiF0MQ==","phone_number":"XdsTWGEF\/+J5a219772Dsq\/VREnnfCnD7Wx3QizXxoU41XEPMbB6M4vDS1HNoEGZuGb4zlISHb+8cTeQb8MISA==","last_amount":"","last_used":"","promotion":"","status":"","comment":""},{"user_id":140,"username":"ifNzC\/mP0vk3b+a3daU07pBqpSnhKl3UIx8drMpwiLwd2yRUQmsdfKtJiWD5btPe03FDNHyD2evKQQ347gaOGQ6WNmygJzOWHWZCDK7gMSI=","phone_number":"qaYelZiGEzpEa7tX\/CzchzBOpdzmqFomDbhaMbao7GoS\/3y2adCY7P2Z3AIJHD9OAjH+gv2JJmS+mXN0KySs3Q==","last_amount":"","last_used":"","promotion":"","status":"","comment":""},{"user_id":141,"username":"CZpuDFC7j9eALw8z+ZK20JspwuX+tW7VZGzPhVvWlOWLYxYbdwVMBDG\/lj1qfLDtITe16sb0rid6S+NbPYVPhA==","phone_number":"thZZh5Khy8XdoC9Ilr438zZrGbi3OlV9YnEEhjPVTdm2s5o18GyF81IHHPcMbONXbPb+1JKiGE43O27YKvJ+\/g==","last_amount":"","last_used":"","promotion":"","status":"","comment":""},{"user_id":142,"username":"IwgJTb8FkfTGs6Ww7UoN282ULtTTBFO5BbEYn1BmpXDWJIeRalHEnqREiq5UiJ8yHA9Z6c480UWt\/br\/8hszIQ==","phone_number":"U+k8kYvBlPT1R1FK0GJN0io1VM\/krvsFmKSuSVomznHiD9BPUPfiqXoOQ3\/f5lrYN5pVn1Ww\/HfBnsVrTo096Q==","last_amount":"","last_used":"","promotion":"","status":"","comment":""},{"user_id":143,"username":"lUi87aFfM\/5Fw2\/X2HUMsZOISS4pcn+1eRo5+\/CN2w60Rwaw6DCcp4UfSbGp\/VpbMC9PyckfllEfOZlWCklt1Q==","phone_number":"ZJEy42PwRbq8i3LQmRFCsnO8Sme8p6fRHvg602LAw4sU+yupu+S0RW+MzFQi6ifGnIIokiAx5HcTe96wTkTwZQ==","last_amount":"","last_used":"","promotion":"","status":"","comment":""},{"user_id":144,"username":"wGriKlMrTwFOAEa0aJrrpDHCngUnGWcCcIxcEPx4cUXRr0iixNO0Dk2LqmQexc2dEaaHbF\/1JJG4DPt2h6q9vQ==","phone_number":"g9yOd8tC6YuaNGVy3Bry9CkAjUPVGD2+J2QbhYjDb8Fsi0pyhf+akoeEgK73GS0kM+VQm91u91iirI08K9q7ww==","last_amount":"","last_used":"","promotion":"","status":"","comment":""},{"user_id":145,"username":"dF9D4qzDpaBtSwCLX\/vPs5NLNoTziJWNM0fyuKlUAVBIU1UTxRUaFO\/lNtoxzKE1ffrxXAQdrVZMwCQHe2qfvA==","phone_number":"nqrW\/s38RE2FGKrGkm705BbfrU7pmapo9wLOuSfPl6Is77jPqH1FCXYepKthPn69IZtleOxh6fyHHB8eZBd10g==","last_amount":"","last_used":"","promotion":"","status":"","comment":""},{"user_id":146,"username":"h8DE5ZThlxrNglM7G2Rt2\/Z54pUK43DbfWOekLsiFEN8DqYXn56Tz9Knm9eBvpUmb5AjvF0RuwWB7XBJITAQ2g==","phone_number":"Rhgu6yO6RHapXkYsRXzPy6J29+navidg5xKKyiMkLalcC\/GwNKyeVSN7uYG8\/EmWWd9k5\/dOJ5JjFoCWsQY56g==","last_amount":"","last_used":"","promotion":"","status":"","comment":""},{"user_id":147,"username":"ftUydx+jhM1wL+DTlvwOh9cxdkfXVb+56cubzTKEkj7qmeyEdpc0n11TGkgYPAefdQDHaElzAtfpEze3DnNG8Q==","phone_number":"1kOkzqZX5937xN0Q5EZ\/vzAR1SgwVsMXs73Alm+SKf\/OMqF\/itQE2YtRc1aa9pYlZz5ew1t3QdSkOmbCAYSPoQ==","last_amount":"","last_used":"","promotion":"","status":"","comment":""},{"user_id":148,"username":"yvxYTK7MRQv6lT7tP2z\/PYG0laakmetrvcyaO417XavNwBYjFvODjyw+m1DuiKCrLOoqbYgoc9i9pQlkInLfew==","phone_number":"VTgA1qdwJwg16oR4deOO0Fzmg\/cWRbxd5qtvV4SBszPPzMX3kCDVhgAB5L\/e3RXegVy3pXooTtnWzC7EUrCeIg==","last_amount":"","last_used":"","promotion":"","status":"","comment":""},{"user_id":149,"username":"qCLnYu03lO8k4gnKxiI3NKBsn8KsbE9xUeTEq6CyrlL+LpyjUPXby\/5mcfxRJNMqAPighR+7pIQvxaYKmpowtg==","phone_number":"Di+8ctyCfPzCY9gHZVUuOtEwksrCdOPX+9TLjvkbc93eYyRFD9HrVbEekI2uy2HoEqfwuORr9LiNVVwqFEsJzw==","last_amount":"","last_used":"","promotion":"","status":"","comment":""},{"user_id":150,"username":"QbRUMtLNKXgNnbD8z5wI+CzIDkAjmEttlenb46QPv8AoA7SceNZT4l4uQH7SAPUADpHq5bzpCU7hKd4Byx0xYg==","phone_number":"fgi4DV\/7txb8+u2x13LfrpMBWb6KrpJrw5oLMXTqNPjSjhr6LNODERXvaL\/5bA8I+QbKNidMi6aW1v8fp\/zjlw==","last_amount":"","last_used":"","promotion":"","status":"","comment":""},{"user_id":151,"username":"mptlclqOAMAI84pijleNaPN++Wk40Y0Wdp4ffqALbtZPBS+TCqKZRS9ZPEG0Xvm6TysrCor39G1qrgLzJR021g==","phone_number":"AEJxBHqVXMSdPbYZQyjHoIczyeDssyG5HBAumdeXyzNEOyDViVQTnl3XXEUiiNGqHAKUzTum0pqzxG\/LBBU1mA==","last_amount":"","last_used":"","promotion":"","status":"","comment":""},{"user_id":152,"username":"k6aJXnBfyS3ldWIo8uvDV8b2d4REGdLPEw0zTVHylW414AWjm1kqDeuc5zTBeHPA1ph6zPrGDlbVbMUBgUS\/lw==","phone_number":"ErF9+Da+OoiY75JmeWobeSwkdjGx7fXwbOuUzU+4BmPYm7mEFqKS6l1FyeG4KvF+Wu9gAz1pa\/HrzaCDTSVKCQ==","last_amount":"","last_used":"","promotion":"","status":"","comment":""},{"user_id":153,"username":"GBMwvKkwbt9XwTYBffPSM6xdZtW1iJ\/kD7rY8g32TcjCUSCJuFkG0H8Ytjmnm\/V33nWZQ3pkR9Ivw4tIvBV6LA==","phone_number":"MrRIhuLd9lIm963sIOchGXOE1OAMbNTfGMGkIOrPrwcY\/xmXT1IZoZpfnhyLHwZgXA16\/bn9qym7ZPk23hAm\/g==","last_amount":"","last_used":"","promotion":"","status":"","comment":""},{"user_id":154,"username":"SSxztTd52HDfMSNwVUMHNnIc2195vlz5FFAP3YcWrkAQK5fNfpZqopUMvFiXBaUdxVSEcOconZaDVvmHLSdw8g==","phone_number":"T9UgBPCpSx3fT+sjaa0lGXlje2oHBqW9FULg16L8Vb3b6tO8QsEVxfsHYN2Ruu+vj4igUZQpNKqbcKKkgak8pw==","last_amount":"","last_used":"","promotion":"","status":"","comment":""},{"user_id":155,"username":"DXexCSG5rqCVImgXLfL\/wZqDbX9cu1EVTUDJdYyaRUjniGKrkt5nQOnvsEOrcTCKPYH\/bS4UEZY2i\/VC7gSg9w==","phone_number":"UUvLHbFULMXZ30CdYlIYQeJeB4k2xUo7JyppUHDWPwcLoF5z7lNbzrsirlWOGm78sS\/Fdaqel0S6h\/rppoVgSw==","last_amount":"","last_used":"","promotion":"","status":"","comment":""},{"user_id":156,"username":"DcrJZOsIB7dHFnfhTNlKcR3k6W0WZYuaCtqgztVkkTW4rzYYOEahUH\/P\/g+nam5fMIk3mzsX9KlR4M4e0x1rMg==","phone_number":"I5kKDQSRWGSgcRQkzMFaq4rI4\/6g\/+1\/WKh4U422+mcfqnT2xeDXuxFmjlmDMRA6Xic2cN1LqMI4Oh5Vnzs4KQ==","last_amount":"","last_used":"","promotion":"","status":"","comment":""},{"user_id":157,"username":"1O2IUBv+QBgS6kVBrHQR8WorJxl1+58JQdl5l32AS4boiiWT\/PmV3DV1aihd61qs6FWdBPQEKVR251WLihZ\/eQ==","phone_number":"pKALrrAd0JmTtWPkUqZU2L+bSKz51YGl21BPsVrMjha660LR65OryCWcvNsMdnT\/BgFnmq\/uODcNeRneuzp7MQ==","last_amount":"","last_used":"","promotion":"","status":"","comment":""},{"user_id":158,"username":"cOkLYOnvOc\/HP7GpWB9avh7iHQ1aD+Fip6sjLWDK\/PyEOt\/+x8mpgOtK1wIQCXStfxXwxCRtZhVckRv4mldJ3g==","phone_number":"CNnHUEiJkC3ExyNnUHmndnPFSIRR65Sw+jkLf+SzB17tkHdbI6mNV+FD0Zmmm4y7WK5quRnyOVJ31iCwoMcDeg==","last_amount":"","last_used":"","promotion":"","status":"","comment":""},{"user_id":159,"username":"+HyYACgJ7KlJDz+B7LLiMpdrDioZsDMmWp7m2toAnd\/0NyxcZ9n+znFaJvvhMpCKEkg9mxfh9nzeteupFrPm4w==","phone_number":"mdQkVC91HhupAq3AxQPUhI8UIGR0hzUz2CXFTiESWUqCfqjZIE3gObUEVNxmaODCUtC9vBvt0IXFmuCLPVir7g==","last_amount":"","last_used":"","promotion":"","status":"","comment":""},{"user_id":160,"username":"cHkDY8uwKa2NQRuoC\/MgpGsWuXW9s5R91U9TBzTui\/Gio6t3xxY2a0sIaXU5yF7vaa0QyU0IJQHdPKokdSFaNA==","phone_number":"7AY3mqIzP4ukhQnLxp0B1HQkaEgnkXSRcm+yyZ2vfNdQMM587hJKQd+DlUTZPIEqeDQwkTzmTf1Zf20xwB6nDA==","last_amount":"","last_used":"","promotion":"","status":"","comment":""},{"user_id":161,"username":"RarHV7hhtSKso+yb8lynt5GxT8Dl9NlvD5cgP8nQALB4MkfGtWT7BrH6kaLI5XGPf8P3F6teCciGcoZfZg5Pjw==","phone_number":"yVSDXSnM0K1cxxJlr2FS90ahNiTXpi27pkuggYi9ibSZeKbYbvT2pGUGxfoDFXjfFAxglMliJ5hDwioZq9QBxA==","last_amount":"","last_used":"","promotion":"","status":"","comment":""},{"user_id":162,"username":"xv0PcQGhttwJTRzewP5P0QfuthpZPfIg3QNb3tcxXzWs5nF0SEHuyncX1\/vcKmQmjyZ4BulBPv5AO2cGjJgReg==","phone_number":"pnx0fKt+HOHvKWw3PMwfTeif2z2ifHhmxfIX8+hiZbbYgvQJ\/YPQYpY+LZVN0QuOkSfvY4S+ChhoGB33sjXWAA==","last_amount":"","last_used":"","promotion":"","status":"","comment":""},{"user_id":163,"username":"dqed0eti\/NLo6hPHl+HlwSCMAyfTuNhJJ\/m0ACMQUY0vKKxuw+9KpAfrhcciyKtBrHkAsX\/poVUrI0zWwRGpRQ==","phone_number":"GogFBjwY9Ac51JVBuucMQfdWwv4V+An45fA6d0lPl9Bhgt9Zefuh1dNFwpF\/Ju08BVJ\/V2maMLflSap8Cw6YXQ==","last_amount":"","last_used":"","promotion":"","status":"","comment":""},{"user_id":164,"username":"gOVzWnpIRqfEANkB\/Aoa0Ayi\/S91VicrAjqSpLhJUjgFdkuN90gX8PHcOCONrYRUQk2GUWLN7ku3Oezqnge0pQ==","phone_number":"KPNZbI8jzOx59trZqXMV\/ShLTuzqnkzTohFBdFCA8e29hhmIv5JawWUhcCzzVTxIm7uLzZtX7aDZf4mYi\/sOEQ==","last_amount":"","last_used":"","promotion":"","status":"","comment":""},{"user_id":165,"username":"PHxdCBCx4\/PQC7YEGU\/NgtFsDBN+Xt+hCegqJb+k\/sPAcDwpoYMqG4HCmipD7IcO8IQ7EbaKwnHUUqTgMch2qg==","phone_number":"7btS9DtmOvgqYvEExKYtCXTc8QY7BXYQJpH7pBrLzkyzfUn5vsqodHYXu0UkHx2AinpaRGG8G0bcRJ3ZwsnX0Q==","last_amount":"","last_used":"","promotion":"","status":"","comment":""},{"user_id":166,"username":"1yfQQoKl3wqeXzAwWLHkM+vMIk6ule+lEwzPMh5pru9hK\/XZW\/g43IEyGm3e0O6nebHEzt0XHfdpjRoZR+40fA==","phone_number":"UkrFbm63hNSE9AilU\/WrgLWb3u4Hr5396Ul4XQRbiyV5ijFbIAkzFFtT0hQx3RE2FsXYRp1MUiy15Lqy50n+hw==","last_amount":"","last_used":"","promotion":"","status":"","comment":""},{"user_id":167,"username":"JwLaewhb+oK6hnmokxYv+DNbeaLn9k9zsStlm1E4BuQR8JFv4\/tOxgvk+BkC22EjTna+72VxkJUsDhfSqiYgFg==","phone_number":"4YG9Bi8VG4SPRpWF9dJlhni+rgGFaIlAR2HVDuTeuJ+80frfErApQISpKZqjGEh7HNVEXXDAB1wc2nEz2URfNQ==","last_amount":"","last_used":"","promotion":"","status":"","comment":""},{"user_id":168,"username":"bVHPBWygvQrwsxdNJWgsrk1J4mliAjRW9Ei2OQWA8PdF+POeoX+qNabU3DYdGruz37WnwNPv1nTsGW0jm2nmTQ==","phone_number":"0u5bPQRVe56CwF6mb6sAw3LJ\/9EqrfLsgOW9WnceKjnCxWt\/RVc1iY5wZCKPay4RY8xxLnb+p9HdPq6sUoDD7w==","last_amount":"","last_used":"","promotion":"","status":"","comment":""},{"user_id":169,"username":"DXivJ0qlTnRBubv7vUg2pSD97t7faQccWSQkP1dnAr21Eie9rZ6yBqpm+ZhE084xdJx5tmby\/LkNP0A7ngp7+A==","phone_number":"Jb+hN1J7sbKH\/mAiUrH7c3TdgArEynleydQNZs9yZLAHnkOnion8AlZ57mOA8X3T34J7VvNJsJVBWIg5eHJzEw==","last_amount":"","last_used":"","promotion":"","status":"","comment":""},{"user_id":170,"username":"q+1cb29DtVhrIw5uQ5eVvS+PdtYFmCT\/lFukD1uEOviru1B9JyynKjXtBmJSgOLdcJoe3I4\/MLbj\/KVcx5BPog==","phone_number":"ZpVkH+P6BVm0+Kb8W+5k7w3wdn2dxEq\/lt0ARyFirYSVf1mBMjsAEsLzbeje6sMX8NxjR9uE2bcQYeTiJWw+fQ==","last_amount":"","last_used":"","promotion":"","status":"","comment":""},{"user_id":171,"username":"aP8Z2GAo7Pv8DJWee090bJJywQRwX8a8Bbcyi6adGiWY5Yp6G9gE61\/s9bN+alEPASNOGZf+zfo5tfG7+4nj6w==","phone_number":"Npl0kERXVVeTk+lZpNJnSWtRJzwKLGYJe3tf\/hhuez3ekLIzX7H1nWyDwmNho6wBlQ4tDJ+jbAiFc1gxiwy\/0A==","last_amount":"","last_used":"","promotion":"","status":"","comment":""},{"user_id":172,"username":"aKpeM2sxPfUJ2yapHmKSakiDeWWZz34Bt2l9m6Yw6QZsGqFLhctQ9e4JjtvLLk9Nto+xen2mTxQCs7+51RqzFw==","phone_number":"o7zQL+Xh9mTCdFIsE+UwdbfbrbneMhbxj0O0vQf7Y\/1UpPJ2Cko3BG9XKlBHFziQ1iNOdtOOSgRoL2UNZZcMzQ==","last_amount":"","last_used":"","promotion":"","status":"","comment":""},{"user_id":173,"username":"+dRe4LdTRa7C0\/fBU2wCiy3JnmqIXly5ZuBaNMEvQN7KLxJCXWl7XuDP0iXCE2buYfXwCHp1c9VMXN5S\/HB7oQ==","phone_number":"3Um7sDrE0bm178hd0R8ZnDj7MYkRsVaTMVdzx1sgUSGIp5NbH9NmjB4xXPIocm4X7dDd0LgIPQTuwN+uS4ouRQ==","last_amount":"","last_used":"","promotion":"","status":"","comment":""},{"user_id":174,"username":"4fmVoPhs4HDTaOys8HQguc+bYz31tCKELT0NTWV7GSNm+DEH9Rvkcvf8D1tEGPD1FDifVCQqRF9kI56zHP2yKw==","phone_number":"MipTT9FF6pNp9yedAMz\/3svAGhe5r1YmT64TepleecK+8ZdwgiJL97KoPPKXyUK3Y0pXejtOj3VcPAismWqe+w==","last_amount":"","last_used":"","promotion":"","status":"","comment":""},{"user_id":175,"username":"DunV9cuKDcqPrpJoxudicPLbAnpqPx5m5DQR\/IGKis\/ONAtYjYMSN\/0cjG63jRbMvT0SJRlVKXdX9W6gNDfBGw==","phone_number":"pfOoAqhKRvIYWW9EbkEyCmwrzkQ7UsILEjJtRvDoMSse06sGc8tqagAwuft4TETDiPHnm9LKv7lYF4f6YFEYmg==","last_amount":"","last_used":"","promotion":"","status":"","comment":""},{"user_id":176,"username":"0ufSmJL4rk9ekDps3iHl2rz1UCq6np3tJezETF\/d9yZBfFUA21mXu+38dmG0THeIkogMp6uxReUASb3NL+VQtQ==","phone_number":"a8mHOtJKEU27KJjgGHZZAVct77vv74x\/ffY8IS8anlt6HKox25NFfaPrLU7cUQOa9NnF9R41NPvnNeqwYrx8Zg==","last_amount":"","last_used":"","promotion":"","status":"","comment":""},{"user_id":177,"username":"\/jsT9YMBoeSzQ7ZX5rHUhAnYLvqpiopOov+ZbjWym6gH7IU\/Sokf50QaCa3p4W3taC55FtYfQXzOctQUX\/F87Q==","phone_number":"fZrtal4nGThKvwDaGlwwfn4SrO6Zcl4SzqLpAFZVDrlQ6sb5fEpE6hn8eo\/XTCKjrIH2VERaGv94R5qqbEG8sQ==","last_amount":"","last_used":"","promotion":"","status":"","comment":""},{"user_id":178,"username":"AALMXMpZjDxq1MqgL+fw+Rac+\/N9V8\/8KgE\/PYEe1du2rnHvwGvM\/I5uOfc7f1Ruy4P\/00vTjsCdtSLPeiHRoA==","phone_number":"pvawKPJznCraM4yN8wXypB7BKm3qCvuZRJ5dI+Rq54v55SvTUQ7YOPKvAW1b\/egzkftjjPLLh7LxDzAjLw6pMQ==","last_amount":"","last_used":"","promotion":"","status":"","comment":""},{"user_id":179,"username":"ZnoaKxrxGxZuKtO6PLVLbJ53e5nCpUl2Z2gabE4BXncSlD2cxUP5AKnpzcKk+Ztvp5DlC1j5fGhzxiOvQZujPw==","phone_number":"1Sf2o0rPK6wKefhILuULH5y6VZKr6EZ5KfneA1c4vwxfuml\/1ccZ3sc\/RUBnaI6BtIiKv6Vyk+T69JMqZzMkww==","last_amount":"","last_used":"","promotion":"","status":"","comment":""},{"user_id":180,"username":"LwTL2HDcmNrVAfLu2nDTgoY3sE7bj5NJ+2AjoxIrM1ZAEuaQF8ccWkM3VSeqRQnyWQmjSr6mpornSiHjguCFHQ==","phone_number":"D68onPCQpSZq1fsAW58QXNeRrmbeAuJETsdcJFNWSW7nM2fyUh+Zrm7bt1Iuh0gu4xT7G1Os+3UrZlIEtCL6sg==","last_amount":"","last_used":"","promotion":"","status":"","comment":""},{"user_id":181,"username":"8vHOLw5UMSwF5r82oNTgV0m+1UlgdxV\/RuZQ8VQplqvtSigEK6E18SSmUpgEswSxOiQHf68sHTOMZ7JZ5zbRTw==","phone_number":"kp5kUAwdGjyiFfgpdIKo0ju\/GXoulvSXvQ4\/T\/fL5pP9Eewky6VqF6UC6D+gMx6+75D5CfpHiaevZYJC1s5Wlg==","last_amount":"","last_used":"","promotion":"","status":"","comment":""},{"user_id":182,"username":"+WPVk5HehjATKy08HyYz6uCJF\/bc4jDn6I\/5VEKQBfXck8eRkBtZqsagDVoWaksjB9VMzKdYEipwN2Xptk7Gtw==","phone_number":"nxXwX57WkSmDb5\/WS+zVG\/afeN3OhSY0qSSHt4OXH4bxXDELrybSj\/ERAytIIr6QMw3ix8sQSP575Z0tDNhNjg==","last_amount":"","last_used":"","promotion":"","status":"","comment":""},{"user_id":183,"username":"\/1Xs7FCOxN1z9Lf2XQN7rsph8ottceR+bsdXvSa01BiW6jUmvfRXhqzTL3qqxQnJpMYqrS8+4kqNKU6Pf3DnRQ==","phone_number":"Lepb0MB48ICH3a6huJwLKPziBqZ\/QnWS8PqLgAE5YAFt3RFWm7Ba2VsFIzLUQ8jOq7HGO7loGdpf\/mmw1UP50Q==","last_amount":"","last_used":"","promotion":"","status":"","comment":""},{"user_id":184,"username":"9zPBTwAyGi9NjXtF61QwQKBu5bDV8xepVGMaNxvHGH0tEo4GqOAlo4TgElmpBpSsBDp\/MgwJnGnbVBlGTINP6w==","phone_number":"C9XKON7SL5mS8fdS4xwVc63p0Mh1MZihF3qKLRxJddGScRpo4GZJt2Jhz+TOKSUMbKlwP9N46uykxPVPEqzeUQ==","last_amount":"","last_used":"","promotion":"","status":"","comment":""},{"user_id":185,"username":"j4K4YY+55HIubvnLcLvIiy9R\/kGprcxypQO3DXLFD2w20GpX22PMLojD6ZLaMoyY8LxJDcvaXqCqkC55Tjixxw==","phone_number":"Re+GwiBdpowYZoYNR22MngltF17wTctD50XfvFXMsvEoErxAh7rnaz6aURulz5xRQ4CToRuiJ+Y42aLSEERsuw==","last_amount":"","last_used":"","promotion":"","status":"","comment":""},{"user_id":186,"username":"JT5zuvyc40P98Ohs+CShM+LAlLDX9XNwG+HB+hJ7gQmF8x4pNz3tqZOjnFbF2o\/KOtPLXz1R125y4VO+nBJ5jg==","phone_number":"ZBz3upKpjW3lIPKOypImUaVIWJ3Lixf3cPw0tEByF4SPr9kUN7QlknsQTf9eovaT+R1ZhnHRVGBtuXPPcfUr1g==","last_amount":"","last_used":"","promotion":"","status":"","comment":""},{"user_id":187,"username":"AFNfr80ABtoHd93XsoGikrPmWwERawqXvCgllenlqMBKB50RWyh5AwUztEl6khO9NmjAp0Q6xurND7S9y12YwA==","phone_number":"WIfgxQbs6L\/0L2W8HrFBPUE9w1VeEVRmYmDsKVba0XnMLH4UT9avFgLaLRH7Yw7mzm2lN6tRCi09CZbcmolD\/g==","last_amount":"","last_used":"","promotion":"","status":"","comment":""},{"user_id":188,"username":"923UU1gspi5Y\/qftZs+ABqwM63I7kO85sZyt+gpq+y9iuenBcehJeEy66+z2Rq5bVzyKugS\/lCNEUADyZLs6Xw==","phone_number":"wFBN4J57x8O19QBhvj9fKQsPJUPNg0wqkF\/lZm4C3cuQpVl7+3PXkOEu0GixannF5diKeJBheW0hwnum8qX8JA==","last_amount":"","last_used":"","promotion":"","status":"","comment":""},{"user_id":189,"username":"vNG\/jENldq4vliJTx9ED4uUME\/wb8SCK\/kxTLSlLBpNVINrH4M69tG33rdkHDn5hxtd8iazACJzuJ++wsiqlVw==","phone_number":"tpX\/WlePZMt82emSvBuLfIPgTZfUV8x5k9Gs5QOix07RyD+7mZQI9Z96ybLgPZg7T4cYHNwh1eDWKc\/ezv1U9Q==","last_amount":"","last_used":"","promotion":"","status":"","comment":""},{"user_id":190,"username":"gzY9C4t22WcVyySMktJ5CDFfsrXRhlafL5FtNKOgQQZqxYWx1sCYTaR8kU\/Fxdi3vx5edWaOQCBs7xMaTRW81Q==","phone_number":"l5n9tj40leGxgp\/0bHEAzHPf7JhxwbJsiduXl4O2alEZ8N4239CXwVAeXmsosEIfBbqY74\/\/n3u4koWw5HDaRg==","last_amount":"","last_used":"","promotion":"","status":"","comment":""},{"user_id":191,"username":"KCUtL3paf2Lgna1ONKnJ488Fl9CDZKi2aMb0vRzouvTZzoyaJNM7PngTzjJVgQi5AUbCwoArVXtGJPq1mbMhig==","phone_number":"2CM4Dkwjy63nL0xOT7KsSTn\/7z0x5c35xHNKb5+jNy1gLhb6AmGKuVBNRWM7JTHRmGSyD88lekwgy0\/BTJxQGg==","last_amount":"","last_used":"","promotion":"","status":"","comment":""},{"user_id":192,"username":"4unMHaHuZKEJ4WfVbzyVxsNLdKOkFj3\/v4PP4YqP289W9VcGBfoNJUNq864Vf74n3\/VUkwYfg4qs6AuaBeJCPA==","phone_number":"YtsRnc8tahlk0oZnQBEQCowdaZEyldQvmKRgHe7ni6dX59TISuV0GFmBAe\/kiWGSZmaTRXlExjMR6XfRfw1lUQ==","last_amount":"","last_used":"","promotion":"","status":"","comment":""},{"user_id":193,"username":"kEjX8K9FF4eBMeIbIWXKS1laGK1q9zU0UBg6n4FJIi3FKUSILUlOgyOwyJ7T5jAodZ1xKio5pvnkS23hXqjiBw==","phone_number":"yPFGDZaZyjybdmCdxZ9b21\/vDBFTAY2HyPS05XSqiWm7yGkooWaO1PDFXx1j1sZPBRP2eexQUi6f0L\/wd+qOYw==","last_amount":"","last_used":"","promotion":"","status":"","comment":""}]