[{"user_id":1,"username":"EKKUpUwt0GufsacQOqdOTUo3ERrpcOchvt4mZQv6v1lQDwo2faCExkaHA4\/iyRK6SGRtTaK2BeU3vc7ZIGFQDQ==","phone_number":"uFEK4eUp839qo+SMU+JML\/AzsK\/ZX9OfhYo5UnWM\/aUDj9Kr4X4VaeUmHSsCjn4HnZCe796ZLnpabTdEDgS7kA==","last_amount":"","last_used":"","promotion":"Yes","status":"Account Created - Lion567","comment":"hello"},{"user_id":2,"username":"wi8LRE6XNnJYOaIi\/Qqy2B5y6ba7JlwWh25JR437BflZqEURVzBY\/Yvi8EArGaY3og2cjEpc744Akp8+w2SFuw==","phone_number":"TsjcgJUYd1Jemt6b\/0HadanMKIQMZHvQ+O9ALJA7t\/kzVSmJMctGX8KHw+jpT9Y78jjIllX6FwRRUjQwvoK4iA==","last_amount":"","last_used":"","promotion":"No","status":"Account Created - Topspin247","comment":"hi"},{"user_id":3,"username":"jtuxZb\/frve5UZmDDyOmR9AENbiZlbm3BNPOelM8XNT2k+\/jfD567A7CRwZxQNPPHnSU1xxPXV+v9NcDG+0QfQ==","phone_number":"t3tuuxEYA9OzsE3K3p5DKw4gBRO9M\/8WLYsS423NHLykIvP1UFFfQjuRqRNMBn00I2f4aVP\/0JRila+FztcuLA==","last_amount":"","last_used":"","promotion":"","status":"Account Created - Topspin247","comment":""},{"user_id":4,"username":"+A\/T\/Ej97m8\/xSOL9509ctMy6BG\/vftQP17Ixw35WJCtgrDeTILnAqkcO+AGB\/LJV1vxWuZd9FWUQHapIFV7DA==","phone_number":"QPEH0pdIg8oYe0uTz7pthLPllpZasqMijlBBLfTKDWzyd3hAzKUT5o+ST4rtaUqWfcmwNGxNo0q9l6q9SmB8MA==","last_amount":"","last_used":"","promotion":"Yes","status":"Account Created - Topspin247","comment":""},{"user_id":5,"username":"gYJKYdgirMellGSPyaAWNYVmeRPl\/TetwxZyizJ0Rj+dxWpyxcQSzqV165BsPu3BQ6QNQ1S\/BG\/Uc0kQrrUm7g==","phone_number":"cDr3+8OTU6zY7tOtFwBVMk8fngSlNlQghlid4xq7JUklrszv0x5BVFvugNKIMTnyJUs+T8Ztlay5M1PyH6gjTw==","last_amount":"","last_used":"","promotion":"","status":"Account Created - Topspin247","comment":"helloooo"},{"user_id":6,"username":"7UcftXMUO0x\/A5lkRexyI2XsxfYNCVdgTRpYR2n93x3Ct9uG6xp5n+BrmDlp4XP\/adsKzf7hAaZJvHd00eEO9w==","phone_number":"68YOOZRD9ofNk87o5iL8znyYbxnojswplgzyUsvGR1dtPAhsCdOCBZxZOwNn1zIwyhRotNg2mtovTwUo73yDOg==","last_amount":"","last_used":"","promotion":"Yes","status":"Account Created - Lion567","comment":"hjbhjb bhjbjh jhbjhb hjbjhb hjbjhbj jbjbfdsf fdzgf dsg dsgdsfg sg sdgdfsgsd"},{"user_id":7,"username":"DaSSEHm3fHIBiu\/cIubsVezxs6pMV5VTvqyfNvHX+SBrwzuqZynyn5qLUfIu6xgVoisPjb7Z5SV2J5xs7UnfDQ==","phone_number":"a+UvIpMMzmVC\/ndRqB7LQ+g2MNXe6g91kZFaD+z4t0zpnEOzJ6L1vUktKzG50ZhAxR8L06yaWso5R9FEHPwI0A==","last_amount":"","last_used":"","promotion":"","status":"","comment":""},{"user_id":8,"username":"aawicrbVx+2nlBQrF2DcrWNLTPkC7\/3SyZnPgRYdPAXRl3rSt80JPts+zpZAGUB5opDvmrfFZgYb\/VSpG1ZCyA==","phone_number":"aZtBU09FrCtnTn5yCy54DeiIuRUoIOQuwejZ+aP8OeaIJqV4jQB\/IxzsVLFtnzdpc8tkeP4U5AFTukUnYwbtKQ==","last_amount":"","last_used":"","promotion":"","status":"","comment":""},{"user_id":9,"username":"hh+1vcHrT56ZpX84KhSAOrFrWCAXmoqkO3ELsub1xIGtg34rlYuK0y8z0F83shRJhVBqZVS4EtPtDH9XNQp5Fw==","phone_number":"1gWd946DJV\/p0LF4NfgHl6AknC0BBAYLTqP9w+PwnR9IF84ptPX46cSvLJkcPFKDk2EiirGYCq4PXIMEVpvHVg==","last_amount":"","last_used":"","promotion":"","status":"","comment":""},{"user_id":10,"username":"qRAMZYgrS32TI5n9Vk180DNXWSviBSOzRJg0D2QxXBrRx6BGQOo5LTm2j+fJH4oBpGNy9HplIEpn3eqjSm8oiA==","phone_number":"YGzRP2h03Q4nu\/FA8Q3VUPw04UI566kL0ofjYYZ32Z7SyV0pipb6p+F71VL+DCqpD34Y6VZv0g5ecl9M68bIOg==","last_amount":"","last_used":"","promotion":"","status":"","comment":""},{"user_id":11,"username":"MHwGgsmCqgwAEMPpPXhN2VdIZiY5W6pNbEouAjy3qvpVR+dMpk\/MMJMBV9Xufu7ztFg52ff96YkGN0QSRbpdcw==","phone_number":"PHOANDUlzRdLlAYxGSQNw6xZGnrRVtxxiiwQMZjIg0BQm8V+YS15U9GruOR68+dGY3FaMX6GWyqkrETnWuBDgQ==","last_amount":"","last_used":"","promotion":"","status":"","comment":""},{"user_id":12,"username":"KU+ygCA1CkxBLj7AWXLrO9buSGymEvEE0RMcgYYaqTTOjoAMfFShFPC377jwPFgUCax\/QbOSbNDPQ1AxLCFPyw==","phone_number":"jpokA9XaTMdWr7f82UjQcLN2WKuEFKc\/ICAxoKnJT6S19oLFefpd+Sbks\/bjjdq5dWajO6Xjv1arOS3ZmK59lg==","last_amount":"","last_used":"","promotion":"","status":"","comment":""},{"user_id":13,"username":"W8kEyKC\/0LBeFSw\/Qkj\/+xW0dS2314FOLwl1OMmzCYaWUbYCzX901mSOdKLL1caH+x4FXBfO+y9N8RKm\/+nBKA==","phone_number":"i1B1KtPBngA4ACEKxjU1k6hfP+p6fcEM7xhBXJaUP62n9mQkauaWnWnN4abA5zUwzduUpxqcX3RIhH8VihUiYw==","last_amount":"","last_used":"","promotion":"","status":"","comment":""},{"user_id":14,"username":"uLn6wINm0gD8Hw0+SxYJ5op2saYIYtq7hTFJoe6Q62lSZ9BjIUutB4SAILMXF4oWHb2bg02ZHQMvCANvwL+V1w==","phone_number":"qJCWNu1mv1ZW3Bg41H8bNjrtPYJSliEhL2O4BI4ZfYXtHtMPqeKFVsg5YX00jiI1iS5n8XBXgZIj+1Jaw6pxog==","last_amount":"","last_used":"","promotion":"","status":"","comment":""},{"user_id":15,"username":"BNuOr6pLmHgl2fmEeYVVD\/U9wQYoWDoT0J1PvcfUinqY8zxVgMm5NRwpgQNgruHACYbg28MrA\/ZOkRCCPR\/T5A==","phone_number":"xSEboucZQX1YSpgl7MZ3uUVVJyF9v24MhW7Orje0PsBfktFYh4k1NJh3LfnAec7LmElwW9PziXHXD+7\/MnUQ\/A==","last_amount":"","last_used":"","promotion":"","status":"","comment":""},{"user_id":16,"username":"WgpX4A6yNIlooFXtGxOlR5sbZI58ueZ7PMVnOszHQbOZI59GqxIHWK\/INcX0bBaznoEHRoz1V\/vpkHmfvpxydw==","phone_number":"W6BtBi\/j5oEMvjxnGI\/2EsmopWxNk6ch6TMeeLBt+cvKgKT9ZX2wE19vbVYb3Co8fXlCEiK95vyWgjAwgVm+9w==","last_amount":"","last_used":"","promotion":"","status":"","comment":""},{"user_id":17,"username":"LrBo5F4zDyNWmL4iIneomeJozIFc2J+0WhaUvp4SOJwZlLNms6tGLO9T4ZsZwAHkTMZ+M9UthZoo1rPs0rYpcQ==","phone_number":"pIjWg+FxM+W7\/onQFSofL0KvoB4afWePUITAOi0jRAXukeqTmMgubZxKx12tXucOufpZ1sdfJtUq39CL4ylonw==","last_amount":"","last_used":"","promotion":"","status":"","comment":""},{"user_id":18,"username":"EcxBPdvIJ06ZN2pBVJdBjmMXOoXlxzfM6KySDFs6g9+4XNovZEZzyi+bkX1qPdO0el9pUsJX2xcr0TnCSG5Jsw==","phone_number":"X9M7ZHP78YUSCbKs4mfKmC0IW1h1j1EOJRsdyf\/bXXZKmNTzAKz4fL4FqQ1M7d1SVIGp3fTwHw\/kHMMUq28AbA==","last_amount":"","last_used":"","promotion":"","status":"","comment":""},{"user_id":19,"username":"1zRzOxz80Vf5uJJS4K0AAo7ROnkHhxb4vMGA52sNGbqfnZm7dxxM4EnwzM+vwMnrj1Htq7YeNoQnGMvo7Tse6Q==","phone_number":"gUsGNJCinrg9CHCPyrll\/1915pOCjVqfoJONLwbgzocxPsvZTK8A+Kk\/UZVGL6Pay4FsClobSxJIjskbA3wSSQ==","last_amount":"","last_used":"","promotion":"","status":"","comment":""},{"user_id":20,"username":"khgp0v0JajbE7ku4hfjy95m5ou6pqkehZ6OC8HQJ4WUeQJBwCOr6AUOTknVc\/GQmMtE1oxA4oNpEWdiM+K7mfw==","phone_number":"+J+IknmS16BxbZwbfgWkHJXY51v5cDwi6Uww2ohNTBSIMYnjz+e5Ae6HWxit7h6ANLsYHPXu8Zqnvg03vz3SBw==","last_amount":"","last_used":"","promotion":"","status":"","comment":""},{"user_id":21,"username":"iIZ98bioG2NePsjy10EMzjdGGletkcWlSLxNNTWdN6vg4gu7DhDU6xYqnuSF6nYYQeKa4iOgdDrPjfkDFb41vA==","phone_number":"Z2qELJ50ZkchHMr0250sWGbGZ5zhmhZjNGyLjrvxUYcJI3Nn62hyq3fGd9KIEPEdG+LV9eQbaVphnlFbaVLwxw==","last_amount":"","last_used":"","promotion":"","status":"","comment":""},{"user_id":22,"username":"gsBPgrGzF0Qmv74+WJFhp7sD8oEEXpnIr8WBIgMuy8JWrGGtnja9cp8oXzBqjgfkB6VOra8a+ZHU4+6s+hA61Q==","phone_number":"wK5k2lxFHaPYo0gvR\/8iw1mWPLA\/UIaegVbP9mMvvkhd2HCLGu6sDj038iP5KWcAb0N\/f7eiGP9PYaV7Qnz9Pg==","last_amount":"","last_used":"","promotion":"","status":"","comment":""},{"user_id":23,"username":"YWvB9L2az55jomxx7HNTZrUuxbfbZmCr1Ef1tYs8SNeXCJH1nrc3\/rguVXy0PGRHLkC+Jj9hldoK\/Pg3wO5xsQ==","phone_number":"X8XkYWGi3nlvVWwsOB8RFA63mcjyKgsSiQ9GgAa87FJJQV\/VsCBJ\/jRjyRAR7XQIRMgG7e\/QqfLK8BoajaTvIA==","last_amount":"","last_used":"","promotion":"","status":"","comment":""},{"user_id":24,"username":"sNSiV7DQE6FZeqL7yDencNXw5ymSR\/pm5UIg6prp8hxQGdEiJORsnMiSYJY3axJNcKcpL+wlWoT+WWSodpxnTQ==","phone_number":"RY0eV4gre3gWVQY2Sbv155ciX1mD5lRgLqbUR2h1mIlYceKY66HRLhV6KZtAVkpQ0ZG6Xr\/LFObYJT\/qzsv+MQ==","last_amount":"","last_used":"","promotion":"","status":"","comment":""},{"user_id":25,"username":"+8jp5NNpD4zviNg+5PPEvbtpi\/\/OcJalINP9P8IBvdsVB7EkPboknQP+fWGMLNq9zVlaFx5JHTVY6mcHN\/PVcw==","phone_number":"dSuwe6QN3XmqqyhnPtXYLwWWBE6vFvxd4TDzAVC2MTCe0c6ZajF6qtOTzsr3Au+32ONaxWJcHgPX1dZjDAawwQ==","last_amount":"","last_used":"","promotion":"","status":"","comment":""},{"user_id":26,"username":"IeI0QBtafiRjP0X6sbpp2OHotrdNywodIkVM2qC0OxsOaUsULer1XHOFyZ87cg4fzhAJOdoTOswpqXooB9lZ7Q==","phone_number":"4hqMQa6JLPHnkdQ4sVGXyaQMIE2vxDeMdwJ7RytV\/1csxBFkCQqaVdGUf1fGk4MIKxoGUOVIuGmYjM6McVUTtg==","last_amount":"","last_used":"","promotion":"","status":"","comment":""},{"user_id":27,"username":"+7Fk\/V\/XHWaihANSWTgTHPdnfmBPFN2YX5\/M5tiXQ2zn0NmZ\/DbgvFb03BCjPtSj+qWdiXSSb28rZuERS2sgTA==","phone_number":"l\/khAdXWAzPNgm1VKlCPcbrpocSmPm+1Vbpply8GxsmS7VBX+nGQF+2n+3APQ7snhZ2IUJDNl\/PD\/5gVnk+yYg==","last_amount":"","last_used":"","promotion":"","status":"","comment":""},{"user_id":28,"username":"rYS0jQeASNLTgoyIJDor46zod30lA1qL6EQtE66Glq0C0rqQRzTdYrAfRcNPoE79Ltg2LE\/dpHgUIzsvlmEFNA==","phone_number":"KN0i+EfhGr+ER+GC3N7am7KzOHh1EYdjdKBlB\/GfbnqV0KfsxXdwCobJnWS8vGVWxbbrK4bOknzMdqaU42XFgw==","last_amount":"","last_used":"","promotion":"","status":"","comment":""},{"user_id":29,"username":"fugiLYGOSR116r6KbWN\/\/\/sd5cqrKR5ooNOYjV9AtQ6QwIfKLzESiT\/P4KL2J3i55lg9z+RA7AbzW38kQjHSew==","phone_number":"UvCxUnJIhvD3QiORa3oTQvQY9s6eM\/WWNW7GxGAgS5x1QftD74P4RyBaBaovzbkgX2unRQieQqr79niWLHW+7Q==","last_amount":"","last_used":"","promotion":"","status":"","comment":""},{"user_id":30,"username":"SfKBOaT5Hne\/cgulsDIpvWmWSDeQwPdTuPnhU7jiduxgXgPH19AmzGPkP\/eg\/+L6Zhktymr0egv6V4Z6\/KGePQ==","phone_number":"VPsfAEQl17YjTYFPCTbTeuoDebnAOQbIOehGRSVJ7kspqfTpUAvQKlukmI8po9v+95W6qcGPZOpOlvbcfWvD+A==","last_amount":"","last_used":"","promotion":"","status":"","comment":""},{"user_id":31,"username":"\/VfuXHY4o0koEJ\/X76HJPUSwqMo2vjwTxhQX9aEMvtoZEoUKgpZ\/TfyAXkpald8q\/gI\/Dfy\/BvfXtE4HT+dVAw==","phone_number":"vYhUBmoyZdX8AwVz9Y8\/d\/uT8fBbKvvqPLLwv7fvTlrCK2pxFJyDyilczIRukEN+8YCENF1+5kqPxmRiyRVRyg==","last_amount":"","last_used":"","promotion":"","status":"","comment":""},{"user_id":32,"username":"aWrwvhDfEvX6M4cbvWrnKqZQ7T+\/2UjORHpGRSR0tgn1\/NsbdsQL9FodhzbPJIt04R9vOj6TXS9hDshlnFfhvg==","phone_number":"EyWkQqOTm9mwmSSeazHNBswkrzwwWOJewBoggJ6wv0YHbwGiiV3vwqyHQkYCIrcxyA97qPJaDquDgiLtIIk6yw==","last_amount":"","last_used":"","promotion":"","status":"","comment":""},{"user_id":33,"username":"RNKlXMQd4ok\/qUpaYO3Sbmr5RQ9M4cPfQ\/INFqjuCaQeUgec03oN1H9BB9sQnTF3p3DUDqTJv3gcYPXkA0CWQg==","phone_number":"pPNs2tB+7W\/zg8fu6Z0eRvPCmIGfCmjzQwQghmzLSitGd4\/JEviZ8ufDI5qv9u+7u50wRqYHAp+WmS+wFOAKVw==","last_amount":"","last_used":"","promotion":"","status":"","comment":""},{"user_id":34,"username":"ZhcCWiySyajDz7pOSxSegoJYK3eLsijYti2fb5Hs8Kz9noV4PdBuekX\/Z54DzDoBhITc5y\/Xs9gPOT86Z+mWJQ==","phone_number":"lv79L+oJrrUXXVlOVYOXjATPq0cI8GWxzk9psFZezvq+GBg\/fMPkbwl1c6ky4JaExqB4MMWb0oUcE1s6Dol9uw==","last_amount":"","last_used":"","promotion":"","status":"","comment":""},{"user_id":35,"username":"\/JNuT3yTj3XxyRKJ49nDxFZ25a9U42rFzZGrVRfH0leMiYF78tMghSYiKvMBLjyK1D0iLVR0dO5jbyYGQWJ8j\/hl7LVNnA+KfowiupaYays=","phone_number":"WLupn1uUSSO7k678EkhKasJ\/bsGQDhMP8P+q2LMhHjxohMKX+NlmrjgYowBB2cdwmbdvkovwNkBX4NB50Sd6uQ==","last_amount":"","last_used":"","promotion":"","status":"","comment":""},{"user_id":36,"username":"76fIirHeY2JkHLTliuliABK0oynq9GwaabHqobiY74zwYJQ69juAw5obHSrF3ym18Idet4aC2UrdZ07JGE1\/tQ==","phone_number":"DIE8pnmxq0+S8OCjvdiFkWhYsPKCUdvcz5FtTIuwh7n9B60h\/nwqyOyQr9RAYhzbAmiKlfOgRxY1JNqDdyjD5A==","last_amount":"","last_used":"","promotion":"","status":"","comment":""},{"user_id":37,"username":"JU\/44ClcrRPlYiSPDYz\/f3pYCP9eTbObLioJPZyJ4K+ARtgeme\/BIkyL113XKRsor79t4Whgsf3nqZTYnXhJrQ==","phone_number":"V9Gveg5XuOpdoyaKCzMs3PdU8E2DX9vbdughnPkFLbbIidfX1Itk6FQxmXw5lJoqlv1MR0F\/CXQMRVjYsrZing==","last_amount":"","last_used":"","promotion":"","status":"","comment":""},{"user_id":38,"username":"1wmIUwk6I\/x\/iKuwTEz7rxCcP0Gjnr2dNH4d9JatBbhiv3SW\/0EHB9qEMArLGxSPVH2tQbMymDDDTbmRACO8rg==","phone_number":"DkyzpqHY3hL77jHOOisiI7UpzmiwHl4rFgdIzeclDtqcGJyeg+3dT5cuBDmtD4Q3tajpVvDjrelb2jxdT6zBcA==","last_amount":"","last_used":"","promotion":"","status":"","comment":""},{"user_id":39,"username":"B9WNitTqHjRM\/jihxv6yYlcSsIur3AUmptKLLMf9FEPKdehnlJ7oouqqx1teHD\/yqJ3hAZbmSnn+XJkW7GvWRQ==","phone_number":"xhPlE66rktzhkbM3VyyQowIfanJBYveLjdjlGeeoKzTQGrkxjERbgxltSS2VAjvaXXIy2PLwR0CnoQZDWl8dkQ==","last_amount":"","last_used":"","promotion":"","status":"","comment":""},{"user_id":40,"username":"8DSzKhUq+cw\/BvnmquFEv7JT1gwCSZc6voyEqp+GqLoPdjHDKbVrJGv5RXb4r5qd9ZgAzXXC4\/uREDNTylNOAQ==","phone_number":"qyABr95lk\/iUTyJXOlUjFnWLZSbu6BRe8OLzNBqOTKNo7E70xH4gWJnwjNrjQ42axT6qRRS4GDC\/OpoWMA16QA==","last_amount":"","last_used":"","promotion":"","status":"","comment":""},{"user_id":41,"username":"jUqvYMs3KENyWBfPQ\/vj7fuO4bMnHBtJHVeinDKwEUUEMJjTFa+XqAxxWggxZJ9Wu\/ba48hnHGJFysGiVOWufA==","phone_number":"J3Z\/BuJIYNnn7K\/TU7Ih04wW4WYDJGGwMbqeGSWnW3+qAYQABmwYrdZ+HcDbGR5By37hErYPMd7sZAAw+v6nUQ==","last_amount":"","last_used":"","promotion":"","status":"","comment":""},{"user_id":42,"username":"5wsrkOWAs3deRUAW+aCVGB9\/+WAw2FdjyL\/QWVdYR1mg8QqHuA2UPeIyNHu5KvwaLXv1megAYUet9oSqiu+tXw==","phone_number":"ArGUTh6pjgejVX0gWGr5lSUHO30KghOea\/xb3SZE3VjdqxA0\/uI9V2DQ1DYA6A707QNNhFfUfjcK4JjBVv22PA==","last_amount":"","last_used":"","promotion":"","status":"","comment":""},{"user_id":43,"username":"CN27o2wSY3nATL989XwWxIKSnEcq7NgyjnwGvEsukBkHB6Od27zlmtqZYkTziIuGXGAi10rCqkXjymoOLTDZkA==","phone_number":"1pptYT0\/UkhSM1SPdXVT8BWA6v2gUV0rpwpOyygF8aJb0Yo1Uc+bYo3Czjk1Vyiywc7jZSqaIANmdjdVn\/Z7tQ==","last_amount":"","last_used":"","promotion":"","status":"","comment":""},{"user_id":44,"username":"pWrdHphzxl4MuEz3kZYl3r2FgCf6hYoJzmc0EomCHTj\/Z0U9JhYfoGv9MhE7my14wQA62sOzrUMDXB3UM7dyww==","phone_number":"QPOFZBp4R42DTsi6RAZa5G1UAx3NXtmMaLLQNXSxxdT5NLNhCOAHTHW3wZaegciGASHDT7jVFZVKzOEh88rpDA==","last_amount":"","last_used":"","promotion":"","status":"","comment":""},{"user_id":45,"username":"he2Sm2d6\/pVtyHDYXj5AWQqGvk5nohVP7Yy4d34b1uMGsPCnxJ\/0b\/5LnHvob4hcCTy1Lq0\/KprmqFb8lRlBgQ==","phone_number":"G00OB3yQuXeNCGV6IUM4wuyyHBHuiXXL724kjpSMWwQRQggD1hrvngGFwPPjwKuuBFNKi0gFL8jt8LjjLPav+Q==","last_amount":"","last_used":"","promotion":"","status":"","comment":""},{"user_id":46,"username":"AUbMOSGwRN0+HZxRgJhI1oIl1Q5\/1s7BNRoORkbWrnEvw9UA2DWyIGXWYqWPq02vgroSgxEm2O0IglBC0y\/zmg==","phone_number":"OjMq8eVYb427rKe1icP759przrI\/yOphgIRGAE0aSo18j6HWjVRTUlIMZgyoX6VfK7LwblsAWAZSMLcpujCupg==","last_amount":"","last_used":"","promotion":"","status":"","comment":""},{"user_id":47,"username":"17a5vV+6Bw5SdYhrPwMxTV5oX36v91hYbCCFdk5A5jHQY1LcJ5XcubjaXoo0lluTYpbXhiTyPaqVB0j080FTCQ==","phone_number":"P1S5EO5qzuGdmJ5PWdUqWSRNgNhPKSpql\/6tjEO9ibyzeCt4AmqdwA54bSHMzhVKfX8Lip8nweV2XPC\/xpgH8g==","last_amount":"","last_used":"","promotion":"","status":"","comment":""},{"user_id":48,"username":"7LvZRHIXXVU8OPkmihCNx6Sf3bgoUQ+ezpfEI+ZZp6AunbZ\/qrdx+MWUYOet2QbUBbCS40YZZK+qws+kTSpTPQ==","phone_number":"hpwQTaWZhoqCEdDJ44nnE8+WOYNSnvkvBXxQOmLe8TrM6kmiMWoz2a4qAoSzODBuTw\/8qunN1mo5I4KKVYVi+A==","last_amount":"","last_used":"","promotion":"","status":"","comment":""},{"user_id":49,"username":"gDi1mI0gooOAdFZtSLzCPAPDqYF2anjCduaD0INlhefoJdZZBAY1RIADoBgPoAGFqAwN8RujqA8vXDYB3Zeb4A==","phone_number":"rBs8+CsKYMV2njaireElDoF0csQ3TDB9Dmw33O7+P84uoLTbkc09K5BC+YUpShxXYeJIem\/7rAj32kIasAsUeA==","last_amount":"","last_used":"","promotion":"","status":"","comment":""},{"user_id":50,"username":"UjgXJwv\/6HzMbzWUGK7qxs\/4dyQz+K82J1HdN1KLRbv3gRC5LQ7cdmByju0H7zf9wf0T3qwEDbgeqlnKPJgtmw==","phone_number":"ejdd1iM5Qx2EElH\/cbI21lWwsCwBhAhnGuKUu3wztjb7QKqebAGmPDg5619tzJAlIEIqM0pJMUVUTHvHgPLy9w==","last_amount":"","last_used":"","promotion":"","status":"","comment":""},{"user_id":51,"username":"ipVH7Ht3Kl8jjjRXW97FCB2rIfWxiEQg9IrGL7bUPxS2lqBLKN0EFu7CBy4KgHtDlfYsHxXz6pEusvmxAQdJUQ==","phone_number":"hoblMhW25MWAht4HlR4uRWHYvpvThNM6U4Iov3jADIOWPrVscS\/ljpeuOX1kZ9iYNCYT14Sg0zX9BiUU9RDOmQ==","last_amount":"","last_used":"","promotion":"","status":"","comment":""},{"user_id":52,"username":"LMZQW1PgaNsp9M7foo\/xh5lW5TatqYlWuADtSO8kS52x+nadc5Fu9I+dh6IM7YissPAAGDffPXvP+9B63g2V4Q==","phone_number":"qPCFknJW3NegSSVcdYUJbe5VvlJWvF3TlUk1M49bD\/Osh2tedjK+96Ourbk2G\/uVWO1\/9FrCUbK5eRGaLCmrLw==","last_amount":"","last_used":"","promotion":"","status":"","comment":""},{"user_id":53,"username":"XS2OeHqbTB4SFh\/+SswIIeTahlGgTP7Xpa9wCkY+P4z3efuGwI0Kpy9Mor2dK5qCTDZNX8q\/SujayS5cSLvMvQ==","phone_number":"nOzg5QkIfhSx3XbUI7RTK8Woitu2VkbTusWTvb\/YdqnVoUqy9CEhT2LxANhckPtST1ysv+GnobBrVzaotPmpWg==","last_amount":"","last_used":"","promotion":"","status":"","comment":""},{"user_id":54,"username":"r6u2Jx\/hxHVhgXsW3VXP1VY\/T5eyLRX8NT5nRnV+qc9LdBF0JSYDfpk089Vln5HwJYVBmLIdUIj5EjIyQLB8Bg==","phone_number":"vi92VAjccK6ifAc7kAgdFJvE3N0O6e+H31ov92Bn9oRP3lZAGAPG6OecBI7O6XL9l\/R0F3q9O1T1tkOsckIUFg==","last_amount":"","last_used":"","promotion":"","status":"","comment":""},{"user_id":55,"username":"XzqTgO2QGs1\/3hwTMrFxaJ2Iw4vb4900aVadtO97TS1I6lFJrS5kpJbvNb3Afqon\/D45c8jvuIZPIgagcIS4\/Q==","phone_number":"a32WS9y+GD4L0ps0k8HilX9rqR3WLKLsnjemk3ugRXHNOvZZTCpmLyS9XsLnUkc1Wk54tVdlldCJzW2tuS0IxQ==","last_amount":"","last_used":"","promotion":"","status":"","comment":""},{"user_id":56,"username":"K5TpIeGZhOfO+GMA8EPjRgjJ0jYu24jBdTD4eOnhXzNk9vmcyKWH9IhDOj5+d3c3TM1Nu15a3+5dCeU3Dt8jNg==","phone_number":"THBWKm0I+Hy+WtuPgwPXQqkbMYqYpahfbAlVSuxETIy3xBREDyeD+TbHKy8EUeX+l7i4niG\/4hrVSgQ8K5UZ1w==","last_amount":"","last_used":"","promotion":"","status":"","comment":""},{"user_id":57,"username":"3ckksPYWrVheb6x3oH6hBkg6\/KdVC5c0R5zYN5Idxi39RVRpi\/PZwWtwmNA+klRZvg8OCbzG8OsCQS7xr7bJMg==","phone_number":"VXzC4sNqTIYpikZxNqr0xab11qX7jGle9AOUW7bjOwFQ2JZLaAfmNF0tynIFxC6LZ8+Snf2bH1gYcLCVwQitiA==","last_amount":"","last_used":"","promotion":"","status":"","comment":""},{"user_id":58,"username":"SCKp96+ZVg85M8Wt39xFDoZk5SYE4i0nGVWYi26xYEdFxjab\/78dYOFeqMuFSiNuIolhimy1RUzapEarnG2pyQ==","phone_number":"nATI+BW8I5Z9uUShbWHr4PHsXk\/PRLtjbDYsR22Sr1fIpn5cNh88sJsOZSCfBMFqscEDFK1RYBywCrOiDXovqg==","last_amount":"","last_used":"","promotion":"","status":"","comment":""},{"user_id":59,"username":"csIOT\/72SYblaIKT5AIZKAai+1DwjU0OSNfwyz+QUzm1NQmdhPFFyGHUUoO1Mt3JslVyIQwxQc\/wIk7PCJh\/4Q==","phone_number":"b39eXegnDIVyP1f\/p1XGyt6HqhF0EFRe2aT5aaADzAeqYVZ\/0D02qNGyNhOs\/u8vLbBZUWEXY6P0Lx8rcO5TYQ==","last_amount":"","last_used":"","promotion":"","status":"","comment":""},{"user_id":60,"username":"qdrqrXdOETvZznK+GNopq+KWiokLWRNGdnc2jjTWi1rP6sHQppKDPVAPpuu7C9VQ1TY6EcIhIEBs8D+dl9pIrg==","phone_number":"6UiC0NrzrpVNKYaLRczj+\/ldPgp5ReleGpKBv0TeUeaZ1eUs9r3gTWmh0gDwmLK0YRrXpRHFxqBASGlujQFR4g==","last_amount":"","last_used":"","promotion":"","status":"","comment":""},{"user_id":61,"username":"amu8WK4KP+fZ4Fmo1+3+3UQyXHl6mbQK1kK9FSfQkfxqYWWGrOohNs0vdTRuNlzK36M\/7di8lRRqGlX5FO5C2w==","phone_number":"MD4wlIJSYRz6hsnMyjXeC2d1dRnrOs8dBmvMOxwxEj1d+lJeCoCdmlbahNAGVfDd943yc7G8OhxdrTQHq7\/Raw==","last_amount":"","last_used":"","promotion":"","status":"","comment":""},{"user_id":62,"username":"0bSkKFdTfQIVz6wVJ1Iv3g4QFeKNhLu1DanjCifhgc5S8MbdUaxKWleDZnFwBUYxXA27ipfxWFjYjiyCRHnfGg==","phone_number":"doZAj4KaapUDbfDVvihaRnOplSvS6OVPeKxe+NfN2M+M4prxe1286FUmm1iA6A5KAZ0Lj538KNgG2vRhOHw99w==","last_amount":"","last_used":"","promotion":"","status":"","comment":""},{"user_id":63,"username":"OlensL3EqlG2LZeXjHXb+3ZmzOBavqrSZ\/rlg7FdnW+Z3KNQN9NDVKLP0gL3EYfYhCsmiRLc+i7IvsKSMN6c5Q==","phone_number":"lAEbJ8XrrrX22vxO6yyAGusICyO4Exlzalb1S\/LXv4MTt6Eg8ijwJ8gcINu39SFsW\/Jcfd5i9hQxMB4Yn04Mwg==","last_amount":"","last_used":"","promotion":"","status":"","comment":""},{"user_id":64,"username":"sWGGQ6dbQhIKq6MJhkdd7HJzODFm+Bf1O7msQNoFB6f+ew0hbMFGwtX0WUlbzJnVVm3Uu+QqnOjtAc0YedReHw==","phone_number":"k5oYU3QIvCWV3qdBGUZW0HJWtaCOI4fGFd\/lWmJ+vgmEe2hrMQT\/3njZIXQrYpaDOUxICmVcPobiO8tGuIwvIQ==","last_amount":"","last_used":"","promotion":"","status":"","comment":""},{"user_id":65,"username":"GVvo8p7Wn6vR78uiwD2D05ZCERTwJzv2J6FIpMG26Kiqh4adVeDYbmDK4yLp6JrXfiSYB+act9+0DhpwGxmMaw==","phone_number":"+GtFWwKaZghwPwziAOd1zpD615BJTXnc5oZjlmye4Ua5xBC6S\/Zzi7Iih3J4MJ8dSDN3jeCAhW6wwqNQLaw9mA==","last_amount":"","last_used":"","promotion":"","status":"","comment":""},{"user_id":66,"username":"rJTV9DLtH0m48tQ\/3nx+reMw5u3qxMiUmch\/US3o7nq3v9LULzCww3eZi0eEKm\/gRdUtEwAFwJiz88Mvj6fsCQ==","phone_number":"RL8uxDOvg+SVDkgm9\/6RlrxA6y0VapZBWDtfDrdxixRqLiSZh9+pFdNWQJL\/Ntq14KBl+T+4ukThhEhx8ZDo+A==","last_amount":"","last_used":"","promotion":"","status":"","comment":""},{"user_id":67,"username":"RJ+6S6qJush8utqbtCVe1vagkFNQ+c00TLi2G3rwylpZgdcgaUi8Y2+9SV\/d0eGYepIqsGZDVvzXIm0e7Hsotw==","phone_number":"ppHP1yznv5FNJ8H1myai8zous1BuIuT0G+5DCdk7hdjKOisAeNxy2avljaPNqUCemtnqf0Lqorulw78qfWcnvw==","last_amount":"","last_used":"","promotion":"","status":"","comment":""},{"user_id":68,"username":"S5EqWNOWLbca6wxQUhsbN3aZQtD9xW4vJ1UbCQMUFRnF2OdxYY3BnYofs9ADovkykmz2YNIqZ3\/YgCgiBGjrPA==","phone_number":"CFFPTRdrCx1stnFN9gF2m0b0JPoS8hP9HNatCrHgnETM0jO2ajZreGNcedtSqaUnR7l4QBhDtg9dUez3U+b\/ow==","last_amount":"","last_used":"","promotion":"","status":"","comment":""},{"user_id":69,"username":"rv1ozvBOFTW9q+qYcQfDutuQNYXEJbgigsQvEiNrdrtwYfD5OuFv3b\/tFFAOAK0Y466JOOtLVItyCYQI6YqHaw==","phone_number":"mdZwpEGs0AKMrNTkEIWA6ndTb9x3jPQGE5IQoFEUmKdEQfKDjXzk4wH1Q6n8QHe5KrhYI7rdE7BxtLkHdo8c9w==","last_amount":"","last_used":"","promotion":"","status":"","comment":""},{"user_id":70,"username":"JAyPUSMnNWTs\/YcW329+PgdLBNGcTCe17rPrXHq99Z5TkIF125PQbxokOo1PF5ige1JGpUbJFnU8IrhVD1q6ZQ==","phone_number":"KHfcRwFjfodSQK+wTLznICF23cdwS7arWteYolLr4mXUwW7oQvpmG7gkhXHPZPnMzPeYIHRHDH3i28IvCUbqOQ==","last_amount":"","last_used":"","promotion":"","status":"","comment":""},{"user_id":71,"username":"whrAbsuTkm4ySh0cCglOhZ20OCW+GoOAvcQPJKbnRmI8OGhqSVsvRugHEg9EojQFH0wBW+k7Y9QtJof3ZoimxA==","phone_number":"CHBTxPeRD4ADh4eOq177gS4lgjwmLbUUmSV1Ky4Sb8VP0yw4dc+qpEvZY5\/69hmD5oVS6OQDVmmvDCKpld\/WWw==","last_amount":"","last_used":"","promotion":"","status":"","comment":""},{"user_id":72,"username":"+\/IbY5YWPu7P4zcM3SdEA15N+lzGKk0Tb6QmvFnYccwQW5yDPw26cvtU97zMxHuPFueuNubzsP8jJX6eRZYGog==","phone_number":"NA94TtipNStQuxUDvhLqucpOvopafnAdxo9D1taApGdgK9MOh7Ab43QhHz1qoiRr7p6DoMNamrR6T3hVi0vq\/w==","last_amount":"","last_used":"","promotion":"","status":"","comment":""},{"user_id":73,"username":"\/BhdDxGtb+8cLrWBqxA9xndQVkQ3xhkd4hJy0DA\/9z\/NmCbNbpZ7SrqQOy\/u6e3gl9YJqLMv0FK17EFO2MDEuQ==","phone_number":"b4eSmQG+NJpJAHTxqr1DpJYBTO8fHO1nAe7a6SyDeFbSv8r1jM48t749uxQ6JcM8gg953bxb9xZceQWdPSfpCg==","last_amount":"","last_used":"","promotion":"","status":"","comment":""},{"user_id":74,"username":"Np8JlavVkzxZT9NO1uR9xYQa45zOFMcJ+hOjkqp9\/EVjDeCVhEyIE10cmhv7PKMWnHetJMCRQ2x6vsHDiAmGug==","phone_number":"lrbUWZgcRU8+g9d9C5OKlHvA6q8r1oAQdSfeQ2v9Xb\/ob8bAZy0agjRDIZgvA80nLa3ixDZdH4OjTzZ2s6f20Q==","last_amount":"","last_used":"","promotion":"","status":"","comment":""},{"user_id":75,"username":"+3DV5SBWZsPyJixi+53nCW2F1WeEHJ7v7khbu9p+i1\/Fd\/J6i5sVzMruQgFupQznIX\/OOeBkQpQQw96tTb5TnA==","phone_number":"G44rbwoe+LNo8fHLQeDJrJZZmIPIH6kTJn1THu2zU1lLo0\/07VMFVd6yW7iHHNmULdXfeEQfA6thZY8f9b8MpQ==","last_amount":"","last_used":"","promotion":"","status":"","comment":""},{"user_id":76,"username":"a2HGUIOpWdyGIhqoyTt571YQG2knh0SyVmyNf4Y\/cSg2ipljHtzbOB\/0LPdUg0aazPM5vgCtnnb0\/y4uXkxFhg==","phone_number":"RzW05i1\/70cJBjkq1kdcDZJAb50juseuI+A+yvLAXT2NkrSdnlTqi\/Xlx84kQ8DHQL9b8gwQ\/dV7RvKkgKP98A==","last_amount":"","last_used":"","promotion":"","status":"","comment":""},{"user_id":77,"username":"Z4HiScjQQjigwNZzEBnW5O4lb5hauNzHoG55hELhMjoTZ9\/WdA+OZq2fxmeazUI56svnpis9gh+kSnzpMSiaNQ==","phone_number":"xhiADLGToP9\/6yteYDGyK56rkpH7iuloc31w+zIhP\/YcZEn\/OcDzb+4fQ6gq0yTQmJWHI74RZYv1HvS\/Nmgtmw==","last_amount":"","last_used":"","promotion":"","status":"","comment":""},{"user_id":78,"username":"rrsW6DvB8tQdepINalVyPkUi0JEQ52v75ny4o2H6GhN7DCxaMDcZXBWDmgxyPwvNo7fhRGLlB0VzhcHOaG4Wsw==","phone_number":"6zekZqiwXtXnlk5wcGOCTWMWFjudeVE5W\/HM2H3+JconQUNvgaQaCVYn93gYv4O\/fqflGQrrgtrltzxvk8IbMQ==","last_amount":"","last_used":"","promotion":"","status":"","comment":""},{"user_id":79,"username":"DjcV0cK4NXIZAfsTIXyDVDQJEroXEE\/\/UkWF+8bHTgCaSsYQr28Ztfy7me2lgi1s8F3jKrN2LSyM8nEMlt534Q==","phone_number":"kKHob97qK5BflkeZBnV9Q\/cL3+2QxJ7chON1fYL36p2fGR3cLL2bTJP3+Yuz+PPcbR1X9mE3Wx0nxsy0yaN1cQ==","last_amount":"","last_used":"","promotion":"","status":"","comment":""},{"user_id":80,"username":"iWuFk2Eyqp+\/ut7nO46JIC3Sl8fu+J2Nw+SZlMuRtEf7q17tinCbQ9yV4GH6AYYyc8h33Zw3L8VRdVGrye7a2A==","phone_number":"sa\/OqDB6MEKOdcwfCzWktJY86bsAMGm6GLai0JKCfUuzctuzgY5auC5QSmE9PwzU66ilN9wXU\/7huLp0bItRGw==","last_amount":"","last_used":"","promotion":"","status":"","comment":""},{"user_id":81,"username":"nb0IA6pbOFlgG7WWCWCM7BU6rVttfRM8AIAO9tRh29Wz9YAluVHvx3lp\/D9Zup2cGUVEPn1RIaj92F4mLpQSlA==","phone_number":"fIJvkVctv4Czl+25UixIrfuva0oWM\/AcDSjPORLg69b06l4GpdvnohB7GVOQOoeI9+OvyiSauP67LHYiYEQQOw==","last_amount":"","last_used":"","promotion":"","status":"","comment":""},{"user_id":82,"username":"vkJYfcMbo4FTQZU\/XS01yFhbLQYKjcPLfpHCZtjFGcXjru8sljl9PeGsxwpBUYW4Eg9iiJ2zlB\/wmPzUCRKjpQ==","phone_number":"F0Jwooq7O\/4S+fefvsA3zcdoYEbvFNe1Ynhxta+lylVyoC9PJwYfB4tqDXCWyKvUKJXB5n3VW8VkybW\/JjJgyQ==","last_amount":"","last_used":"","promotion":"","status":"","comment":""},{"user_id":83,"username":"dqjAI\/mSUrwcCHYbSgcNbyH8Futz1EdjMBYHTISKjSmcKxBQGebrsVzlPqJmDZMUgUlvu8BauHRnOD5ufKeCFw==","phone_number":"K7P7xtoC1XhnpN12PwuujLOdTvI9AensJWHs32TcuzCR7WWMwuqRrBiCe6Avzil0riPEZ+bn7ML3eXEBmstpKw==","last_amount":"","last_used":"","promotion":"","status":"","comment":""},{"user_id":84,"username":"+GIu3SWr0aefzKa4lOQjWCjcLHRD3o\/1vS0NZDHnfGQALUWJDkVtfYw2PFQjFdWzqL6MoBmaLpxIlYDVeNSWMA==","phone_number":"M2xK+3j4TK2M3dcPY64l19ckKI8vKDGw0r0ZoLwVDnWcENY8OKeJBq9KybwQfVb7g5Nl\/ibJ4drDgXl9hM6y0Q==","last_amount":"","last_used":"","promotion":"","status":"","comment":""},{"user_id":85,"username":"rymMKmmv40VYXDGwpDXmmPmDTypF95a0ZbRmFeUD6BJx3xvbf2IUbHExULmvMfaumEt9MIahHJLaI\/4e1wjsXg==","phone_number":"pD39zmNsm4Pjlt2aOiBhpshQ4VoCSkvhF+hIAdWQMzlxoQx6i8ZpFxjjs03MmFK7upIQn7fqFPFelKw0nB58DA==","last_amount":"","last_used":"","promotion":"","status":"","comment":""},{"user_id":86,"username":"nHirjoevpXe7BXYHl8A02iIVkurbddiNXO8hkL2LYsDe+JKcRtZ+8VX2a90E8yCp6KI1CE6qOQhS8j3PmmWsfQ==","phone_number":"Ns5pt4ghTDULHq335pGJSTPtqqqE2L2H0mKjr1vr4a3ieVKkQlLWOa2HIlbdUYd8oTOACpYUXhxnrvKKUmA1sw==","last_amount":"","last_used":"","promotion":"","status":"","comment":""},{"user_id":87,"username":"DOL0HhoudDdTFaW\/jzQ7oNfq01a5np+okbH7LNwRnpxBvRz1kY+MMqFMeR7pMme1LkXegOWTqOQh4nsWdvXuAQ==","phone_number":"K23qCsK9fTQAZWeh3ZCIV5IN8kkY6wt\/ZsCgbc6wb6URB482lWdH1entAxKXbv2f87oHr36DzhtCOK8pRaJbug==","last_amount":"","last_used":"","promotion":"","status":"","comment":""},{"user_id":88,"username":"wCl3EAZeiomfqhZB2imMopEDw4C9IEfxiXiBGFh1ldBHYvuZloU8CAv0i6owHIvse9kFxJ+04ThSlHUYpV0bPw==","phone_number":"ePtaCNJcjydQIQHzKBHet1vNT0\/HHO\/tPQRRB3RKrmN9UYea2OgzxaRMZHm6dqQniQa7Sa6eJ\/9+ifPlW4Cmow==","last_amount":"","last_used":"","promotion":"","status":"","comment":""},{"user_id":89,"username":"CWoelFoKBfOkSRRcpSZt1u3MPdI\/J3o0F1vgSpSryb83cGqA7zdgPKS\/xcwETLkbOqALg5ZufeEVcYKVn605eg==","phone_number":"dRJw664Ko6Kq7eZ3QBnsZ+B3U0JB+GwZKBXsr3xWa64SJkW3VWncb3xWwdOtjORJVFY8cD1JlRiYrX86lfazlQ==","last_amount":"","last_used":"","promotion":"","status":"","comment":""},{"user_id":90,"username":"TmEmE1EZv1I\/aPRQwsssl229d5hjGm3C1++aT0V5sBJaMWz4GIytEl8hxSJxwLV4xbyT1lGq3RfXdyS4SmUF3w==","phone_number":"7uoRzLq3rqDHVf5phzSLEfyFGkGMnuir1j4C8Diutopd6wTfMG08kIS7tVYdm21kUF5YW6F0O0pV49O\/FLUYmQ==","last_amount":"","last_used":"","promotion":"","status":"","comment":""},{"user_id":91,"username":"85aYu7\/pbIlSo09R6AB1KRA7SO4IKq7MICLz9h6PkuTcOffxQkL+NVQ4EPbF0gjW9NumUlIb\/RhLxq\/6YrmLLQ==","phone_number":"enEyyNwDBnfF5Rs6hm\/rlG1vN\/QocyXgarX3FeL1GCkCgcPKySzjnq447VTFIamWPjkSBkhkiHH2E9ifhVcSHw==","last_amount":"","last_used":"","promotion":"","status":"","comment":""},{"user_id":92,"username":"Ar3PyReM+JbWj+2aKMwwQ65+hVTwU811EwxfmouKuwOrNHcksa8Dl4adBWwGaCgwiu5IIQVbpsWvz1qLpKCCHw==","phone_number":"9rVmzZ+M3yqFgVuBnDirLsy1in0BhT5sLcx1v4JeAgmdnXMgvemr7B4uiUJpysOU6ky\/zEtpP\/jtyb\/FHnhIUQ==","last_amount":"","last_used":"","promotion":"","status":"","comment":""},{"user_id":93,"username":"WO6xYhs7Et015Yvz7CMIMrVORRNaNedX7DAwH7Avg+6jWG5x18YkKCSZiSjGoNCjEfoeF+SyT6sJPAx9vtsiww==","phone_number":"5PP06dzqhpzb\/09E6IDwgBvwGyARwg8qGw\/W8f9i0BWkq0NQK6qRU7YJ8PNwuuOicRDRinLP0wOhJjilOwOH4w==","last_amount":"","last_used":"","promotion":"","status":"","comment":""},{"user_id":94,"username":"7xo8r1Kn59JbPnA0juKzuQ9dKyOMMBwOv7\/BItzHrd7Iyoe7k76OlJKAqmmvCoOtcgTLK10qU2rVLF0VHubGJw==","phone_number":"E6imtitkXut3HlUVENFRXBe81Yeaaiv8VBIcHJfjfzTwydVnhnPZdHiOTWcuvbjqptTOI3P2eIWqgjmNImgvnA==","last_amount":"","last_used":"","promotion":"","status":"","comment":""},{"user_id":95,"username":"P4e8i+kj5tmqHHUp+AUt+L\/G0OyjD9DHbYCtkh+XI7acgyVJkpzKIotEIATFbM1vAvQ4UF8UXIhwREPzpG\/fbw==","phone_number":"gVEcUeqJZb0Y\/onAunvPt51VHbS3Cif9A0wp+1koNwlFCSsIK1FLjgftE3nbMhBI8wIJzjXLRX6CjM\/J8OK0pw==","last_amount":"","last_used":"","promotion":"","status":"","comment":""},{"user_id":96,"username":"1zIZrO8eRhhLfr1mD1g2PY1l8yrCIWpawh27c0xLMfPGqvJy9qbgb9LV8BTIFo58DuWm+C\/fKGV4rh8tKk65Dg==","phone_number":"Q15ia9AwCaWAiFnEw+InMfCzPw7wRUh8DpKScdvpqEKOHyXjq5VZmRfcxOOHA\/sPPxmh+sPHuib0Ks+2tEX5wg==","last_amount":"","last_used":"","promotion":"","status":"","comment":""},{"user_id":97,"username":"Io9k6pXyi4G8xze5fSCMEN45ejwcjgIlHtx4IflWT8OED7HGBFhwwFJik8P4JqNil+UfhgayYwIUY3VxeuhtZQ==","phone_number":"EnBH69d58zsOLPTaa3uHy1U5EOcovOhuJsQwYn7rfrB1PWBYYMDCjHzFpImqKRrzdbjZ78RACwgQ8LaGS0G0SA==","last_amount":"","last_used":"","promotion":"","status":"","comment":""},{"user_id":98,"username":"lCslQx05bNG5vDQQplkrtxrttjiMLVEc3xAzlpuPtgo8Eemxjj9F7SYijcXmP3k0xx9XpLuh6oxbIPiImYXWhA==","phone_number":"0O12rHE8yWK64UG61+tNK4cFpkClPu9ZoAahbEJJqM5spfxa7krYOjR8Tt8QG0dOcAxkrpqziZTp7e6j4Nl5tg==","last_amount":"","last_used":"","promotion":"","status":"","comment":""},{"user_id":99,"username":"QtH+79ciGNATSSwEyWgJF\/7Ov418zFed6Y92TAa5faks2WZ+kQ2sdWhwZuqmXKIdmHve0hNsi4vRr93tn1FNQQ==","phone_number":"f34rdZEx0hsEXsj1I9XG6F9tO9o\/m9liRVgQu3M8MFqZaxHHTxoMKRUGXxkNub\/jioZoI4Z7JEZEf0eH0BmCFA==","last_amount":"","last_used":"","promotion":"","status":"","comment":""},{"user_id":100,"username":"FWTxXRkLYU2zosGVQ+2nwtuB4wS0zLvCxfNkBOAsoqWr+DATJSWC6l7pY8GvqaXdPPfo89VoGhe5qzq4QVu0hQ==","phone_number":"yXLRjAyyD5ni8CK7jsH7h0nh0oRaVOy3x+RBIXnEXrHbXwXnXTDzbW+R\/1uxATm0ot85MZtWtPiXzoStsa9CTQ==","last_amount":"","last_used":"","promotion":"","status":"","comment":""},{"user_id":101,"username":"CtqIqeNVMqfaPZDaMwSoIIf5kb3FCGwjD8Tmv8rsyCqQgVYXA3yJTH6gflKM\/xtIIsUenfoustdc53YrOFtBCA==","phone_number":"XhjGLO97yLbIwbWqD1ZvdpuVxRgh8cZDakHjR1QxgGrXrzr5PDbjHOeJz0PEcse1i7ymPvIwEeIHOk1BS0OtBg==","last_amount":"","last_used":"","promotion":"","status":"","comment":""},{"user_id":102,"username":"32vet8r6xJFhcN9ApCOMfRdE9K1B8RePSqBBQJvBIVHD39Ea6rc\/2Zpzd0YTw7ZPFI0meRuuLu8q5rzGSucKXA==","phone_number":"ePNFSrmiWUAr8114ljP9O\/VsN78WG3\/L4I8lH6CTMVrHnEnAtSwqOMC7CD\/gj8HZD9imZW5eamCxjrPldD3bWA==","last_amount":"","last_used":"","promotion":"","status":"","comment":""},{"user_id":103,"username":"LCwtWYZVWOzLLxMgWNgsSxWZcqxtLrQgeNT3F1FBUGRj7YUfW7b5VsR0P2ItaY\/V9wOCOLLp2HwTovdXehpIAw==","phone_number":"DDa9TkI\/++6bOVxRcuQme9N7c3QYqdAtXjbSWaUv6DGDzjoDQNiCIHAOTcDiucwTyaNOPBFy7iUY2q9gc9nlTg==","last_amount":"","last_used":"","promotion":"","status":"","comment":""},{"user_id":104,"username":"WnEtWJeCgvGBtdbgPP5dqoKDTWI8p38klJHX3nJdKdW3tiBYszn8cRhp5XvyrV\/wQnb9d5B1m3\/16i1U7UwM+Q==","phone_number":"07QYjn1wpfgMMBA9Jg7m\/Xt1dPpSNH7cQmBZJBl5TAfxFmh7jphUzcsUIUWScIick1woVmOtH4qCygCJ6ygRJw==","last_amount":"","last_used":"","promotion":"","status":"","comment":""},{"user_id":105,"username":"bbXESHdFJ5S\/ZZFqIswQ9CWSGSKT7BDnRmFqZe1uOXP1DrulbU+mGxW7n71a\/9Kfdjh1ix1B6EyGabXPlKlUag==","phone_number":"QyZf0PzjoOGV\/ZIIEPB+CPEVlobm66ysgjF1hI8xcm5W+HzTY0PSvNw0dHoJQ7BoxIMUS+IbS7dL4LTW5OpCDw==","last_amount":"","last_used":"","promotion":"","status":"","comment":""},{"user_id":106,"username":"czGxOns8RcAti6EFKjMIYn9FQD5YDaLXG5F3gqNImwfOM0PvJC0wYnFap4IK99FgXu142bPrjRQkSrF0M9EPuQ==","phone_number":"O6LaBb1Z4TroaEj6vr\/mNLV2uUpa8mFWja01HxNVuguSfaB67Kpspgzph3x0zmB9LDHxeRIqPquZrvSr3VDh9Q==","last_amount":"","last_used":"","promotion":"","status":"","comment":""},{"user_id":107,"username":"aqyJJmtoWSuOUjifNsj1SVHi8cUqtWEmV7asnUpmUKZ1pnjA1B2u+VrYL1FXipS+JtVG2Kege7aWTrM2+wUk0g==","phone_number":"xQpJLzXjzJrUsH85OuEpGsNVOiKLZCADkUjcI9DUOrQSFEbI1UGJF329pOa5aXgZJe+fI8h3McBYAAJcAP1k+Q==","last_amount":"","last_used":"","promotion":"","status":"","comment":""},{"user_id":108,"username":"277cC9YEbkOKjwfSMzBGYUtAmeqfufthNZsUzttIF6Tf7bKcr8NN6+WPMQSwuPDYTmTLYo2c6UjxtMA\/mUnepQ==","phone_number":"a0a0H5rWqCc8XqPp\/rr1ohLCL+10y3SLC4tskFtuSBEN1VUMfjVDD4O57BIy1gqX118c8SgkKu1oUZc+RGDyBw==","last_amount":"","last_used":"","promotion":"","status":"","comment":""},{"user_id":109,"username":"kFGnAWFHikdcUc0SExoMDAw7vfI1mBHpFQFgtsf18MVP72nAOUYDhfXuAHavFCNyo+aFIWXu7+RgPxlqMuR6TA==","phone_number":"okOzCT1BF20oZtfun59jJUaZa2V9Ns9ElvmVq10l+PW\/cZDixrPvC\/vi3sV9UXzF2Pyf3LXISS+zLoudP0juQw==","last_amount":"","last_used":"","promotion":"","status":"","comment":""},{"user_id":110,"username":"RWrR9t\/oHCQm5kcNtPpV6QBtJLVqVlGmr3BZRnjDw0eGCHv6xcVJv10c0O5hlIpnlrsoXN5NYHXW1ROvHj8epQ==","phone_number":"8XJtysv6Gk1eU30zfJfs\/LdrlJ\/aYctPq7ADJXO0OXXoeqlPu0KG8jBEaqWtklMdrOdL8I3zrj8mWPHWNEzF3g==","last_amount":"","last_used":"","promotion":"","status":"","comment":""},{"user_id":111,"username":"vJNjRLHLzBUUWI60sFVUgmlHEzpJGCJUKRirGEox9vOOsUqT\/AALEVXILhYcqpZkX+anMqBHKwmlUWGYiHeySA==","phone_number":"eymq5bEcOp0QJXif1Q4joGZbxvkrPfRiJNSXkjN4MVkEfDNlDNBdchDaDspmugXByfs9leqEmRjIQTRv9H\/FGA==","last_amount":"","last_used":"","promotion":"","status":"","comment":""},{"user_id":112,"username":"+Sl9jCM1ki4uYuGNcg2mpZ1\/lLRn6tTw3wpUvAr6hMH18HQe2wW8A5wI1wqXxCX1xzA\/66PX2nHKzWHcFYUJGQ==","phone_number":"3nKxNyub+VpK+XIBnU9UNW9HlTH1JxBTAhIAxs83Gggy4Z9eGM0Zf0kvGKuLGUgsmNtPjYbq8ZyoADbKU24o8A==","last_amount":"","last_used":"","promotion":"","status":"","comment":""},{"user_id":113,"username":"h42cAgOkAKZU3l2qMCsFFEy864LLzkZ8biaejxKUFmpIKwQOi4NN+K8fP4+ZBugDGbgmM2Wyg189PNQKtT+Qgg==","phone_number":"sdFsGRDm+K0YSLDrioM8Cgmvnb2XYqWreQFn5hCTAcFB20rWQ7z+4SaxnFzN9EKdfdM+kQqsOKdx0Jw1sL5rnQ==","last_amount":"","last_used":"","promotion":"","status":"","comment":""},{"user_id":114,"username":"SqKnUJgF2f+G1KvppwWZYxwgQz0CjrviKlWSx6iyixu6aBYFHvaqLoiSXJQqHQFSsMIg94h9lxUGYJIdv2Ligg==","phone_number":"aVFvkXcMFIfyng5Lthx6XM26F8Uo0IFk6rs5Ks45Af9QRBXOuJC5XWHnYaZh0IjvjKodNw7T7cmhy5AaLfIzBA==","last_amount":"","last_used":"","promotion":"","status":"","comment":""},{"user_id":115,"username":"9K\/xJ9O36HFWfBuDvuskcyX10tkBKI6SuV4EPTWKv1yOFoSO6DjGv6LLKNqrROSxQ11IpKAeKl\/RwxR7ZbOU5g==","phone_number":"ylxKG8cJEeiUvO7u3v5cvVYL+LkIV1dkLdnqfP2cW552mhzbF5zjHNWxJMTWP5Mr8A7H8\/UJaejBpqu0crLwQA==","last_amount":"","last_used":"","promotion":"","status":"","comment":""},{"user_id":116,"username":"NWMvRREXND+WH6iddKNU6xxn2wbpylr8dApvV48dkstXxsHr417eB+q6XDePBtIcpVY24BtMeACiITLcu\/s4Xw==","phone_number":"WP2BFor8og9YuCzaZUeVm7Aqg9M0HF+oevLTvQ8f7+Nv1Ou3S2EZjAop\/DRnxzfpcUBNphuOpndyOTzQnIO\/4w==","last_amount":"","last_used":"","promotion":"","status":"","comment":""},{"user_id":117,"username":"HvDizMYqAJ6uqaFABKjpQOMzcCvejW1X8LhnMapkaSCsI51LEEu18538BijCHU9rGXiNDFuApk4T9N7TlCt21g==","phone_number":"s5A4LFRh6jAEZRBlji+ZOLKfdq8fnihyhVP+8m26lKpajHLTwayPPP54XqCJgm5jKefMVV5tdVocPdCA59YdWw==","last_amount":"","last_used":"","promotion":"","status":"","comment":""},{"user_id":118,"username":"sPjoSp9+Ll3UkfwU5Kmbwqyct5U6y9y+D2x0Op055bMJ8XJlzc0VTWPg2DbGvB8+0RbrXaA\/Vl0m50OKoRkqjA==","phone_number":"Wf+OcZC3UYeDDiH4q\/gcuqPkLT2eIqBVQE3OOQjamptUUOQRr0dfttE22FQhygCUaFQoA0RULjpnrVYXptF5uw==","last_amount":"","last_used":"","promotion":"","status":"","comment":""},{"user_id":119,"username":"cse9XwVB3+zsUJOQe6Asn9LnSlwUnffbNr8yTuNvVD6\/\/3moa52hqwpH\/a2Yr+sexMeDuVXlM7L5yMfdYiZjGw==","phone_number":"pzHBjmj7O0DSks6DPD8GZfMhhicdwubLVNPy6l2CiUlrEUqEwdK9HqjQ9+OKshV3DXM7bk7ShC4tR7q1\/v5SZA==","last_amount":"","last_used":"","promotion":"","status":"","comment":""},{"user_id":120,"username":"5qs6g4iLoCWMQ0ReQ9ZCAvI9B7mBzrb0MJQcHj0QJNuqOtO1MuVd++4tnr6qraYaOiGRsW+48QrQ\/EJW9n5eCA==","phone_number":"iXOLrqZ+yFWyCcYuMAQA8vuem9h6oGqUhDTjR5dYL6gCyxa1kUUDAZwyGiUsUlu4PvAjqhhq\/58yGC6uffCiGA==","last_amount":"","last_used":"","promotion":"","status":"","comment":""},{"user_id":121,"username":"bDjV6xg4tLKE747h+7\/qPpmd85s9I\/IBl8VKQSAtdefllQLUBbXjVlvRQzyIWt8M8kbudoXM6wwIQ51ONKNyZw==","phone_number":"4zJC51s2OqQl00Vqv4QFR9ND3pVvl18NTyyGl\/U8UeoIoZ5gcS+EFFQ7\/csIAIOSl+BO2YPP3Qy0XddiqSXXLA==","last_amount":"","last_used":"","promotion":"","status":"","comment":""},{"user_id":122,"username":"OoqqRaN\/ju0C\/hFnYafd2zN0LDBCudINt51uD5uasfIgA1Ud4W8NBYopfdeyOAww5E1mOmbPQTO79c3NhUspvw==","phone_number":"vsotZQdOdtJps8A21m+NMI0DyGtZqsoF1F1+U8oFv7Gpllc2j9b0a\/pa6R3y4o8pwXy3hcid6vybWQN5LMS5lA==","last_amount":"","last_used":"","promotion":"","status":"","comment":""},{"user_id":123,"username":"verZ4esRqc5CcCL7zSF9S5mEkNRza5An6t36F7fOqfPVlgsp40oQHNXap6xeHVmbePJ2VnpBuwhzfFLT+1fGnw==","phone_number":"w8EEVuBF4d5Ahlv0U9\/+x9e6CPm0NXc1OF7rFNnwma+HJdf2JhXLHahMLmYTJkSQdJLfCret2p1YQW6VDGx4Rg==","last_amount":"","last_used":"","promotion":"","status":"","comment":""},{"user_id":124,"username":"I9whk3ppPztFiRyRiTElzIPotu2DFu5fI4010fQFjFiYYmCOQyslUw0RO2dxHoBD3dvFKC+4HBSe29l+3FOhNg==","phone_number":"PavBShkqETneuV2aCxZ5IxngafKGsZepzKuVmUMIlCnKEwYo73onEoui4ULul8TWIKobqwBUUY1AKe5E4Oqvug==","last_amount":"","last_used":"","promotion":"","status":"","comment":""},{"user_id":125,"username":"V0pAXEq2kY01AT+YH3aKQLarpnrPbjYI2nYTbF\/YP6rgkKGVfvmN5ifrmybqE29yE11WyYa\/XTTXpnROT2gMeg==","phone_number":"k0s0SC0QssdRMpOsch424vQTrGR4HsXXfiRFL9RuU5q36TnP9qx8KNs1LT0Ohjqs01CnFiG8tFEZpHAEmg+Ocw==","last_amount":"","last_used":"","promotion":"","status":"","comment":""},{"user_id":126,"username":"VehYBa\/2pAnpP\/c+6Mhx5fKzb0SbzkCv0Qe7QeO\/2AxPD4HBSejppD4oVQYsGTINbqjj3ltGXmyXjVeyBoV4hg==","phone_number":"T3WEv1ocNUi4Y9M6zfq7ZOfZ+o2H03RbVgbHWj04jz9kkN4WAGbCrxNhldSCha5z8JcmSKjAVFp8HKhNA+pmrg==","last_amount":"","last_used":"","promotion":"","status":"","comment":""},{"user_id":127,"username":"+XL1KKOOWDZQtgaFAg0peIm605G2jT5Y\/pXblT3aKNU8Y\/L3Wbnje7RWvNdUR1JhuZ3OlCA3BS15S2LXtQzUIg==","phone_number":"\/iukbyQdQZg\/U1E0H8nVf6IuXzJf4EriS9g4Hq3Ki4V0it3LQUx6tDS0vn1pTF50gogfVkav5SsuHwIRhTs8CQ==","last_amount":"","last_used":"","promotion":"","status":"","comment":""},{"user_id":128,"username":"pGj5D0lLJzgtWPgFaJqdLgoUV2n7H\/959m\/cz58qBwxjNxzDh3LaTBj0S24xsM0Jyiu6nRpmxP3UPX+1XU7Fbg==","phone_number":"WcbDS+odHN\/OOcko21SXEhVIKXUdKQZ2ylsBjKribH6JoirKop3KaTQtAGbuUGtbeNsKn9datbSmMPqEolaaZQ==","last_amount":"","last_used":"","promotion":"","status":"","comment":""},{"user_id":129,"username":"FX6efB0U94aGBzbT96daV8R35C3AKQNkZE9gEaAmv\/o+swTGUiLEwnBIp\/K3jatU9dXdVipTtilFKILW6ZXbRw==","phone_number":"dakNLDLVaWe2OwrUsx70Wui+EcT\/\/jjQI7hc3rvHTXsbM0TVfHBwFEGCZJV55qPgzARz9MRLd1gteNDTEt2zaQ==","last_amount":"","last_used":"","promotion":"","status":"","comment":""},{"user_id":130,"username":"Thl87r22y2jLlGSZFa2zWxIVYgOTA55GwRNqxAFrJq\/EO+yAAlfJI7cr\/q9xklgKT09JoJE7Cn+GTHrT++07cg==","phone_number":"DZFy8uoi84jy5hYjLU6sUEBIk7fV5CZV\/8YtAbEJPzccvnUPcwn03xu+4bNWltC7TZP6ZjaZpuiV7+LvDQ1uCg==","last_amount":"","last_used":"","promotion":"","status":"","comment":""},{"user_id":131,"username":"RztZsYEQD4Md2cYW0mWPpVA5n9tPZARVhbKFPw9J+pHOvXculPo0KQh\/28mnKq8IqxlmwNd7O1HVPdgkKJHcLg==","phone_number":"Knsob\/V5Mo\/kMz6pwi8j9xLgpkG\/0p53X5TOUL7NvMMEPeV7McC0cLTO9MM4X7bmIl6GY2n8hm30R3gTXEfS+A==","last_amount":"","last_used":"","promotion":"","status":"","comment":""},{"user_id":132,"username":"AeaXAC0+papa28jVBef\/RZP13ipaVyBTaHpvHq8IEYpNvpdo5fNEM3nmOVtDa8JqIYj6yhUXCd4Y+qbLbZaqkg==","phone_number":"il7hW7ax3uxyR7Ula1KlE3Lzc8\/zl52Zb+HWFUx3G4uzJZ0j7xJHphYL78339zQ39261lP6wTGyUVk3uZozI3g==","last_amount":"","last_used":"","promotion":"","status":"","comment":""},{"user_id":133,"username":"ErN8g+2vdhuK3caZR0WDGeiPoxj6wgsyBT68SI\/4\/ITJnUmzlMeGc5wp8opMxatEpmF0ZMTbXx1Oi6rFm5pAtg==","phone_number":"fj\/MsH7FF2shXMmdem8ufCXCfY2DhFffQpvzf\/EvBUnxzU8\/uqaPRjY4xAHNgoCMNV4xwBDuW867qwf7qGQMyg==","last_amount":"","last_used":"","promotion":"","status":"","comment":""},{"user_id":134,"username":"4mSVakX\/BzDm68ExzsmfgLpa+CGArpBVp8rqE4zFRLXnp7+W0KwRru1xTLulMkovi96+Biv8am5AKzFHJhNMog==","phone_number":"AGjAOrpHGtdGl6W0bLnD9f5nPRcpythTYCaLkkz0Te23HeKloI6dSVFpKpyAJF4u0q5Uic2AdCX3WR4WgryvRQ==","last_amount":"","last_used":"","promotion":"","status":"","comment":""},{"user_id":135,"username":"T\/+p3gCasExBcjDreCHWJo\/JYa64\/3vgDa\/f0dQgp76dWxdGUxBBJYT2xSSbxKhs6cVLUhdu1HzrHqhWbc2BiA==","phone_number":"\/fIjExcXY8RAR2eOb\/3wzExT1rZYSKw04P\/m1tLOgYaOy2T4ps55it8loEQtLU5Wn6G2uH0cDiJL\/bclpm9fbw==","last_amount":"","last_used":"","promotion":"","status":"","comment":""},{"user_id":136,"username":"MTiLVyrh+oNdVRf7ITMRqf6i5HWxezNqXo6VRlY\/HOsVc3ialouxmEiBdXKeojlWs87kFdi5bDjCc94FrqL\/hA==","phone_number":"9Sk7oufQquHC8\/Rk+jRqqEBjOsIPErx0d+f7y2wO8ou2s0eIBQ+6TD4vp2QyWnnRUjXXUiGGOIAX5Mpf6q5slQ==","last_amount":"","last_used":"","promotion":"","status":"","comment":""},{"user_id":137,"username":"5fr2+hnDwjBP2etvpPvNlVwMzLM+bCCTcYgIF2L0ONTbsbv01quz\/LjjU9rX4UGxcyPYwneamfW5eg9OD0iiOA==","phone_number":"LpMV\/ysFwt2VN8eY9xFH87J\/VX6Tp2t2LKFeRxG0hg+lCL1+QhLTjyljx048i8AXTuN82GQ7XUMotAOTGm+njg==","last_amount":"","last_used":"","promotion":"","status":"","comment":""},{"user_id":138,"username":"jyLcohOOLvcybqtv9yjMs6HA57xZZ86WJSITf+pgAOh3\/n9mLFbvB6Gq+ZKehDBNyeAqV+vz5m3IhoOJKO6X3A==","phone_number":"R33SxjSnbymmIPNsf5833HnclUGYUdlB+7WEsA493GHL3nyuhELd0dNPV1QLfU5OuwMqO7lPT1SwwATgEx3eVg==","last_amount":"","last_used":"","promotion":"","status":"","comment":""},{"user_id":139,"username":"2zi5galYJjB71djwJjRDmrzHIsP8FtGhvczuDO0Uu2AtvDBsd10w01JYMp55FSIRrjvizdirPUMepy9cjop2jg==","phone_number":"iA88wXY8BWHCN6WWcW3ai22MHAjoKQXVP4AwctuZgOt53cj5+wiZy\/BGgGqTfHFqt9UMpKHHypD0pVsR20uPcw==","last_amount":"","last_used":"","promotion":"","status":"","comment":""},{"user_id":140,"username":"2uZqKJyVkPiBFXq+VsBc8yfordU\/zlg+psjEX4BU2BLNhSiAiPoys0+o6sUT8pKzABKuXK04jWeKo62wj+y0mg==","phone_number":"zrDvVPAO5iMc7CqIqazUTGvLSzinL7Mg3sP9A5l6a6R6uY7Ygu7M+sznXN1S\/RxpCI0jEg2HBsebwwDiUufcfQ==","last_amount":"","last_used":"","promotion":"","status":"","comment":""},{"user_id":141,"username":"aeVEJ8JdmcheYPeHk\/XFkTP3alZw82nES6fXNTJHbIDkHW7MLPM0rD1y9fNXPlFWB61SPQPDn2DOOUv6BqXTSA==","phone_number":"xR1dv+EwhF860ugIQofzFxdxtGWUh9d\/HS0D7IZqJtglsiNK+pWbcFYHb5rjxMtULmNeBmP4gyu8gXQyPt6Wfg==","last_amount":"","last_used":"","promotion":"","status":"","comment":""},{"user_id":142,"username":"ecl4qM8cdPHIQPQI3OwsVqd6JQFvdGNZTiJeSeLQT2HoJoKB\/O6zhtzrnCOfXMHW6CAbaSK8xGgMtbOvQDq7KA==","phone_number":"kqBQKn4E+dSfoEqmzjtoL+gD7Mx3sCXXnOHNDC1MEf6MFoIH4VMXJLOe8fkEuXVSqZbIvsJsm2zXrbzb6XuLyQ==","last_amount":"","last_used":"","promotion":"","status":"","comment":""},{"user_id":143,"username":"bJteaLc+dzsvZVcy1Qvg7g0bbReCJnV1YWeMMZFI4gSzCnGA4b9nYuUgAok\/uUJdc2vmVGbgBA1aFzWoXKPNSw==","phone_number":"9HZVM4Ji5iBA4Th+ES1shIvYvZqmP3fZIkTp4M2H2lQQ41WVPxCO8H8Z\/LaLGy8sW4WWisxkQsnq0dLvgde2Xw==","last_amount":"","last_used":"","promotion":"","status":"","comment":""},{"user_id":144,"username":"UqLVuBbGFCEMO+3nwV0RuI23lZkmdF8AnKCOVjfJNqp9ouKVwc+B3za49ySvShHuXqvwl20LWUzC+AxAdZtPhw==","phone_number":"OKNBaR6up8mDWm3oOSR+NoF25kU3OHj+MdMetMrfQuVjFvQPEMNqMyXkw0UqKsBP+WJHOgyJHlFxMGGebQ61VA==","last_amount":"","last_used":"","promotion":"","status":"","comment":""},{"user_id":145,"username":"4AmX7EeHfZYWkrx3Rr5BxRxFHEA3XNjD7bVFSQSmY2RnU0DZs9w4uKJlb1\/2se6Y0sWHEabbcVRW4B8AP\/UiDQ==","phone_number":"PF7keiSyzxGpIsjQpXUG4bmT3BkPIasy2IT2cJMQIbdMFWh9JUtorl\/68P1J5RB4vhjfgeVNKVFXI\/taEhW36Q==","last_amount":"","last_used":"","promotion":"","status":"","comment":""},{"user_id":146,"username":"c+qcyU8lYTSfb3Dyaq1lwXbyRaJDvMiZrYvSEPxPtEWg3OwARRHd0qNI7Qcg27owTvXyvOCSYO3q\/6vzFA6pgw==","phone_number":"7JsVtYDWjpjsZlrFvFvkLXw+8zMf7\/BUserU8jWB8Rx2oYZYcwmd\/ORBNdNW\/wgoC9COypZtwz67DJu1vQfcxg==","last_amount":"","last_used":"","promotion":"","status":"","comment":""},{"user_id":147,"username":"Tp5Y\/UwMWiQVPuRwFFQYQxugIHLJRMRclaeZ1jEuAix54iwNtn4hjupyOdFH\/38FUCyyK4QVmzS\/b\/POz\/I5WA==","phone_number":"DOUTdu1XsJbw6UeF38Gb4bzYfOqEFloNwsq+54htEstaxoImo3VP07I5VJDD1K3dLN6I0Ee4ktjrhDpkutbvLw==","last_amount":"","last_used":"","promotion":"","status":"","comment":""},{"user_id":148,"username":"JoaNk8UtVUWPY3Negy48GW6MTbiZEIe0AwaKnFOvbiFZqiYkFAsorVQc\/y\/bbRhL8ccOOX7i8MEgy3svgrJllA==","phone_number":"F0pbIfGeOt2dw0uGmh\/gj7ZXZ0Udstp7YJqPrlXB5BfGhHFi9UC+Gqepni8Avd30BbTDEfGBlAczFxY1MMLfEg==","last_amount":"","last_used":"","promotion":"","status":"","comment":""},{"user_id":149,"username":"QSYEJ+\/e6kGAgDiS+igcmIgY5Edg+tuv1PaokXE2tF23ta\/tKsfElZvFhzl9NyKYFAKu7SCcDg3ONBA+WI3OOA==","phone_number":"pEWW\/r+qpNLUiGoFRgglXPsHYY88jiT3T8K1DeA3EGzgCA8pKK\/li7eHEnEoy6VXR9t9s\/t7tKgD4fwLzPlC6A==","last_amount":"","last_used":"","promotion":"","status":"","comment":""},{"user_id":150,"username":"zu730deAgw1B+x2+V8Cia9648OMtHQQeNrYHcskEN8KguK5CcFCion6ZwVa+sD7vNdd9SEkEMNxQ9dryuTvIcQ==","phone_number":"v6D7fwygk7GAHZcgN9RrcMU3vSFNeAAuz2nbBDF546i+Jy0AhOcY0IYox1nSFLIXd0KVoF3rx1QDCBBS0Yf2zA==","last_amount":"","last_used":"","promotion":"","status":"","comment":""},{"user_id":151,"username":"vvdVW\/K2faiwSPAzxeafON4OxW+XQgCD\/8+2jzTLX9yxK4sbe3KwrZAGfptnPHYFD9+5H5SDZUiqY6fTVSsPHA==","phone_number":"felix7P3H\/aH2cFANgZuaQgw34UqgCCprf1EFjihYC0UdOCD4raqjybXDPdqPyLL7RGP2uqi57vekVmIDy2ZSw==","last_amount":"","last_used":"","promotion":"","status":"","comment":""},{"user_id":152,"username":"DbohRaHVAm2nG4aWNYe7HHNqfIhRQi8jW71q+dXUY5qSrSDldzRol836+KzgMLwTIR3jnPNy\/XqaXfl6+QeSDw==","phone_number":"CqvTDQ6UFL9JkvdUYj2EVYQkmGHDUkYnk7n6KWy+pmYiyIF+\/BXIXYcq0yJGXnzRu2Nq5EQZQ7GMZ2BUzG2WMA==","last_amount":"","last_used":"","promotion":"","status":"","comment":""},{"user_id":153,"username":"DSI+BgJrHDHWen8sAUDd+WjAJfy8YRW1YPVOCyeoOUm+A88w1JBpH9RONw0U8yWsmfakEmlivLivUOC2fRDlcQ==","phone_number":"Y6+RNcrw7AqrlUK5Rjm10kpULs5HsQgel3bctZ3OSxEoZm1soWQsLcVML+a0vdxbsVgbjb+hLrKKWwh5yg058Q==","last_amount":"","last_used":"","promotion":"","status":"","comment":""},{"user_id":154,"username":"68v8irlIc6CLVnHDINonLXXlr5Kc70eSPhPCbtpZ2\/bR+haJhSgZy2GqMF63jqJjzZ3h36zi7PP\/yJeY\/+1mKg==","phone_number":"AzVHf+t\/gYfMgYsQvGCUVefOy2DPglbFKQfh60fWF+gt7jli2Geg7K88pUyfAKYeky43Ws9w3tGjMHO\/QUv1Vw==","last_amount":"","last_used":"","promotion":"","status":"","comment":""},{"user_id":155,"username":"a1arD4YkB\/K\/4gWfbS5uvwrRyLwB59SmUOkYFhba8BL\/1d45NqzAgmCrpsLV5csDWld21S1Cd9Ga1IYH3zJt7w==","phone_number":"ixJVAY7fLvp66iw3TTZZCS8YZM97KNpuHMFwI\/jpRAVaOLLrmz2lGlyLveCdspAu98ocM6yl3SDrZqhHwOdbNA==","last_amount":"","last_used":"","promotion":"","status":"","comment":""},{"user_id":156,"username":"LSCkmEAKQs1O7QNSC8llH364kMJVIDhOLFNmFAPUy4XdQ2UljN6PeV2y3hC7NTOidbJfaAA57nsK\/Heot8wJvg==","phone_number":"FsBkLROGokyht70y2bz8Fs9YGQNldG7fNqqPbhUFqPdgoVmfbN5bNDhsajS7uc8BrDNqt51pj7EQRAOKRn68Hg==","last_amount":"","last_used":"","promotion":"","status":"","comment":""},{"user_id":157,"username":"SBTM6C2ANInFJLpeWJhAu8ZFcUjSPc4bRxrYCy8wEFLIe4ajs1xHmfYuzUxGBTGWJHwuH6+YbfYTMgaJDIZyLw==","phone_number":"ND\/mI77QQ6fZfBK5eFA8jrPIoNedwdpQfgmrIdWnKpkcQfhD+qpW5OSRSlK4ZaJ3+mAgsmerXKMORcsF5HytcA==","last_amount":"","last_used":"","promotion":"","status":"","comment":""},{"user_id":158,"username":"+JyA+cZLwQ2v2PiGXoiIRdzi60+0wxxEYawd5Hbm035vCFxRvBla5GJTxRge483WP08upzskkPTopeVikKzaVw==","phone_number":"woi6xpUkEKwDZa9soPlyX55gGx3HugdNfAH3gpMzBalSEweTNa2CWWHnAyrE5C5cqC93g1I8zHYefxaIiXZl0Q==","last_amount":"","last_used":"","promotion":"","status":"","comment":""},{"user_id":159,"username":"xthjulbUsB1Y9orUuM48y+KUT0x\/DwyiDFikdT5pGX9RFds4bfr+wDz4XWbX\/AI0qBGdv9DNfxwPbd\/OnrB0jA==","phone_number":"aK9kRcDYu5xkFKVazR3axHmdN3GSitmai79WYyxzUJNqcyYhaVg0lgPPHeq3Xc0FC1zPOgCAPh\/bwWh7iS9oYg==","last_amount":"","last_used":"","promotion":"","status":"","comment":""},{"user_id":160,"username":"Qz8FW9G+yx5HOsDFpPGUgtrwE9ZuD4LaUHPY47ojU9TUnm+KCeB7QCpr\/jL7Px8zNnvzHmsAbEJaXDdU4fP8IQ==","phone_number":"tDz4bfISLiI+ijHm9lRIJSJqMf5LZ\/QfNMICnaJU4gQ58XIcwvboIfOoEjm8upE8Tan\/RZaEosrSoJV0ct7LlA==","last_amount":"","last_used":"","promotion":"","status":"","comment":""},{"user_id":161,"username":"qU6vyoqjd\/flpe9BrowaayKlPdBqVeQBRb8VoFOztaEyEp5Jup0fMyIEECP5Upi\/uJKChv8pU9WZHlaWFeD+7A==","phone_number":"Lh0hFqavIgNgQFpUJKnb9XN1CIpD3T48VnWU9V84LRhfVVwnxAi2M8cHngAQ6sTelX3Sgf0Zxe353yffCSmA5w==","last_amount":"","last_used":"","promotion":"","status":"","comment":""},{"user_id":162,"username":"KUhRuMsnUlj4MbvQ0iBq70zvwK3NzQ7JxdqzzTIaSHTrlMOyoeEZV7l59SrYJfTwGYOW36NdkIRaEz3fvf0Zmg==","phone_number":"n+m9adEAm3Dt7Uz\/EDa88qVeofSMS34INwvIsCscanEJR78c\/n3QZDAMyBBJ4I3G6OjZJQloCsi4GJopC3sZxA==","last_amount":"","last_used":"","promotion":"","status":"","comment":""},{"user_id":163,"username":"17zXpDUVV8MZEbW5zkYWt6OoJNCA8xv7rVoTzNYtR\/Pv3Co\/CfALf1JxexkIOwgxdaiwICS04tc5IoVM9bjsnA==","phone_number":"FJPWlJumAkFwkaeXrTKX8Y18Z6tRg81PbRu5vuADSK7iwSBeSeUYr9vsmWHbNDbQd3iV0h94oHR5GwjjVqTNGw==","last_amount":"","last_used":"","promotion":"","status":"","comment":""},{"user_id":164,"username":"9S09iBJMBC2wR7uy1+5a3yvH1CK7u22XXik+fygWlvqK0vCR6oIVCUpT6Pg8V+vy2Y42uUhWbSfoaA0lR1HVWQ==","phone_number":"\/+KKC8zv5XnXeskvhgV5hVKcY2H9c\/ORimOLpaWdr5C3f9DLw7CeNokpOQUe45GhUOyC5OUg4IJL7UWI7URgnw==","last_amount":"","last_used":"","promotion":"","status":"","comment":""},{"user_id":165,"username":"fbM2CW25S\/ljTCnQfBtXTVY7a+EGIpfQV2iHQUkS6D90ERmnLQQ30iOPRU02Z6qg0BL+0seH9TZoYuZm1ey1NQ==","phone_number":"GN3SIi6NlVDRAwJVwru4A\/zuNBxB08tvjiwpD14i7TXp5haVEqhl48o2GJ8yS59jD01gPMmHt7yzDI12FfBa6Q==","last_amount":"","last_used":"","promotion":"","status":"","comment":""},{"user_id":166,"username":"AbjtMR0cuITOEjfVgfFhNypSEZ5cXx5pDxSZsr\/gcarSD2q2rfYpBPCDip98WESHd3SZrbhCp7bUM5OiPkXv9g==","phone_number":"2nP\/6sEeEkmD6kE7unA73CfvdF6zfliXELcicMrAdY90pC74NEEToscwBEe09yX5C0eU\/9yU7jb6a\/vEAqW\/RQ==","last_amount":"","last_used":"","promotion":"","status":"","comment":""},{"user_id":167,"username":"WOnwBPDYpeBLewT0GcxcoAOI\/8ysFyFiDkJ2WBrcxDhwKudPjlv0CF1E+HWIkjGUefkuyhdHhqAt5nBBrBBMqSnXzsGuogk2IovzpyqN0\/w=","phone_number":"ukLGUwJ6InkrLJpU\/7ImlmOrfVBttExNvvZtb\/NVHHhSP+LO9NatXzwkJ8IBvk+++X09OoPUdqA5\/Fh40no\/kA==","last_amount":"","last_used":"","promotion":"","status":"","comment":""},{"user_id":168,"username":"CN5RuWk0lRBNh0uy0s4m9sVEPnW1traOfo+3hgK7WwL92H7lEf1F3SN5J\/SRx3\/C+7t9qtAUPNhmxFH6iNgRXw==","phone_number":"7fZBEEnzuOsFgcBk\/fIrMdAiS8Qm96KmWfCTUWZXz1OoG\/gZYbX\/Q0uMVN4UlAjGVMXJvbT+Fh2Sx9X3uHx+SQ==","last_amount":"","last_used":"","promotion":"","status":"","comment":""},{"user_id":169,"username":"5X1fMcZ9iCQiQjPF7rdaEE5XXaadyPJu2FhDwHQIeMuNxM82l5H1xeiexem9G1kVqpZl2zC0dYVu8PMWsK1poQ==","phone_number":"PWBVIxylpuMbtAwT3SOFX359kJ4N6zmBx90ELgSc+mJKMzrMu3llwlMpZZhupDQrTtMNkBiT8mhRL12CeP1o6Q==","last_amount":"","last_used":"","promotion":"","status":"","comment":""},{"user_id":170,"username":"XA9ph\/dkBaCvn9jtzygPE2GIZSWnfDX4iUrZOsQUn7Knj9a4NszbKh\/llx\/OYZ6DsYK+0DkupXXqUI0gJC9zvQ==","phone_number":"mdaBEpqrOCr4vJNSqgjUdjg8Bykw9nl\/tOdSjlfK4TTvxwbP7hi5dPsCYo825TZ+LIXQWHtjhjrAGeF1PB9xqA==","last_amount":"","last_used":"","promotion":"","status":"","comment":""},{"user_id":171,"username":"girMSBNjQuqynl+cKRJwfrR\/cWqjWv70cy63Y3xNoVKw0+GQwt2pcH4mx0reQaQfa2+OtszBeWvwgGUS9gzaEw==","phone_number":"tPBdiqfa5aI5KfWZRHmVQJDRv7+DHGfQDfeTngTqljc2LDx3oVAjuLZA5pRXt7nxjAKWW7awYI\/IYX65Ha0M1w==","last_amount":"","last_used":"","promotion":"","status":"","comment":""},{"user_id":172,"username":"f98GAC7ihGNA8O1cB+2rgG\/rjtJpjZwYCDblkxTrhAukDXPydbmmpWEGRJHqEG\/mtLvJE1ms6EqYhpJGdPsJwA==","phone_number":"jKdDUsjEZZOvg1U7JdH1QIXhZCc7y59TINxCARBorET5dgH3PSjyPm9Q11f1G2W4C4eHYT3cWBFgM37Tfn6CRw==","last_amount":"","last_used":"","promotion":"","status":"","comment":""},{"user_id":173,"username":"LjEsX5hWRsp8QjporHPfZ1CsKra1fbmolQSWxe+bjU4azUJy\/P2ndYmvL1kY0aM+02BD+OO8IXicvt9IWMKAKA==","phone_number":"2rDIifw3yeku4iWtExENcS\/w\/DoYA1mOjHXr87TRd4fe4B0qus7pIw\/g\/lCAy9eP1L2L5MSj2r93bUQo8W\/f5g==","last_amount":"","last_used":"","promotion":"","status":"","comment":""},{"user_id":174,"username":"RV4uexbigCwZOCAOvHlJ8NeWy0E+IoRnnPdS7A82AtqNy1mB+\/ax7ESjuI354QppeU47F6qDr6E6efHtSKLbxQ==","phone_number":"vmIxt\/MW8\/PzjSxk4M+fdFm2czOcrosuVQyHmtDp1XbAi\/87BawwcQ7Jtj+bhBo+LYku\/2tgCb0x6y3sYAqcvA==","last_amount":"","last_used":"","promotion":"","status":"","comment":""},{"user_id":175,"username":"Cx25FuZJeUQa0GYn4E1AQDnPc4W7sYtTRPED0nVUVuIF6NIm\/\/hywcfnGG4X2iDeK3vMDlR5ENswPbVQIvdKQw==","phone_number":"OE9iovjtxeAkP1mbsT5pBnSBnXXJUJBPYlz2\/g0rXHUlKPn4r0GHKqZVtwwp2Fj1tLm9buGUUXiHclyL2HlNUw==","last_amount":"","last_used":"","promotion":"","status":"","comment":""},{"user_id":176,"username":"+4ySO9O56FFKwsuDeGPi0EReQGFpSYB1BHZb23XHwiEzI4MW1n\/fy8U70r7IfQFYEYkH\/wjOeNlcT8Xs5GdzSw==","phone_number":"Ln2hOb\/K5ZeWUmhf5\/U7JvkpHx9LeZCizhsKXfFFUob+UKip0MAGbMCu58P\/wu+b4i\/xvSJd272S+lZH++3TYw==","last_amount":"","last_used":"","promotion":"","status":"","comment":""},{"user_id":177,"username":"iSU6XDidjoFTd+LXtPNLWsQ0mlfNWONYNMZfWQ\/sI4giWq1V6Wv0QS7JehzWeBVjsrwTdcBLYhiN538VqEFrXw==","phone_number":"aTSG4Mlml7+DbbcvYQavOyKtxyom13zLnN8zCajz1fbBCZrtZNPJq6LYWN2jtQEff7b9koqtVPFXaH9r6rj3zg==","last_amount":"","last_used":"","promotion":"","status":"","comment":""},{"user_id":178,"username":"wpbJga8MKgByPlOTvzo5Bcg4YvNcC+Lphq9uabnWFVNqbW83LKfBRQN6Prf6Eb76tz7pMr6gq15t15I0Ugbd9g==","phone_number":"08+Qr4E6fXvVMODYPeo2Q5f56FgjSooJn6ebgJOCpVuQHpaBZCwO794zkD3NKSoemNCeIolhAqFLWNJNCaBAyA==","last_amount":"","last_used":"","promotion":"","status":"","comment":""},{"user_id":179,"username":"dYoEC2LFLeWmvEbWAghK1bPyU8x4aFbGDqv287W\/WWteE7nPrgHWYxKOWht45ad2K3Dq2ziVaq2UAOoN6hgLIw==","phone_number":"7wBNESIqV8jGIrzeOqbLIJLdQVlmFI2D07lWi2YU9v9Mg4uLf5D\/p+fiH2ptFzbLZefdzAi1V2TivzOcYS69hA==","last_amount":"","last_used":"","promotion":"","status":"","comment":""},{"user_id":180,"username":"Yr29sRPKtUM6KmifgxG+xcorvlXKk\/h855OQf02GyNrkN3xcXs6owAaoRm5qbEfTWdVn8nNr9HveR4q+5+w\/XA==","phone_number":"pz3Igxa+1ItUnluUJp+zwVL0vZv5csQk7mixlTk0405OnPl2NlON+lTVnnL1\/DZgokjRGYHNb92lrfaqpKwo+A==","last_amount":"","last_used":"","promotion":"","status":"","comment":""},{"user_id":181,"username":"gjnuiECr9Qy3ouHSVNXlupJ9adipb2rFpEYryLfSTGJz4l4HGeVTYk1skMDjpiwprcyg+1BMF\/9ixOj\/oDo6eg==","phone_number":"j6TeL3Ybc5OUozfsRqnHOgvJC7SbCthxzgo1D7h4umisFudKqMRvli0t8T8lsqtunKZrVXU2vbiYMFY2LF+DuA==","last_amount":"","last_used":"","promotion":"","status":"","comment":""},{"user_id":182,"username":"kn2wfhbJ2DJUcpjOLWCociiEAW0TGw2xWRMkcos75PbZaGcNbz8WggcQv8+V6u3+jYD8caJrWQdpFYIvkbpAqw==","phone_number":"X6n5mz01vnxd3RMxf7hoU76fFkIaPpOohPaG7DO\/HhOry44gPeCNnbQceHfGMNy8BhqbRbeC7XFNdW8ofTnDiA==","last_amount":"","last_used":"","promotion":"","status":"","comment":""},{"user_id":183,"username":"PZY\/DbyUvKjxpb\/DCcyNiILfNSw\/mc1XLj0Ppof3lwSVYDe6r6p6Cob5PPGMgGzaN8fBD4xVSkThdUFSWFe1JA==","phone_number":"N7UavRykgVFIzAGH1hT2vrQPZ9glq+zlxlNlhr+YOjZ9Tpw0c73Sp4ULcwitNoTFQXE57LoRc+8F252zctMaCg==","last_amount":"","last_used":"","promotion":"","status":"","comment":""},{"user_id":184,"username":"qAcCzwea+ao2bWyzivYMeKcY1sgJD2drJo+HxXlc80GyyJPk6saJWXdlwmjrK1peCN5wUy0lFU0xcTANnMOMZQ==","phone_number":"5TK7jJBF85sDKNZeln5T6SttEZnA3VImgoZhZKXdyppPLC7iOI0cVk45f3zNvvQ3b+RIbeJFPv37wAZk8YU\/wg==","last_amount":"","last_used":"","promotion":"","status":"","comment":""},{"user_id":185,"username":"ISWRrs93CdV+YnMBlhRBUQuYIohmmFimEbra4kz62YduktjDNmYvZqqXs69z4TO0FWh4n5rW2HE4j1ecWGiBXg==","phone_number":"f36vVoaLaHspd49SmZ3Kn4zDSvA\/k+nMVJr04CK9akstFmaYC8tsjfXC6SeAQurX\/I6n3ErmYKp2cRT1F34BAg==","last_amount":"","last_used":"","promotion":"","status":"","comment":""},{"user_id":186,"username":"IMe4n10SVq7cUjF+B64jQCDtPeWoKDyOPuuaJ5Hg1WA1bVAIGlwI2TCPdX6y+kfLr3Ip2jA9pI\/L5c3bLgsNBmwAO7VvL54uoadIggkvXUc=","phone_number":"fjj654IQQBHY\/Yw16ENntmC3WoYJRYkQUTSYoCodQJTOfytAakNWl1DVx63LxUXhNNPIESAH5Dzwvy9i0RIpcw==","last_amount":"","last_used":"","promotion":"","status":"","comment":""},{"user_id":187,"username":"kP0uaIYnpaus0o5kyGy9ktmZziiX6H7mBrnwmR3ZWW2KhtWY19x4WWIn8HXs3g3aFykJekHYtoKSmAw0Pan90A==","phone_number":"82LeSJKfvnBV21onNpzQZYaDzVZMB2NlkedljxsS7tqKgX44Oa8PI8rjD6GNBwsS8eghAWJPqKOrpy9d+5OuQg==","last_amount":"","last_used":"","promotion":"","status":"","comment":""},{"user_id":188,"username":"J+Ik4wRb+Zte1kv4Nlg9pcaKYjiGReyBvQuCuyM30GfgXNu58GwbwrVlVOkMJwB5nKTzTKr7OxEUMRhgQgjSJw==","phone_number":"LCWBhQGIZhBM\/pDtqt3oAawOA3wOMCAXaCXZLtu2KrYQrMHuXbmqt5IyQsLaTOkjkemtqXabhWdoAADToleBsg==","last_amount":"","last_used":"","promotion":"","status":"","comment":""},{"user_id":189,"username":"zd1xwvCHuJv2Grg8XQS1Lb3VIaAW3ebwf8Qn\/eYPVQe2qMBchOuM6mD+hyURXySnLd94muCwaE8Dz\/OQ529PDw==","phone_number":"+Pwe2JWKuJw9tgyFPrIkCVc+ahkm2v6RF8LeN2QBnt+38YiFatBzBVQca4iSARmdhVvBPaAz\/M5Dmt\/VVCBNzA==","last_amount":"","last_used":"","promotion":"","status":"","comment":""},{"user_id":190,"username":"O8Vy29VebJwR6NsbvZ+aTwIqmwfz4FURpGV8l2d9rudlsNHGQ4AOT6zqsWayZyJrnIc71LsLx+uJ2EeJRsTWuw==","phone_number":"beQo6AXFRbVyiEfJtINmUmGrniRoD4DU24pbc\/MeIP3hVqkM8phmC4RevSHNy5C054ua893DBik9CK8Yy3DZmA==","last_amount":"","last_used":"","promotion":"","status":"","comment":""},{"user_id":191,"username":"nZ2gEEfflWAoz001NPXfFi0Y7WhFh5DeavfVraDfI3LQ\/4bY8YcAJDDO5dD08Wtj5hD4eEUjPzbcyBYa4ULZIQ==","phone_number":"xSU8+dA3uKt6hcFDbFPx+b6sUnqKZOqWtvakhQbPGf5CwXLvwK1zX6I8wFFr+grYV56RsvtA1+8em\/09UwGm2g==","last_amount":"","last_used":"","promotion":"","status":"","comment":""},{"user_id":192,"username":"rUeKOZr7K6Fw0h6gmXwxgcg+eTvyG+mJwKhQotLpo9hOboorbNwFrAO4Bu+rh33+BAphhpdBvP6MDHx8xgoD+w==","phone_number":"O4vALZABFfFsVeDJrG07uWuNXbAMY1RZchHuWWF1llSmWMdC+c+n45TicAsDEJx\/CWHXw4y1hGmXssNgzrb1PA==","last_amount":"","last_used":"","promotion":"","status":"","comment":""},{"user_id":193,"username":"Z23AZYj7VIxBqitgFTLZYpNNC3kqi9mB3XzzEeUyUFIVBCEKO9e+IxDgPxWawI8tjjwsXYNm9SU0FMxdRcRsKQ==","phone_number":"SoUBHpaO1y7exB02YMSRXBOFRC9oKt0S4uN79oLW37mxOaCVPnyWlA0fZUDlo6PC0g6FaurSu6H9qgRF8jRECw==","last_amount":"","last_used":"","promotion":"","status":"","comment":""},{"user_id":194,"username":"ck7ydVBYATt0zLv5Cox+Em6tvkHoxyVyWCvh+DhxZ78EN0J5Mlx+vxREr5\/pZIvnFAPgeWAURqz5JOmUqyt4ng==","phone_number":"r60k+kwIbeYRX\/FGws8PXVLo\/25RgkXtL8Bm77XDtSZsYtBVTRs7P\/qRhAwQiTpj5cGUlkKQAMPcAak+nK72eQ==","last_amount":"","last_used":"","promotion":"","status":"","comment":""},{"user_id":195,"username":"DLQqL3+1aw2Tt30MXILeyRPELmOT6qiwsMETtGFQFXKKH2b+woJSLFap\/i0gV5dOzLN87tAhQvaNUd27NXWKXw==","phone_number":"Jwcy6wOFyne9cSCZbtcaWvl4XJNsP08Ln4chpdiH7se1nxWG0zgGBpTKSLo2h5jOS\/\/7UVmlRKqizD6LSEsoDQ==","last_amount":"","last_used":"","promotion":"","status":"","comment":""},{"user_id":196,"username":"z4KO3oIcjVgd3dtuXmE519kthDincEhCuCh9Sbua2M\/Z5wLCB0PEtkQIZS135xSOuT2GfZxJTJ2uVrfNMp7IrQ==","phone_number":"4RUqRYIF6M8OPqC6dc\/FTULFUUspRbvrlP7ARFGIHaRqNlkPKqtUMSZrnlU+c+ss872pqLw8p30zLF06JHQXHg==","last_amount":"","last_used":"","promotion":"","status":"","comment":""},{"user_id":197,"username":"Sml6mlV2MDcQX3Jar+Jpz3LeWA6cGEZkUr4WKv64cwkIP8BXfZrAj3wkM29p4LIZxxFA0ctYNn2aRe6sGCgxrA==","phone_number":"JCQRApJCqSXbp+qU6fSV0JufY57+pvVMj91kabXBhavKuWpYBBkafN\/TF1gV2kkB0LxfLePtmfLJzmEMPmyCjA==","last_amount":"","last_used":"","promotion":"","status":"","comment":""},{"user_id":198,"username":"u98tVe2x5iwBA8Sy6CukrHgE3kH0xKXOJjCsR3y9jKABaN8wf1T0pCSpoDjSw\/Bd0yFjdm9rKUohxoMeV5HNHA==","phone_number":"V6T0knrIvbNS1e+OoLRt+6ft0qUFngtcw2Pu9nUvV+plyTFgcYrxHgp6mLOSh8GPa6j24zUJiO+qZEyT7Q24Tw==","last_amount":"","last_used":"","promotion":"","status":"","comment":""},{"user_id":199,"username":"Ks3BrMLezGEAscLt9B5J5gh5uWwTIDGClKH+wi9RKG9LB37oVsUd3F+ojhtS3fifkOzyw6jezNhxfJ7ETfAeZQ==","phone_number":"x8ba92I8A9XvrXb9BK2GBkD5SF5t0A739il7VXcE5mIw2iwicLPHZ+50rueAA2SKHzkm3XVw8bb12A9iAmqODw==","last_amount":"","last_used":"","promotion":"","status":"","comment":""},{"user_id":200,"username":"F+fA2QJ9uI\/ewXlQjKutDiAbB8iZFb9CZvZQuYffghRQX+YQgcqzZo2lo4SsRU+\/X4svHN7aaLKCAQZhZ3RepQ==","phone_number":"l4xjEhQ\/gxgAHwtWLV3Z01kEQsrPtxYibffuxe6XmBCHhLttPZeZRyvFaISOb09i8+Fh\/w5djLgMpeM+PWM2+A==","last_amount":"","last_used":"","promotion":"","status":"","comment":""},{"user_id":201,"username":"9EzlzY5Z+fEw3ZAEWt89OWmAWbidFWEd8fbulFymR42qCsxisLFENAi8rSB34+1C3CezLIQLPqCwuvJBefdIpQ==","phone_number":"tdb1shvqMvGH\/dva0r8KY3zbR4J4hfKxBmbQ+ONtiA03QJv3O3ZHEF3i55\/WqeEeEnOilT6S3IsXoAYKssb9SA==","last_amount":"","last_used":"","promotion":"","status":"","comment":""},{"user_id":202,"username":"WWq2w6mcd\/nSerQn\/ATOOHbcWb81SNoPpmOPhOt2b3tQ5UOwZ+c1Wb9AV39rohQDBNgli1exv3uL1RepEfk51A==","phone_number":"s0UotMUV7c7HLnWYzUzofQL42+fWb2aGFhXqgYxkv4hRXomEzsQfjyJDNmWrAHbpBAM+p1US3Sq7zBOMOC5xug==","last_amount":"","last_used":"","promotion":"","status":"","comment":""},{"user_id":203,"username":"9xUwyC5vZRQJ+quEg\/0taWRNXr6kstA+zwpshjyK5T0cI+Kwmo8w00zsPJfPHJZmyunf8snJUY27tIsuThghKw==","phone_number":"THgVr+I\/lCbPCnGILN9qIAMHjDd0H0zE0zC8elODrnXm1zsJzO6kdflxInjADwFKpYFusqBplHarG7rgepBTTQ==","last_amount":"","last_used":"","promotion":"","status":"","comment":""},{"user_id":204,"username":"Cciiw6PYi3Bkd\/wP+t5D0Q2QeLvhyInF0OGIuOjwiuxVLgKuqLHXMPoiu0vj0MIFsTyx1dmSA\/Q+uYDFfTVI6Q==","phone_number":"\/vknDg4FvbSSmHhLQcvTcJk9BpJVKbPwhQQRg1\/25dLWDPCoWlDqPZq\/NzTlQJx7F7P0HRk+JIis9fozA6OGcw==","last_amount":"","last_used":"","promotion":"","status":"","comment":""},{"user_id":205,"username":"YAZTlY5VzJMFMoqDvv19bmuitcQMK1qsfU2WsBBUoV0s0gd8iM1JG5F9wJuCItv7SK9HpHeLrGve5ePrVGpO+A==","phone_number":"b92wm4lHT46jW7k9CRb+IGUh9CEUmEpbD7Q6ZC5onGQZNUYdYxZxN0gUcD+BptEyKgf3+IqjiuSRHQNwcNl6fw==","last_amount":"","last_used":"","promotion":"","status":"","comment":""},{"user_id":206,"username":"S8iq0M77cG7D\/8NNitsQp5ojt+3kp0M8PL0bgs7J6r3N9z5Ptmqib9er3FFhXkyEUBDm8DtvUdnJVILKsZR\/Yw==","phone_number":"twDNBjlM0Nt6+cg3f8hNtUnxjtxNomANYlLNtKwDeFWMkwR6U4xkkTLuo+naWtg4rAiMWsrCE6Z0NFA36lf2fw==","last_amount":"","last_used":"","promotion":"","status":"","comment":""},{"user_id":207,"username":"iuxtCCAwrsOrT+rCxFGX4XejoLNWjMZqpz9bAHi5\/YsKyXYHWYsRDSQd63ozBljfFCAEDgHupkjkPLFsMRw4ZA==","phone_number":"XSY0\/RzJ3X3NSylUctQi6WkU5I+uUcEDOPyYboz9UjY3zDEBhwEC1Zap1TDNKmeN7pYhdiHR5h4yCNwu1sFuHg==","last_amount":"","last_used":"","promotion":"","status":"","comment":""},{"user_id":208,"username":"XAcpXaZ6vfkN3YtWygqQ2ZSl5hGSFnCuV4p+8h9vSTyQhcknD66ufHjuiG3ajDC6C+Lj7V2Gml75eFWRuZ9LeA==","phone_number":"FcEMVoS1ubfwX\/vc1peUrL\/8++PCXtXplgs\/LM3w7kKzGHzLIb9b7ZYJcRMxAjjrJTX9AmWTDYizeCU1ttuIKg==","last_amount":"","last_used":"","promotion":"","status":"","comment":""},{"user_id":209,"username":"i7UFCcrofns6Nc4m+p2GhJIkPCLF09DAKFfzCwQpiRyvBzxiTzGcVmCCLJF8X9lnpuJfcoCDGn47Aw3YnS0hyg==","phone_number":"wN7v9WrmWhsLrmBoIDOeuKa+IhgJ4sj0t1w7EI6OSZAHRiSaI4xfnKrYAi8pXj0lwA9vQveC+WZDJqJBV5X6CQ==","last_amount":"","last_used":"","promotion":"","status":"","comment":""},{"user_id":210,"username":"JWSW0I5KTBxcII+tjziNYcISNn0T8RveZUd5a\/jm7PWj4dflV1qRJ9sGB9DmIvsNYfj4g4eG54wMbQNDEtsMTw==","phone_number":"FNTI3iNH7vkPQS0ZETRDmPsRA0mfY3Bv+Mp4Hp8Xm74vbCl2783Wo9yZEGkVnMSc\/7S1KblHF9oyzUVEjbOh3w==","last_amount":"","last_used":"","promotion":"","status":"","comment":""},{"user_id":211,"username":"SgkaO68h0gJxyiNA0VEnY8yU7aw5vUkFZQUXCRcHpGLzjgWmNcQw7Wzc9JpFlhd0w1MEJ+6mPwYmBz3WWmiLow==","phone_number":"F5SW9G8E9\/IbuF2i+V52Mca0nscPuTTnVNg8juJF5zmUnov4uy6QtWw7BfjMEP0wIkt1d1FRQbJCG8p0ecqJPg==","last_amount":"","last_used":"","promotion":"","status":"","comment":""},{"user_id":212,"username":"WPtwPGtmo39crEjq7h+0uIGWAp6eEJo7AIPRcU3HvoLYd9vmsg716xpQOpTZEW4N3WvCrNZkL4M+1cHUM17scA==","phone_number":"z183u3694avVDrm9De7VJOQdFrqxpGMiTsKDRsJV380vqgKKBBShVCWUNpdw30bBoH251wnkn1bCQD7DU+XuWQ==","last_amount":"","last_used":"","promotion":"","status":"","comment":""},{"user_id":213,"username":"6+etEcJXBbzLeKpDiEbor70\/xTFbXg+J1pODMQniXsRNLagYqxnncH5Wtm7PjJl75hqkjFrLkvHtKDEnAaoSJg==","phone_number":"W30P3Rhzp7I4ULlO9IWigcBSpHz6cox\/KxUOCd\/8PFnWNULE3YJvvZ8D4OHFi33ifupIdnLsVQQeBPz5T4oQ3g==","last_amount":"","last_used":"","promotion":"","status":"","comment":""},{"user_id":214,"username":"Ir3nKER2BFVd+sOvsL\/86OaNqXEUldH\/kH2\/tjJbj9c0\/UiGQbELv6Tlz3L\/q8IdVKyHumdyETYQOXPl\/VVpHg==","phone_number":"trbn78Cbc1VX3T6lXg+GfRhrf7\/b3GQl4MVLCpVvJvdiQXI9izqFlr33ZhJrG\/YU1NC\/V8+B7zhepLQvzB7QNA==","last_amount":"","last_used":"","promotion":"","status":"","comment":""},{"user_id":215,"username":"NZMQj+yfpKXKrch3eQigy7gIlNHduVl8ZKOaK\/z8S11Bjvxr3TpatwVJsUF74pBo20WiWk\/u\/WgHCHKo6XlpZw==","phone_number":"fWf\/GMuhqGHo6ecZFEzS6rThnmZFzClLwIt4T6KjO60eInGt6oXlsyCJE8BIiVoNN9\/0a2+w+gCAzHHTgDplBQ==","last_amount":"","last_used":"","promotion":"","status":"","comment":""},{"user_id":216,"username":"wlSSMyVjGXPeR+0iVDkwids1jB\/BQ16WNeJ1I7oQXjnNEm\/8kccsNB+GKUeNG1fU+anH7lnYTJoJoQuvLY3BKg==","phone_number":"i90w\/MMYPzrEov72fOrEDyvfclNZr\/vSxeEvKx2vgz4UlGEESbZYuFYw6zNJTg5VR2O35ISaBm9lMEffzZvd+g==","last_amount":"","last_used":"","promotion":"","status":"","comment":""},{"user_id":217,"username":"znwsezJz5wEcEu5K6MJvF57mODWTrk2dVNCH68DsCsZ9K7A17QhItMyej8riUXMx3NwU6s1OiQwn2oOXF+rgEQ==","phone_number":"FNs8wX82hYzv4JG2M0JhincduECDzJMPa0FVztfqENJjQmaBWRLBSfNTrGv0KB+skcUBPerZcYOwcO751RiESw==","last_amount":"","last_used":"","promotion":"","status":"","comment":""},{"user_id":218,"username":"Lt8cIRWaVW5FupTJPPB06NcuFQwJk2hFMHk1D4YhN1zlA2Qyl++MWKNW1ACgOjWx4AuCVQjocRJO+b4URMKqEA==","phone_number":"TqfgW1Bew\/mwZ8TYkL+yvOmSrk+9RHkRg4NpNPXxb9kYtzyC8J0\/7KXoMjPWLPKZdz+JAac9TeF\/Hf6XSGOWgQ==","last_amount":"","last_used":"","promotion":"","status":"","comment":""},{"user_id":219,"username":"Et17Wo8izDJDcECwcUUtPDNbTVBN4g78rKy5at3KbMPdZCIs+Dvn83RcqVsXbm3HMNNR+TfAVtVF0YFVz71tMg==","phone_number":"245m2SFSxTLUt+2qmJZtZIkdzrGfXtSJS+\/pZQ\/WFSo3BgKQ70l5BYnChZy7iF\/51h3c+qPxcdMHHx8Fz8RvSg==","last_amount":"","last_used":"","promotion":"","status":"","comment":""},{"user_id":220,"username":"5iuBDs+fOz4GMLIQTf8kdjYWiXbeBdEOSrS+xK9bQqy4uXqtGDByzJQ3hIX80nL8jFgxbPk5p8KpJ8uzGHJZcQ==","phone_number":"nokcWK+pKXiXubod8lh3UOuG4nohYl1S+xrUDehC8buWqY5oWc1fF1w5BCQMre4NNhtBpY3UxDm3cH7icO2LUQ==","last_amount":"","last_used":"","promotion":"","status":"","comment":""},{"user_id":221,"username":"XSNpf5GXxtvpskdV8Y3mFWSqI+8EtPj0Zon1x9Bb6l6Oavu6zdnnKFP3xrpmfK2y0dwWcK5FoUI+24GAfPqmEQ==","phone_number":"m2\/giNS64G\/yQ95t8EyDfG5STjvgYuD4+cdY3AMFZWtExic9uMeDRnjy4F+mAaBB8hgRC52b578XOgB6Q0oO5w==","last_amount":"","last_used":"","promotion":"","status":"","comment":""},{"user_id":222,"username":"RJRm4WLjOxbcq4q0lkfa5yFVldUcv6PtzyLCJiQbDQouXARqpoL2K6bowFQOBNDNXdCWBseChEPiLfEC4ZkttA==","phone_number":"ouX18NDJ5KypOLEvfDdvpNZLTOgtswMq4+Z\/48409INYfY8qNl7oddZCqt12Jt5j46x6RSL4Q5vAiWC0mNKYeg==","last_amount":"","last_used":"","promotion":"","status":"","comment":""},{"user_id":223,"username":"WxbFtnctkHZEZ+UaM9GLQN+eIPtXTbP3oOqIXPkMpCixj6zcDDUsXl1f0O6Hz9jbMCHjE2KAzEpnRPFGfZ97AA==","phone_number":"X84lqxxKQqEVecBsawc26l+BJolzaaa25Sm6jNEZ+\/SJD4zpijuYt4yoeTa7aoFHWrnhOw9pAHvGROGMETdNdg==","last_amount":"","last_used":"","promotion":"","status":"","comment":""},{"user_id":224,"username":"NF+8Fo1EaaqN9LENhqrNsGgMJZcGd4jhIrOxrnknnh5yub0my8RCr+GdaAGilPCbTgFXuol9AvxBa1urdx2Zmg==","phone_number":"DEzsruLBNMOMmc+pmGb13fENGLyuRrehWk5DPGM2uoUw\/yQP6dIKEu\/cY+vajHLsyEXO6pjqlCdi0ofTizrmYA==","last_amount":"","last_used":"","promotion":"","status":"","comment":""},{"user_id":225,"username":"Gcvx6CAWYD5rULfcSiJazqDbAiMHg2w2R4LZNUm2\/WK6eURVbZFBNSshzPHuPxxojBgTxiwVy72gUp15fXjcvA==","phone_number":"WZ3heCfHoznF67ybNgYaVzymXW1b\/ACfmYAUbazbKTsdTMJiEQUKpZz9az79Be9SLQxDinblSvNzTRpw\/joloQ==","last_amount":"","last_used":"","promotion":"","status":"","comment":""},{"user_id":226,"username":"KsIe+c5MFh50nz5T8TgJ33nX5ctbIP\/J38YCT3hH+zBTMAkolzf+kz8sGkQP38c58Ge9voTA7tUC\/czCgYj5ag==","phone_number":"3PQ7Ds5K1HWdBVbtx+t9lw0HOcwvDk13yNIGHf32ZOP8FoMzQ1JRw1pvGpLp1B6+rCr52HHWk1wZtBIel6cz6g==","last_amount":"","last_used":"","promotion":"","status":"","comment":""},{"user_id":227,"username":"vFovJjOAxxi\/8iOIiMljjxbEpFqbxD2XYgZUk+35f+t782kATeCTjBnS3oXPAywcDL2oKFWzta\/Ynf4RxMiylA==","phone_number":"BrvTwFZVcLcygCRH4Lyskxi2MljhEXg63rjaxjlYs14kW5ygdaly+Mlun\/hGsEvH0Hpbd9F5eFCGV3TFD7KMLQ==","last_amount":"","last_used":"","promotion":"","status":"","comment":""},{"user_id":228,"username":"iiyinHSMTRY4g+4c5ils8hKqoTN2GtlFzwHUxMAPydHW\/V+cecO81Nf4\/Li3ZSY\/yoy\/yVYywUGbFDF447XVgA==","phone_number":"HihoLMweLDY4Q9YvFcZBH5wz+Q1fsSuXAEbs+hF1ly9O68tzw7hv\/pT0lre7OCuz2zzcbMG7RdJST+ZaEi7nMw==","last_amount":"","last_used":"","promotion":"","status":"","comment":""}]