[{"user_id":34,"username":"rahul","status":"login","time":"2022-09-09 10:21:34","client_details":{"UNIQUE_ID":"Yxr3jlSMamKkGxfVbQhcsQAAAAY","HTTP_HOST":"localhost","HTTP_CONNECTION":"keep-alive","CONTENT_LENGTH":"37","HTTP_CACHE_CONTROL":"max-age=0","HTTP_SEC_CH_UA":"\"Chromium\";v=\"104\", \" Not A;Brand\";v=\"99\", \"Google Chrome\";v=\"104\"","HTTP_SEC_CH_UA_MOBILE":"?0","HTTP_SEC_CH_UA_PLATFORM":"\"macOS\"","HTTP_UPGRADE_INSECURE_REQUESTS":"1","HTTP_ORIGIN":"http:\/\/localhost","CONTENT_TYPE":"application\/x-www-form-urlencoded","HTTP_USER_AGENT":"Mozilla\/5.0 (Macintosh; Intel Mac OS X 10_15_7) AppleWebKit\/537.36 (KHTML, like Gecko) Chrome\/104.0.0.0 Safari\/537.36","HTTP_ACCEPT":"text\/html,application\/xhtml+xml,application\/xml;q=0.9,image\/avif,image\/webp,image\/apng,*\/*;q=0.8,application\/signed-exchange;v=b3;q=0.9","HTTP_SEC_FETCH_SITE":"same-origin","HTTP_SEC_FETCH_MODE":"navigate","HTTP_SEC_FETCH_USER":"?1","HTTP_SEC_FETCH_DEST":"document","HTTP_REFERER":"http:\/\/localhost\/WC\/trs\/index.php","HTTP_ACCEPT_ENCODING":"gzip, deflate, br","HTTP_ACCEPT_LANGUAGE":"en-US,en;q=0.9","HTTP_COOKIE":"PHPSESSID=c7oo0v2hi5b721h7ate4gm3qdo; _xsrf=2|a816809e|2e0017edb558d6fb3a1fa9e34a948429|1662479955","PATH":"\/usr\/bin:\/bin:\/usr\/sbin:\/sbin","DYLD_LIBRARY_PATH":"\/Applications\/XAMPP\/xamppfiles\/lib","SERVER_SIGNATURE":"","SERVER_SOFTWARE":"Apache\/2.4.51 (Unix) OpenSSL\/1.1.1k PHP\/8.0.12 mod_perl\/2.0.11 Perl\/v5.32.1","SERVER_NAME":"localhost","SERVER_ADDR":"::1","SERVER_PORT":"80","REMOTE_ADDR":"::1","DOCUMENT_ROOT":"\/Applications\/XAMPP\/xamppfiles\/htdocs","REQUEST_SCHEME":"http","CONTEXT_PREFIX":"","CONTEXT_DOCUMENT_ROOT":"\/Applications\/XAMPP\/xamppfiles\/htdocs","SERVER_ADMIN":"you@example.com","SCRIPT_FILENAME":"\/Applications\/XAMPP\/xamppfiles\/htdocs\/WC\/trs\/index.php","REMOTE_PORT":"57810","GATEWAY_INTERFACE":"CGI\/1.1","SERVER_PROTOCOL":"HTTP\/1.1","REQUEST_METHOD":"POST","QUERY_STRING":"","REQUEST_URI":"\/WC\/trs\/index.php","SCRIPT_NAME":"\/WC\/trs\/index.php","PHP_SELF":"\/WC\/trs\/index.php","REQUEST_TIME_FLOAT":1662711694.95363903045654296875,"REQUEST_TIME":1662711694}},{"user_id":34,"username":"rahul","status":"logout","time":"2022-09-09 10:22:08","client_details":{"UNIQUE_ID":"Yxr3sCjS2WgPE-Tlpa7_XAAAAAI","HTTP_HOST":"localhost","HTTP_CONNECTION":"keep-alive","HTTP_SEC_CH_UA":"\"Chromium\";v=\"104\", \" Not A;Brand\";v=\"99\", \"Google Chrome\";v=\"104\"","HTTP_SEC_CH_UA_MOBILE":"?0","HTTP_SEC_CH_UA_PLATFORM":"\"macOS\"","HTTP_UPGRADE_INSECURE_REQUESTS":"1","HTTP_USER_AGENT":"Mozilla\/5.0 (Macintosh; Intel Mac OS X 10_15_7) AppleWebKit\/537.36 (KHTML, like Gecko) Chrome\/104.0.0.0 Safari\/537.36","HTTP_ACCEPT":"text\/html,application\/xhtml+xml,application\/xml;q=0.9,image\/avif,image\/webp,image\/apng,*\/*;q=0.8,application\/signed-exchange;v=b3;q=0.9","HTTP_SEC_FETCH_SITE":"same-origin","HTTP_SEC_FETCH_MODE":"navigate","HTTP_SEC_FETCH_USER":"?1","HTTP_SEC_FETCH_DEST":"document","HTTP_REFERER":"http:\/\/localhost\/WC\/trs\/home.php","HTTP_ACCEPT_ENCODING":"gzip, deflate, br","HTTP_ACCEPT_LANGUAGE":"en-US,en;q=0.9","HTTP_COOKIE":"PHPSESSID=8rs7t4mqijqfvofuht7nlip5dj","PATH":"\/usr\/bin:\/bin:\/usr\/sbin:\/sbin","DYLD_LIBRARY_PATH":"\/Applications\/XAMPP\/xamppfiles\/lib","SERVER_SIGNATURE":"","SERVER_SOFTWARE":"Apache\/2.4.51 (Unix) OpenSSL\/1.1.1k PHP\/8.0.12 mod_perl\/2.0.11 Perl\/v5.32.1","SERVER_NAME":"localhost","SERVER_ADDR":"::1","SERVER_PORT":"80","REMOTE_ADDR":"::1","DOCUMENT_ROOT":"\/Applications\/XAMPP\/xamppfiles\/htdocs","REQUEST_SCHEME":"http","CONTEXT_PREFIX":"","CONTEXT_DOCUMENT_ROOT":"\/Applications\/XAMPP\/xamppfiles\/htdocs","SERVER_ADMIN":"you@example.com","SCRIPT_FILENAME":"\/Applications\/XAMPP\/xamppfiles\/htdocs\/WC\/trs\/logout.php","REMOTE_PORT":"57814","GATEWAY_INTERFACE":"CGI\/1.1","SERVER_PROTOCOL":"HTTP\/1.1","REQUEST_METHOD":"GET","QUERY_STRING":"","REQUEST_URI":"\/WC\/trs\/logout.php","SCRIPT_NAME":"\/WC\/trs\/logout.php","PHP_SELF":"\/WC\/trs\/logout.php","REQUEST_TIME_FLOAT":1662711728.303472995758056640625,"REQUEST_TIME":1662711728}},{"user_id":34,"username":"rahul","status":"logout","time":"2022-09-09 10:22:48","client_details":{"UNIQUE_ID":"Yxr32GyKXFrXIqLX_2yDegAAAAA","HTTP_HOST":"localhost","HTTP_CONNECTION":"keep-alive","HTTP_SEC_CH_UA":"\"Chromium\";v=\"104\", \" Not A;Brand\";v=\"99\", \"Google Chrome\";v=\"104\"","HTTP_SEC_CH_UA_MOBILE":"?0","HTTP_SEC_CH_UA_PLATFORM":"\"macOS\"","HTTP_UPGRADE_INSECURE_REQUESTS":"1","HTTP_USER_AGENT":"Mozilla\/5.0 (Macintosh; Intel Mac OS X 10_15_7) AppleWebKit\/537.36 (KHTML, like Gecko) Chrome\/104.0.0.0 Safari\/537.36","HTTP_ACCEPT":"text\/html,application\/xhtml+xml,application\/xml;q=0.9,image\/avif,image\/webp,image\/apng,*\/*;q=0.8,application\/signed-exchange;v=b3;q=0.9","HTTP_SEC_FETCH_SITE":"same-origin","HTTP_SEC_FETCH_MODE":"navigate","HTTP_SEC_FETCH_USER":"?1","HTTP_SEC_FETCH_DEST":"document","HTTP_REFERER":"http:\/\/localhost\/WC\/trs\/home.php","HTTP_ACCEPT_ENCODING":"gzip, deflate, br","HTTP_ACCEPT_LANGUAGE":"en-US,en;q=0.9","HTTP_COOKIE":"PHPSESSID=c7oo0v2hi5b721h7ate4gm3qdo; _xsrf=2|a816809e|2e0017edb558d6fb3a1fa9e34a948429|1662479955","PATH":"\/usr\/bin:\/bin:\/usr\/sbin:\/sbin","DYLD_LIBRARY_PATH":"\/Applications\/XAMPP\/xamppfiles\/lib","SERVER_SIGNATURE":"","SERVER_SOFTWARE":"Apache\/2.4.51 (Unix) OpenSSL\/1.1.1k PHP\/8.0.12 mod_perl\/2.0.11 Perl\/v5.32.1","SERVER_NAME":"localhost","SERVER_ADDR":"::1","SERVER_PORT":"80","REMOTE_ADDR":"::1","DOCUMENT_ROOT":"\/Applications\/XAMPP\/xamppfiles\/htdocs","REQUEST_SCHEME":"http","CONTEXT_PREFIX":"","CONTEXT_DOCUMENT_ROOT":"\/Applications\/XAMPP\/xamppfiles\/htdocs","SERVER_ADMIN":"you@example.com","SCRIPT_FILENAME":"\/Applications\/XAMPP\/xamppfiles\/htdocs\/WC\/trs\/logout.php","REMOTE_PORT":"57815","GATEWAY_INTERFACE":"CGI\/1.1","SERVER_PROTOCOL":"HTTP\/1.1","REQUEST_METHOD":"GET","QUERY_STRING":"","REQUEST_URI":"\/WC\/trs\/logout.php","SCRIPT_NAME":"\/WC\/trs\/logout.php","PHP_SELF":"\/WC\/trs\/logout.php","REQUEST_TIME_FLOAT":1662711768.3740789890289306640625,"REQUEST_TIME":1662711768}},{"user_id":49,"username":"zaheer","status":"login","time":"2022-09-09 10:22:56","client_details":{"UNIQUE_ID":"Yxr34LeUpU2thOCt0fAGQAAAAAM","HTTP_HOST":"localhost","HTTP_CONNECTION":"keep-alive","CONTENT_LENGTH":"38","HTTP_CACHE_CONTROL":"max-age=0","HTTP_SEC_CH_UA":"\"Chromium\";v=\"104\", \" Not A;Brand\";v=\"99\", \"Google Chrome\";v=\"104\"","HTTP_SEC_CH_UA_MOBILE":"?0","HTTP_SEC_CH_UA_PLATFORM":"\"macOS\"","HTTP_UPGRADE_INSECURE_REQUESTS":"1","HTTP_ORIGIN":"http:\/\/localhost","CONTENT_TYPE":"application\/x-www-form-urlencoded","HTTP_USER_AGENT":"Mozilla\/5.0 (Macintosh; Intel Mac OS X 10_15_7) AppleWebKit\/537.36 (KHTML, like Gecko) Chrome\/104.0.0.0 Safari\/537.36","HTTP_ACCEPT":"text\/html,application\/xhtml+xml,application\/xml;q=0.9,image\/avif,image\/webp,image\/apng,*\/*;q=0.8,application\/signed-exchange;v=b3;q=0.9","HTTP_SEC_FETCH_SITE":"same-origin","HTTP_SEC_FETCH_MODE":"navigate","HTTP_SEC_FETCH_USER":"?1","HTTP_SEC_FETCH_DEST":"document","HTTP_REFERER":"http:\/\/localhost\/WC\/trs\/index.php","HTTP_ACCEPT_ENCODING":"gzip, deflate, br","HTTP_ACCEPT_LANGUAGE":"en-US,en;q=0.9","HTTP_COOKIE":"PHPSESSID=c7oo0v2hi5b721h7ate4gm3qdo; _xsrf=2|a816809e|2e0017edb558d6fb3a1fa9e34a948429|1662479955","PATH":"\/usr\/bin:\/bin:\/usr\/sbin:\/sbin","DYLD_LIBRARY_PATH":"\/Applications\/XAMPP\/xamppfiles\/lib","SERVER_SIGNATURE":"","SERVER_SOFTWARE":"Apache\/2.4.51 (Unix) OpenSSL\/1.1.1k PHP\/8.0.12 mod_perl\/2.0.11 Perl\/v5.32.1","SERVER_NAME":"localhost","SERVER_ADDR":"::1","SERVER_PORT":"80","REMOTE_ADDR":"::1","DOCUMENT_ROOT":"\/Applications\/XAMPP\/xamppfiles\/htdocs","REQUEST_SCHEME":"http","CONTEXT_PREFIX":"","CONTEXT_DOCUMENT_ROOT":"\/Applications\/XAMPP\/xamppfiles\/htdocs","SERVER_ADMIN":"you@example.com","SCRIPT_FILENAME":"\/Applications\/XAMPP\/xamppfiles\/htdocs\/WC\/trs\/index.php","REMOTE_PORT":"57816","GATEWAY_INTERFACE":"CGI\/1.1","SERVER_PROTOCOL":"HTTP\/1.1","REQUEST_METHOD":"POST","QUERY_STRING":"","REQUEST_URI":"\/WC\/trs\/index.php","SCRIPT_NAME":"\/WC\/trs\/index.php","PHP_SELF":"\/WC\/trs\/index.php","REQUEST_TIME_FLOAT":1662711776.6520760059356689453125,"REQUEST_TIME":1662711776}},{"user_id":49,"username":"zaheer","status":"logout","time":"2022-09-09 10:23:36","client_details":{"UNIQUE_ID":"Yxr4CFSMamKkGxfVbQhcswAAAAY","HTTP_HOST":"localhost","HTTP_CONNECTION":"keep-alive","HTTP_SEC_CH_UA":"\"Chromium\";v=\"104\", \" Not A;Brand\";v=\"99\", \"Google Chrome\";v=\"104\"","HTTP_SEC_CH_UA_MOBILE":"?0","HTTP_SEC_CH_UA_PLATFORM":"\"macOS\"","HTTP_UPGRADE_INSECURE_REQUESTS":"1","HTTP_USER_AGENT":"Mozilla\/5.0 (Macintosh; Intel Mac OS X 10_15_7) AppleWebKit\/537.36 (KHTML, like Gecko) Chrome\/104.0.0.0 Safari\/537.36","HTTP_ACCEPT":"text\/html,application\/xhtml+xml,application\/xml;q=0.9,image\/avif,image\/webp,image\/apng,*\/*;q=0.8,application\/signed-exchange;v=b3;q=0.9","HTTP_SEC_FETCH_SITE":"same-origin","HTTP_SEC_FETCH_MODE":"navigate","HTTP_SEC_FETCH_USER":"?1","HTTP_SEC_FETCH_DEST":"document","HTTP_REFERER":"http:\/\/localhost\/WC\/trs\/home.php","HTTP_ACCEPT_ENCODING":"gzip, deflate, br","HTTP_ACCEPT_LANGUAGE":"en-US,en;q=0.9","HTTP_COOKIE":"PHPSESSID=c7oo0v2hi5b721h7ate4gm3qdo; _xsrf=2|a816809e|2e0017edb558d6fb3a1fa9e34a948429|1662479955","PATH":"\/usr\/bin:\/bin:\/usr\/sbin:\/sbin","DYLD_LIBRARY_PATH":"\/Applications\/XAMPP\/xamppfiles\/lib","SERVER_SIGNATURE":"","SERVER_SOFTWARE":"Apache\/2.4.51 (Unix) OpenSSL\/1.1.1k PHP\/8.0.12 mod_perl\/2.0.11 Perl\/v5.32.1","SERVER_NAME":"localhost","SERVER_ADDR":"::1","SERVER_PORT":"80","REMOTE_ADDR":"::1","DOCUMENT_ROOT":"\/Applications\/XAMPP\/xamppfiles\/htdocs","REQUEST_SCHEME":"http","CONTEXT_PREFIX":"","CONTEXT_DOCUMENT_ROOT":"\/Applications\/XAMPP\/xamppfiles\/htdocs","SERVER_ADMIN":"you@example.com","SCRIPT_FILENAME":"\/Applications\/XAMPP\/xamppfiles\/htdocs\/WC\/trs\/logout.php","REMOTE_PORT":"57819","GATEWAY_INTERFACE":"CGI\/1.1","SERVER_PROTOCOL":"HTTP\/1.1","REQUEST_METHOD":"GET","QUERY_STRING":"","REQUEST_URI":"\/WC\/trs\/logout.php","SCRIPT_NAME":"\/WC\/trs\/logout.php","PHP_SELF":"\/WC\/trs\/logout.php","REQUEST_TIME_FLOAT":1662711816.3090579509735107421875,"REQUEST_TIME":1662711816}},{"user_id":34,"username":"rahul","status":"login","time":"2022-09-09 12:40:57","client_details":{"UNIQUE_ID":"YxsYOUPVZH2nXr8w0eefQgAAAAc","HTTP_HOST":"localhost","HTTP_CONNECTION":"keep-alive","CONTENT_LENGTH":"37","HTTP_CACHE_CONTROL":"max-age=0","HTTP_SEC_CH_UA":"\"Chromium\";v=\"104\", \" Not A;Brand\";v=\"99\", \"Google Chrome\";v=\"104\"","HTTP_SEC_CH_UA_MOBILE":"?0","HTTP_SEC_CH_UA_PLATFORM":"\"macOS\"","HTTP_UPGRADE_INSECURE_REQUESTS":"1","HTTP_ORIGIN":"http:\/\/localhost","CONTENT_TYPE":"application\/x-www-form-urlencoded","HTTP_USER_AGENT":"Mozilla\/5.0 (Macintosh; Intel Mac OS X 10_15_7) AppleWebKit\/537.36 (KHTML, like Gecko) Chrome\/104.0.0.0 Safari\/537.36","HTTP_ACCEPT":"text\/html,application\/xhtml+xml,application\/xml;q=0.9,image\/avif,image\/webp,image\/apng,*\/*;q=0.8,application\/signed-exchange;v=b3;q=0.9","HTTP_SEC_FETCH_SITE":"same-origin","HTTP_SEC_FETCH_MODE":"navigate","HTTP_SEC_FETCH_USER":"?1","HTTP_SEC_FETCH_DEST":"document","HTTP_REFERER":"http:\/\/localhost\/WC\/trs\/","HTTP_ACCEPT_ENCODING":"gzip, deflate, br","HTTP_ACCEPT_LANGUAGE":"en-US,en;q=0.9","HTTP_COOKIE":"PHPSESSID=8rs7t4mqijqfvofuht7nlip5dj","PATH":"\/usr\/bin:\/bin:\/usr\/sbin:\/sbin","DYLD_LIBRARY_PATH":"\/Applications\/XAMPP\/xamppfiles\/lib","SERVER_SIGNATURE":"","SERVER_SOFTWARE":"Apache\/2.4.51 (Unix) OpenSSL\/1.1.1k PHP\/8.0.12 mod_perl\/2.0.11 Perl\/v5.32.1","SERVER_NAME":"localhost","SERVER_ADDR":"::1","SERVER_PORT":"80","REMOTE_ADDR":"::1","DOCUMENT_ROOT":"\/Applications\/XAMPP\/xamppfiles\/htdocs","REQUEST_SCHEME":"http","CONTEXT_PREFIX":"","CONTEXT_DOCUMENT_ROOT":"\/Applications\/XAMPP\/xamppfiles\/htdocs","SERVER_ADMIN":"you@example.com","SCRIPT_FILENAME":"\/Applications\/XAMPP\/xamppfiles\/htdocs\/WC\/trs\/index.php","REMOTE_PORT":"58113","GATEWAY_INTERFACE":"CGI\/1.1","SERVER_PROTOCOL":"HTTP\/1.1","REQUEST_METHOD":"POST","QUERY_STRING":"","REQUEST_URI":"\/WC\/trs\/index.php","SCRIPT_NAME":"\/WC\/trs\/index.php","PHP_SELF":"\/WC\/trs\/index.php","REQUEST_TIME_FLOAT":1662720057.894730091094970703125,"REQUEST_TIME":1662720057}},{"user_id":34,"username":"rahul","status":"logout","time":"2022-09-09 12:41:01","client_details":{"UNIQUE_ID":"YxsYPUPVZH2nXr8w0eefRAAAAAc","HTTP_HOST":"localhost","HTTP_CONNECTION":"keep-alive","HTTP_SEC_CH_UA":"\"Chromium\";v=\"104\", \" Not A;Brand\";v=\"99\", \"Google Chrome\";v=\"104\"","HTTP_SEC_CH_UA_MOBILE":"?0","HTTP_SEC_CH_UA_PLATFORM":"\"macOS\"","HTTP_UPGRADE_INSECURE_REQUESTS":"1","HTTP_USER_AGENT":"Mozilla\/5.0 (Macintosh; Intel Mac OS X 10_15_7) AppleWebKit\/537.36 (KHTML, like Gecko) Chrome\/104.0.0.0 Safari\/537.36","HTTP_ACCEPT":"text\/html,application\/xhtml+xml,application\/xml;q=0.9,image\/avif,image\/webp,image\/apng,*\/*;q=0.8,application\/signed-exchange;v=b3;q=0.9","HTTP_SEC_FETCH_SITE":"same-origin","HTTP_SEC_FETCH_MODE":"navigate","HTTP_SEC_FETCH_USER":"?1","HTTP_SEC_FETCH_DEST":"document","HTTP_REFERER":"http:\/\/localhost\/WC\/trs\/home.php","HTTP_ACCEPT_ENCODING":"gzip, deflate, br","HTTP_ACCEPT_LANGUAGE":"en-US,en;q=0.9","HTTP_COOKIE":"PHPSESSID=8rs7t4mqijqfvofuht7nlip5dj","PATH":"\/usr\/bin:\/bin:\/usr\/sbin:\/sbin","DYLD_LIBRARY_PATH":"\/Applications\/XAMPP\/xamppfiles\/lib","SERVER_SIGNATURE":"","SERVER_SOFTWARE":"Apache\/2.4.51 (Unix) OpenSSL\/1.1.1k PHP\/8.0.12 mod_perl\/2.0.11 Perl\/v5.32.1","SERVER_NAME":"localhost","SERVER_ADDR":"::1","SERVER_PORT":"80","REMOTE_ADDR":"::1","DOCUMENT_ROOT":"\/Applications\/XAMPP\/xamppfiles\/htdocs","REQUEST_SCHEME":"http","CONTEXT_PREFIX":"","CONTEXT_DOCUMENT_ROOT":"\/Applications\/XAMPP\/xamppfiles\/htdocs","SERVER_ADMIN":"you@example.com","SCRIPT_FILENAME":"\/Applications\/XAMPP\/xamppfiles\/htdocs\/WC\/trs\/logout.php","REMOTE_PORT":"58113","GATEWAY_INTERFACE":"CGI\/1.1","SERVER_PROTOCOL":"HTTP\/1.1","REQUEST_METHOD":"GET","QUERY_STRING":"","REQUEST_URI":"\/WC\/trs\/logout.php","SCRIPT_NAME":"\/WC\/trs\/logout.php","PHP_SELF":"\/WC\/trs\/logout.php","REQUEST_TIME_FLOAT":1662720061.4960401058197021484375,"REQUEST_TIME":1662720061}},{"user_id":34,"username":"rahul","status":"login","time":"2022-09-09 12:41:20","client_details":{"UNIQUE_ID":"YxsYUCigce80rM46zUd_iQAAAAE","HTTP_HOST":"localhost","HTTP_CONNECTION":"keep-alive","CONTENT_LENGTH":"37","HTTP_CACHE_CONTROL":"max-age=0","HTTP_SEC_CH_UA":"\"Chromium\";v=\"104\", \" Not A;Brand\";v=\"99\", \"Google Chrome\";v=\"104\"","HTTP_SEC_CH_UA_MOBILE":"?0","HTTP_SEC_CH_UA_PLATFORM":"\"macOS\"","HTTP_UPGRADE_INSECURE_REQUESTS":"1","HTTP_ORIGIN":"http:\/\/localhost","CONTENT_TYPE":"application\/x-www-form-urlencoded","HTTP_USER_AGENT":"Mozilla\/5.0 (Macintosh; Intel Mac OS X 10_15_7) AppleWebKit\/537.36 (KHTML, like Gecko) Chrome\/104.0.0.0 Safari\/537.36","HTTP_ACCEPT":"text\/html,application\/xhtml+xml,application\/xml;q=0.9,image\/avif,image\/webp,image\/apng,*\/*;q=0.8,application\/signed-exchange;v=b3;q=0.9","HTTP_SEC_FETCH_SITE":"same-origin","HTTP_SEC_FETCH_MODE":"navigate","HTTP_SEC_FETCH_USER":"?1","HTTP_SEC_FETCH_DEST":"document","HTTP_REFERER":"http:\/\/localhost\/WC\/trs\/index.php","HTTP_ACCEPT_ENCODING":"gzip, deflate, br","HTTP_ACCEPT_LANGUAGE":"en-US,en;q=0.9","HTTP_COOKIE":"PHPSESSID=8rs7t4mqijqfvofuht7nlip5dj","PATH":"\/usr\/bin:\/bin:\/usr\/sbin:\/sbin","DYLD_LIBRARY_PATH":"\/Applications\/XAMPP\/xamppfiles\/lib","SERVER_SIGNATURE":"","SERVER_SOFTWARE":"Apache\/2.4.51 (Unix) OpenSSL\/1.1.1k PHP\/8.0.12 mod_perl\/2.0.11 Perl\/v5.32.1","SERVER_NAME":"localhost","SERVER_ADDR":"::1","SERVER_PORT":"80","REMOTE_ADDR":"::1","DOCUMENT_ROOT":"\/Applications\/XAMPP\/xamppfiles\/htdocs","REQUEST_SCHEME":"http","CONTEXT_PREFIX":"","CONTEXT_DOCUMENT_ROOT":"\/Applications\/XAMPP\/xamppfiles\/htdocs","SERVER_ADMIN":"you@example.com","SCRIPT_FILENAME":"\/Applications\/XAMPP\/xamppfiles\/htdocs\/WC\/trs\/index.php","REMOTE_PORT":"58116","GATEWAY_INTERFACE":"CGI\/1.1","SERVER_PROTOCOL":"HTTP\/1.1","REQUEST_METHOD":"POST","QUERY_STRING":"","REQUEST_URI":"\/WC\/trs\/index.php","SCRIPT_NAME":"\/WC\/trs\/index.php","PHP_SELF":"\/WC\/trs\/index.php","REQUEST_TIME_FLOAT":1662720080.5435760021209716796875,"REQUEST_TIME":1662720080}},{"user_id":34,"username":"rahul","status":"logout","time":"2022-09-10 08:23:48","client_details":{"UNIQUE_ID":"YxwtdEPVZH2nXr8w0eefSQAAAAc","HTTP_HOST":"localhost","HTTP_CONNECTION":"keep-alive","HTTP_SEC_CH_UA":"\"Chromium\";v=\"104\", \" Not A;Brand\";v=\"99\", \"Google Chrome\";v=\"104\"","HTTP_SEC_CH_UA_MOBILE":"?0","HTTP_SEC_CH_UA_PLATFORM":"\"macOS\"","HTTP_UPGRADE_INSECURE_REQUESTS":"1","HTTP_USER_AGENT":"Mozilla\/5.0 (Macintosh; Intel Mac OS X 10_15_7) AppleWebKit\/537.36 (KHTML, like Gecko) Chrome\/104.0.0.0 Safari\/537.36","HTTP_ACCEPT":"text\/html,application\/xhtml+xml,application\/xml;q=0.9,image\/avif,image\/webp,image\/apng,*\/*;q=0.8,application\/signed-exchange;v=b3;q=0.9","HTTP_SEC_FETCH_SITE":"same-origin","HTTP_SEC_FETCH_MODE":"navigate","HTTP_SEC_FETCH_USER":"?1","HTTP_SEC_FETCH_DEST":"document","HTTP_REFERER":"http:\/\/localhost\/WC\/trs\/home.php","HTTP_ACCEPT_ENCODING":"gzip, deflate, br","HTTP_ACCEPT_LANGUAGE":"en-US,en;q=0.9","HTTP_COOKIE":"PHPSESSID=8rs7t4mqijqfvofuht7nlip5dj","PATH":"\/usr\/bin:\/bin:\/usr\/sbin:\/sbin","DYLD_LIBRARY_PATH":"\/Applications\/XAMPP\/xamppfiles\/lib","SERVER_SIGNATURE":"","SERVER_SOFTWARE":"Apache\/2.4.51 (Unix) OpenSSL\/1.1.1k PHP\/8.0.12 mod_perl\/2.0.11 Perl\/v5.32.1","SERVER_NAME":"localhost","SERVER_ADDR":"::1","SERVER_PORT":"80","REMOTE_ADDR":"::1","DOCUMENT_ROOT":"\/Applications\/XAMPP\/xamppfiles\/htdocs","REQUEST_SCHEME":"http","CONTEXT_PREFIX":"","CONTEXT_DOCUMENT_ROOT":"\/Applications\/XAMPP\/xamppfiles\/htdocs","SERVER_ADMIN":"you@example.com","SCRIPT_FILENAME":"\/Applications\/XAMPP\/xamppfiles\/htdocs\/WC\/trs\/logout.php","REMOTE_PORT":"60907","GATEWAY_INTERFACE":"CGI\/1.1","SERVER_PROTOCOL":"HTTP\/1.1","REQUEST_METHOD":"GET","QUERY_STRING":"","REQUEST_URI":"\/WC\/trs\/logout.php","SCRIPT_NAME":"\/WC\/trs\/logout.php","PHP_SELF":"\/WC\/trs\/logout.php","REQUEST_TIME_FLOAT":1662791028.0434949398040771484375,"REQUEST_TIME":1662791028}}]