[
  {
    "id": 1,
    "username": "abdulrahimm",
    "password": "123456",
    "doc_name": "doc1.json"
  },
  {
    "id": 2,
    "username": "abdullatif",
    "password": "123456",
    "doc_name": "doc2.json"
  },
  {
    "id": 3,
    "username": "aishwarya",
    "password": "123456",
    "doc_name": "doc3.json"
  },
  {
    "id": 4,
    "username": "alfiyaph",
    "password": "123456",
    "doc_name": "doc4.json"
  },
  {
    "id": 5,
    "username": "amarclindan",
    "password": "123456",
    "doc_name": "doc5.json"
  },
  {
    "id": 6,
    "username": "amitrahul",
    "password": "123456",
    "doc_name": "doc6.json"
  },
  {
    "id": 7,
    "username": "anand",
    "password": "123456",
    "doc_name": "doc7.json"
  },
  {
    "id": 8,
    "username": "bhagwati",
    "password": "123456",
    "doc_name": "doc8.json"
  },
  {
    "id": 9,
    "username": "bibianasnalsangma",
    "password": "123456",
    "doc_name": "doc9.json"
  },
  {
    "id": 10,
    "username": "chethangowdru",
    "password": "123456",
    "doc_name": "doc10.json"
  },
  {
    "id": 11,
    "username": "dileep",
    "password": "123456",
    "doc_name": "doc11.json"
  },
  {
    "id": 12,
    "username": "faiz",
    "password": "123456",
    "doc_name": "doc12.json"
  },
  {
    "id": 13,
    "username": "fhilency",
    "password": "123456",
    "doc_name": "doc13.json"
  },
  {
    "id": 14,
    "username": "gaganad",
    "password": "123456",
    "doc_name": "doc14.json"
  },
  {
    "id": 15,
    "username": "imranmohammedshaheed",
    "password": "123456",
    "doc_name": "doc15.json"
  },
  {
    "id": 16,
    "username": "imransak",
    "password": "123456",
    "doc_name": "doc16.json"
  },
  {
    "id": 17,
    "username": "jadeshbv",
    "password": "123456",
    "doc_name": "doc17.json"
  },
  {
    "id": 18,
    "username": "jaineshpoojari",
    "password": "123456",
    "doc_name": "doc18.json"
  },
  {
    "id": 19,
    "username": "maheshkomire",
    "password": "123456",
    "doc_name": "doc19.json"
  },
  {
    "id": 20,
    "username": "mehabubsabnoolvi",
    "password": "123456",
    "doc_name": "doc20.json"
  },
  {
    "id": 21,
    "username": "mohammedali",
    "password": "123456",
    "doc_name": "doc21.json"
  },
  {
    "id": 22,
    "username": "mohammedarfath",
    "password": "123456",
    "doc_name": "doc22.json"
  },
  {
    "id": 23,
    "username": "mohammedfahadali",
    "password": "123456",
    "doc_name": "doc23.json"
  },
  {
    "id": 24,
    "username": "mohammedimran",
    "password": "123456",
    "doc_name": "doc24.json"
  },
  {
    "id": 25,
    "username": "mohammedirfan",
    "password": "123456",
    "doc_name": "doc25.json"
  },
  {
    "id": 26,
    "username": "muhammednihal",
    "password": "123456",
    "doc_name": "doc26.json"
  },
  {
    "id": 27,
    "username": "muhammedzaid",
    "password": "123456",
    "doc_name": "doc27.json"
  },
  {
    "id": 28,
    "username": "nayaz",
    "password": "123456",
    "doc_name": "doc28.json"
  },
  {
    "id": 29,
    "username": "nithin",
    "password": "123456",
    "doc_name": "doc29.json"
  },
  {
    "id": 30,
    "username": "nowfel",
    "password": "123456",
    "doc_name": "doc30.json"
  },
  {
    "id": 31,
    "username": "pooja",
    "password": "123456",
    "doc_name": "doc31.json"
  },
  {
    "id": 32,
    "username": "prashanth",
    "password": "123456",
    "doc_name": "doc32.json"
  },
  {
    "id": 33,
    "username": "prashanths",
    "password": "123456",
    "doc_name": "doc33.json"
  },
  {
    "id": 34,
    "username": "rahul",
    "password": "123456",
    "doc_name": "doc34.json"
  },
  {
    "id": 35,
    "username": "samshudeenme",
    "password": "123456",
    "doc_name": "doc35.json"
  },
  {
    "id": 36,
    "username": "shrinathkamble",
    "password": "123456",
    "doc_name": "doc36.json"
  },
  {
    "id": 37,
    "username": "soniya",
    "password": "123456",
    "doc_name": "doc37.json"
  },
  {
    "id": 38,
    "username": "sreejith",
    "password": "123456",
    "doc_name": "doc38.json"
  },
  {
    "id": 39,
    "username": "sudhakar",
    "password": "123456",
    "doc_name": "doc39.json"
  },
  {
    "id": 40,
    "username": "sunildm",
    "password": "123456",
    "doc_name": "doc40.json"
  },
  {
    "id": 41,
    "username": "syedmohammedfarhan",
    "password": "123456",
    "doc_name": "doc41.json"
  },
  {
    "id": 42,
    "username": "syfuddin",
    "password": "123456",
    "doc_name": "doc42.json"
  },
  {
    "id": 43,
    "username": "usha",
    "password": "123456",
    "doc_name": "doc43.json"
  },
  {
    "id": 44,
    "username": "veekshithapoojary",
    "password": "123456",
    "doc_name": "doc44.json"
  },
  {
    "id": 45,
    "username": "vinaydk",
    "password": "123456",
    "doc_name": "doc45.json"
  },
  {
    "id": 46,
    "username": "vineethd",
    "password": "123456",
    "doc_name": "doc46.json"
  },
  {
    "id": 47,
    "username": "yashika",
    "password": "123456",
    "doc_name": "doc47.json"
  },
  {
    "id": 48,
    "username": "yogeshs",
    "password": "123456",
    "doc_name": "doc48.json"
  },
  {
    "id": 49,
    "username": "zaheer",
    "password": "123456",
    "doc_name": "doc49.json"
  },
  {
    "id": 50,
    "username": "drakshayani",
    "password": "bghat7cjv0",
    "doc_name": "doc50.json"
  },
  {
    "id": 51,
    "username": "gokul",
    "password": "tq7013npyf",
    "doc_name": "doc51.json"
  },
  {
    "id": 52,
    "username": "ruksana",
    "password": "bidqy4es18",
    "doc_name": "doc52.json"
  },
  {
    "id": 53,
    "username": "mohammedshafi",
    "password": "o7rmuxc3aj",
    "doc_name": "doc53.json"
  },
  {
    "id": 54,
    "username": "suganya",
    "password": "6j15hu9slr",
    "doc_name": "doc54.json"
  }
]
